"File","Line","Category","Match","Sample"
"knexwriter\src\modules\Knexread\native-pdf-reader\api\index.ts","1","SERVER","controller","export * from ""./pdf-reader.controller"";"
"knexwriter\src\modules\Knexread\native-pdf-reader\api\index.ts","3","SERVER","service","export * from ""./pdf-reader.service"";"
"knexwriter\src\modules\Knexread\native-pdf-reader\api\pdf-reader.controller.ts","8","BACKEND","Runtime","PdfTranslationRuntime,"
"knexwriter\src\modules\Knexread\native-pdf-reader\api\pdf-reader.controller.ts","12","SERVER","service","import { pdfReaderService } from ""./pdf-reader.service"";"
"knexwriter\src\modules\Knexread\native-pdf-reader\api\pdf-reader.controller.ts","12","SERVER","Service","import { pdfReaderService } from ""./pdf-reader.service"";"
"knexwriter\src\modules\Knexread\native-pdf-reader\api\pdf-reader.controller.ts","14","SERVER","Controller","export const pdfReaderController = {"
"knexwriter\src\modules\Knexread\native-pdf-reader\api\pdf-reader.controller.ts","16","SERVER","Service","return pdfReaderService.getPdfFile(fileId);"
"knexwriter\src\modules\Knexread\native-pdf-reader\api\pdf-reader.controller.ts","20","SERVER","Service","return pdfReaderService.listProjectFiles(projectId);"
"knexwriter\src\modules\Knexread\native-pdf-reader\api\pdf-reader.controller.ts","24","SERVER","Service","return pdfReaderService.resolveStoredFile(pdfFileId);"
"knexwriter\src\modules\Knexread\native-pdf-reader\api\pdf-reader.controller.ts","28","SERVER","Service","return pdfReaderService.open(input);"
"knexwriter\src\modules\Knexread\native-pdf-reader\api\pdf-reader.controller.ts","32","SERVER","Service","return pdfReaderService.getSession(pdfFileId);"
"knexwriter\src\modules\Knexread\native-pdf-reader\api\pdf-reader.controller.ts","39","SERVER","Service","return pdfReaderService.updateSession(pdfFileId, patch);"
"knexwriter\src\modules\Knexread\native-pdf-reader\api\pdf-reader.controller.ts","43","SERVER","Service","return pdfReaderService.getHighlights(pdfFileId);"
"knexwriter\src\modules\Knexread\native-pdf-reader\api\pdf-reader.controller.ts","109","BACKEND","Runtime","runtime?: PdfTranslationRuntime;"
"knexwriter\src\modules\Knexread\native-pdf-reader\api\pdf-reader.controller.ts","109","BACKEND","runtime","runtime?: PdfTranslationRuntime;"
"knexwriter\src\modules\Knexread\native-pdf-reader\api\pdf-reader.controller.ts","121","BACKEND","runtime","runtime?: PdfTranslationRuntime;"
"knexwriter\src\modules\Knexread\native-pdf-reader\api\pdf-reader.controller.ts","121","BACKEND","Runtime","runtime?: PdfTranslationRuntime;"
"knexwriter\src\modules\Knexread\native-pdf-reader\api\pdf-reader.routes.ts","2","SERVER","api/","getFile: (fileId: string) => `/api/pdf-reader/files/${fileId}`,"
"knexwriter\src\modules\Knexread\native-pdf-reader\api\pdf-reader.routes.ts","3","SERVER","api/","open: ""/api/pdf-reader/open"","
"knexwriter\src\modules\Knexread\native-pdf-reader\api\pdf-reader.routes.ts","4","SERVER","api/","getSession: (pdfFileId: string) => `/api/pdf-reader/${pdfFileId}/session`,"
"knexwriter\src\modules\Knexread\native-pdf-reader\api\pdf-reader.routes.ts","5","SERVER","api/","updateSession: (pdfFileId: string) => `/api/pdf-reader/${pdfFileId}/session`,"
"knexwriter\src\modules\Knexread\native-pdf-reader\api\pdf-reader.routes.ts","6","SERVER","api/","listHighlights: (pdfFileId: string) => `/api/pdf-reader/${pdfFileId}/highlights`,"
"knexwriter\src\modules\Knexread\native-pdf-reader\api\pdf-reader.routes.ts","7","SERVER","api/","createHighlights: (pdfFileId: string) => `/api/pdf-reader/${pdfFileId}/highlights`,"
"knexwriter\src\modules\Knexread\native-pdf-reader\api\pdf-reader.routes.ts","9","SERVER","api/","`/api/pdf-reader/highlights/${highlightId}`,"
"knexwriter\src\modules\Knexread\native-pdf-reader\api\pdf-reader.routes.ts","11","SERVER","api/","`/api/pdf-reader/highlights/${highlightId}`,"
"knexwriter\src\modules\Knexread\native-pdf-reader\api\pdf-reader.routes.ts","13","SERVER","api/","`/api/pdf-reader/${pdfFileId}/annotations`,"
"knexwriter\src\modules\Knexread\native-pdf-reader\api\pdf-reader.routes.ts","15","SERVER","api/","`/api/pdf-reader/${pdfFileId}/annotations`,"
"knexwriter\src\modules\Knexread\native-pdf-reader\api\pdf-reader.service.ts","11","BACKEND","Runtime","PdfTranslationRuntime,"
"knexwriter\src\modules\Knexread\native-pdf-reader\api\pdf-reader.service.ts","36","SERVER","service","} from ""../services"";"
"knexwriter\src\modules\Knexread\native-pdf-reader\api\pdf-reader.service.ts","40","SERVER","service","} from ""../services"";"
"knexwriter\src\modules\Knexread\native-pdf-reader\api\pdf-reader.service.ts","49","SERVER","Service","export class PdfReaderService {"
"knexwriter\src\modules\Knexread\native-pdf-reader\api\pdf-reader.service.ts","224","BACKEND","Runtime","runtime?: PdfTranslationRuntime;"
"knexwriter\src\modules\Knexread\native-pdf-reader\api\pdf-reader.service.ts","224","BACKEND","runtime","runtime?: PdfTranslationRuntime;"
"knexwriter\src\modules\Knexread\native-pdf-reader\api\pdf-reader.service.ts","236","BACKEND","runtime","runtime?: PdfTranslationRuntime;"
"knexwriter\src\modules\Knexread\native-pdf-reader\api\pdf-reader.service.ts","236","BACKEND","Runtime","runtime?: PdfTranslationRuntime;"
"knexwriter\src\modules\Knexread\native-pdf-reader\api\pdf-reader.service.ts","261","SERVER","Service","export const pdfReaderService = new PdfReaderService();"
"knexwriter\src\modules\Knexread\native-pdf-reader\api\pdf-reader.service.ts","261","SERVER","Service","export const pdfReaderService = new PdfReaderService();"
"knexwriter\src\modules\Knexread\native-pdf-reader\components\index.ts","8","TEXT","TextLayer","export * from ""./PdfInvisibleTextLayer"";"
"knexwriter\src\modules\Knexread\native-pdf-reader\components\index.ts","15","TEXT","PdfTextLayer","export * from ""./PdfTextLayer"";"
"knexwriter\src\modules\Knexread\native-pdf-reader\components\index.ts","19","SERVER","pdf-tiles/PdfTile","export * from ""./pdf-tiles/PdfTileCanvasTypes"";"
"knexwriter\src\modules\Knexread\native-pdf-reader\components\index.ts","20","SERVER","pdf-tiles/PdfTile","export * from ""./pdf-tiles/PdfTiledPageCanvas"";"
"knexwriter\src\modules\Knexread\native-pdf-reader\components\PdfAnnotationLayer.tsx","3","BACKEND","engine","import type { KnexPdfPageLinkAnnotation as PdfPageLinkAnnotation } from ""../knex-pdf-engine"";"
"knexwriter\src\modules\Knexread\native-pdf-reader\components\PdfCommentPopover.tsx","30","TILES","gap","<div className=""mt-2 flex justify-end gap-2"">"
"knexwriter\src\modules\Knexread\native-pdf-reader\components\PdfDebugOverlay.tsx","4","SERVER","PdfTile","buildKnexPdfTileRenderPlan,"
"knexwriter\src\modules\Knexread\native-pdf-reader\components\PdfDebugOverlay.tsx","6","BACKEND","engine","} from ""../knex-pdf-engine"";"
"knexwriter\src\modules\Knexread\native-pdf-reader\components\PdfDebugOverlay.tsx","7","SERVER","PdfTileRenderState } from ""./pdf-tiles/PdfTile","import type { PdfTileRenderState } from ""./pdf-tiles/PdfTileCanvasTypes"";"
"knexwriter\src\modules\Knexread\native-pdf-reader\components\PdfDebugOverlay.tsx","37","SERVER","PdfTile","canvasState: PdfTileRenderState | null;"
"knexwriter\src\modules\Knexread\native-pdf-reader\components\PdfDebugOverlay.tsx","47","SCALE","outputScale","const outputScale ="
"knexwriter\src\modules\Knexread\native-pdf-reader\components\PdfDebugOverlay.tsx","48","SCALE","outputScale","geometry?.outputScale ?? canvasState?.outputScale ?? renderedPage?.outputScale;"
"knexwriter\src\modules\Knexread\native-pdf-reader\components\PdfDebugOverlay.tsx","48","SCALE","outputScale","geometry?.outputScale ?? canvasState?.outputScale ?? renderedPage?.outputScale;"
"knexwriter\src\modules\Knexread\native-pdf-reader\components\PdfDebugOverlay.tsx","48","SCALE","outputScale","geometry?.outputScale ?? canvasState?.outputScale ?? renderedPage?.outputScale;"
"knexwriter\src\modules\Knexread\native-pdf-reader\components\PdfDebugOverlay.tsx","50","SCALE","devicePixelRatio","const dpr = geometry?.devicePixelRatio ?? renderedPage?.devicePixelRatio;"
"knexwriter\src\modules\Knexread\native-pdf-reader\components\PdfDebugOverlay.tsx","50","SCALE","devicePixelRatio","const dpr = geometry?.devicePixelRatio ?? renderedPage?.devicePixelRatio;"
"knexwriter\src\modules\Knexread\native-pdf-reader\components\PdfDebugOverlay.tsx","52","SERVER","PdfTile","? buildKnexPdfTileRenderPlan({ geometry })"
"knexwriter\src\modules\Knexread\native-pdf-reader\components\PdfDebugOverlay.tsx","61","BACKEND","backend","<div>backend {canvasState?.backend ?? ""-""}</div>"
"knexwriter\src\modules\Knexread\native-pdf-reader\components\PdfDebugOverlay.tsx","61","BACKEND","backend","<div>backend {canvasState?.backend ?? ""-""}</div>"
"knexwriter\src\modules\Knexread\native-pdf-reader\components\PdfDebugOverlay.tsx","69","SCALE","outputScale","<div>output {formatNumber(outputScale, 3)}</div>"
"knexwriter\src\modules\Knexread\native-pdf-reader\components\PdfDebugOverlay.tsx","70","LIFECYCLE","cache","<div>cache {canvasState?.cacheLookup ?? ""-""}</div>"
"knexwriter\src\modules\Knexread\native-pdf-reader\components\PdfDebugOverlay.tsx","70","LIFECYCLE","cache","<div>cache {canvasState?.cacheLookup ?? ""-""}</div>"
"knexwriter\src\modules\Knexread\native-pdf-reader\components\PdfDebugOverlay.tsx","71","LIFECYCLE","cache","<div>cache bytes {formatBytes(canvasState?.cacheBytes)}</div>"
"knexwriter\src\modules\Knexread\native-pdf-reader\components\PdfDebugOverlay.tsx","71","LIFECYCLE","cache","<div>cache bytes {formatBytes(canvasState?.cacheBytes)}</div>"
"knexwriter\src\modules\Knexread\native-pdf-reader\components\PdfHighlightPopover.tsx","29","TILES","gap","<div className=""flex flex-wrap gap-1"">"
"knexwriter\src\modules\Knexread\native-pdf-reader\components\PdfHomePage.tsx","169","TILES","gap","<div className=""mb-2 flex items-center gap-2"">"
"knexwriter\src\modules\Knexread\native-pdf-reader\components\PdfHomePage.tsx","210","TILES","gap","className=""grid w-full grid-cols-[minmax(0,1fr)_280px] grid-rows-[20px_16px] items-start gap-x-4 gap-y-0 border-b border-zinc-100 px-4 py-2 text-left text-sm transition hover:bg-zinc-50"""
"knexwriter\src\modules\Knexread\native-pdf-reader\components\PdfHomePage.tsx","210","TILES","gap","className=""grid w-full grid-cols-[minmax(0,1fr)_280px] grid-rows-[20px_16px] items-start gap-x-4 gap-y-0 border-b border-zinc-100 px-4 py-2 text-left text-sm transition hover:bg-zinc-50"""
"knexwriter\src\modules\Knexread\native-pdf-reader\components\PdfInteractionRenderGuard.ts","51","LIFECYCLE","Map<","const idleListeners = new Map<"
"knexwriter\src\modules\Knexread\native-pdf-reader\components\PdfInvisibleTextLayer.tsx","3","BACKEND","engine","import type { KnexPdfTextBlock as PdfTextBlock } from ""../knex-pdf-engine"";"
"knexwriter\src\modules\Knexread\native-pdf-reader\components\PdfInvisibleTextLayer.tsx","4","TEXT","PdfTextLayer","import { PdfTextLayer } from ""./PdfTextLayer"";"
"knexwriter\src\modules\Knexread\native-pdf-reader\components\PdfInvisibleTextLayer.tsx","4","TEXT","PdfTextLayer","import { PdfTextLayer } from ""./PdfTextLayer"";"
"knexwriter\src\modules\Knexread\native-pdf-reader\components\PdfInvisibleTextLayer.tsx","6","TEXT","TextLayer","export function PdfInvisibleTextLayer({"
"knexwriter\src\modules\Knexread\native-pdf-reader\components\PdfInvisibleTextLayer.tsx","39","TEXT","PdfTextLayer","<PdfTextLayer"
"knexwriter\src\modules\Knexread\native-pdf-reader\components\PdfPageView.tsx","10","SERVER","service","import type { NativePdfSession } from ""../services"";"
"knexwriter\src\modules\Knexread\native-pdf-reader\components\PdfPageView.tsx","13","BACKEND","Backend","extractKnexPdfPageLinksWithBackend,"
"knexwriter\src\modules\Knexread\native-pdf-reader\components\PdfPageView.tsx","15","BACKEND","Backend","extractKnexPdfTextBlocksWithBackend,"
"knexwriter\src\modules\Knexread\native-pdf-reader\components\PdfPageView.tsx","16","BACKEND","Backend","getKnexPdfDocumentHandleWithBackend,"
"knexwriter\src\modules\Knexread\native-pdf-reader\components\PdfPageView.tsx","22","BACKEND","PdfEngine","useKnexPdfEngine,"
"knexwriter\src\modules\Knexread\native-pdf-reader\components\PdfPageView.tsx","23","BACKEND","PdfEngine","useKnexPdfEngineState,"
"knexwriter\src\modules\Knexread\native-pdf-reader\components\PdfPageView.tsx","24","BACKEND","engine","} from ""../knex-pdf-engine"";"
"knexwriter\src\modules\Knexread\native-pdf-reader\components\PdfPageView.tsx","28","TEXT","TextLayer","import { PdfInvisibleTextLayer } from ""./PdfInvisibleTextLayer"";"
"knexwriter\src\modules\Knexread\native-pdf-reader\components\PdfPageView.tsx","28","TEXT","TextLayer","import { PdfInvisibleTextLayer } from ""./PdfInvisibleTextLayer"";"
"knexwriter\src\modules\Knexread\native-pdf-reader\components\PdfPageView.tsx","29","SERVER","PdfTileRenderState } from ""./pdf-tiles/PdfTile","import { type PdfTileRenderState } from ""./pdf-tiles/PdfTileCanvasTypes"";"
"knexwriter\src\modules\Knexread\native-pdf-reader\components\PdfPageView.tsx","30","SERVER","PdfTiledPageCanvas } from ""./pdf-tiles/PdfTile","import { PdfTiledPageCanvas } from ""./pdf-tiles/PdfTiledPageCanvas"";"
"knexwriter\src\modules\Knexread\native-pdf-reader\components\PdfPageView.tsx","39","BACKEND","FALLBACK","const FALLBACK_PAGE_WIDTH_PT = 612;"
"knexwriter\src\modules\Knexread\native-pdf-reader\components\PdfPageView.tsx","40","BACKEND","FALLBACK","const FALLBACK_PAGE_HEIGHT_PT = 792;"
"knexwriter\src\modules\Knexread\native-pdf-reader\components\PdfPageView.tsx","59","BACKEND","fallback","fallback = 0,"
"knexwriter\src\modules\Knexread\native-pdf-reader\components\PdfPageView.tsx","63","BACKEND","fallback",": fallback;"
"knexwriter\src\modules\Knexread\native-pdf-reader\components\PdfPageView.tsx","85","LIFECYCLE","Cache","const pdfPageBaseSizeCache = new WeakMap<"
"knexwriter\src\modules\Knexread\native-pdf-reader\components\PdfPageView.tsx","85","LIFECYCLE","WeakMap","const pdfPageBaseSizeCache = new WeakMap<"
"knexwriter\src\modules\Knexread\native-pdf-reader\components\PdfPageView.tsx","87","LIFECYCLE","Map<","Map<number, PdfPageBaseSize>"
"knexwriter\src\modules\Knexread\native-pdf-reader\components\PdfPageView.tsx","101","LIFECYCLE","Cache","function readCachedPageBaseSize("
"knexwriter\src\modules\Knexread\native-pdf-reader\components\PdfPageView.tsx","105","LIFECYCLE","Cache","return pdfPageBaseSizeCache.get(session)?.get(pageNumber) ?? null;"
"knexwriter\src\modules\Knexread\native-pdf-reader\components\PdfPageView.tsx","108","LIFECYCLE","Cache","function writeCachedPageBaseSize(input: {"
"knexwriter\src\modules\Knexread\native-pdf-reader\components\PdfPageView.tsx","114","LIFECYCLE","Map<","pdfPageBaseSizeCache.get(input.session) ?? new Map<number, PdfPageBaseSize>();"
"knexwriter\src\modules\Knexread\native-pdf-reader\components\PdfPageView.tsx","114","LIFECYCLE","Cache","pdfPageBaseSizeCache.get(input.session) ?? new Map<number, PdfPageBaseSize>();"
"knexwriter\src\modules\Knexread\native-pdf-reader\components\PdfPageView.tsx","117","LIFECYCLE","Cache","pdfPageBaseSizeCache.set(input.session, current);"
"knexwriter\src\modules\Knexread\native-pdf-reader\components\PdfPageView.tsx","132","RENDER","Page.render","const renderScale = Math.max(0.01, safeNumber(renderedPage.renderScale, 1));"
"knexwriter\src\modules\Knexread\native-pdf-reader\components\PdfPageView.tsx","197","LIFECYCLE","CACHE","getGlobalBoolean(""KNEX_PDF_DEBUG_CACHE"")"
"knexwriter\src\modules\Knexread\native-pdf-reader\components\PdfPageView.tsx","233","TEXT","TextLayer","showTextLayer = true,"
"knexwriter\src\modules\Knexread\native-pdf-reader\components\PdfPageView.tsx","241","RENDER","RenderCanvas","shouldRenderCanvas = true,"
"knexwriter\src\modules\Knexread\native-pdf-reader\components\PdfPageView.tsx","262","TEXT","TextLayer","showTextLayer?: boolean;"
"knexwriter\src\modules\Knexread\native-pdf-reader\components\PdfPageView.tsx","270","RENDER","RenderCanvas","shouldRenderCanvas?: boolean;"
"knexwriter\src\modules\Knexread\native-pdf-reader\components\PdfPageView.tsx","292","SERVER","PdfTile","useState<PdfTileRenderState | null>(null);"
"knexwriter\src\modules\Knexread\native-pdf-reader\components\PdfPageView.tsx","342","TEXT","textLayer","const textLayerScale = useMemo(() => {"
"knexwriter\src\modules\Knexread\native-pdf-reader\components\PdfPageView.tsx","349","TEXT","textLayer","() => blocks.map((block) => scaleTextBlockToCss(block, textLayerScale)),"
"knexwriter\src\modules\Knexread\native-pdf-reader\components\PdfPageView.tsx","350","TEXT","textLayer","[blocks, textLayerScale],"
"knexwriter\src\modules\Knexread\native-pdf-reader\components\PdfPageView.tsx","354","RENDER","RenderCanvas","const shouldMountCanvasNow = shouldRenderCanvas || isNearViewport;"
"knexwriter\src\modules\Knexread\native-pdf-reader\components\PdfPageView.tsx","357","RENDER","RenderCanvas","const canRenderCanvas = shouldMountCanvasNow || holdCanvasDuringInteraction;"
"knexwriter\src\modules\Knexread\native-pdf-reader\components\PdfPageView.tsx","373","TEXT","TextLayer","const effectiveShowTextLayer ="
"knexwriter\src\modules\Knexread\native-pdf-reader\components\PdfPageView.tsx","374","TEXT","TextLayer","semanticLayersEnabled && (showTextLayer || enableSelection);"
"knexwriter\src\modules\Knexread\native-pdf-reader\components\PdfPageView.tsx","376","RENDER","RenderCanvas","const shouldRenderCanvasText = true;"
"knexwriter\src\modules\Knexread\native-pdf-reader\components\PdfPageView.tsx","380","RENDER","RenderCanvas","canRenderCanvas &&"
"knexwriter\src\modules\Knexread\native-pdf-reader\components\PdfPageView.tsx","382","TEXT","TextLayer","(effectiveShowTextLayer || Boolean(onBlocksChange));"
"knexwriter\src\modules\Knexread\native-pdf-reader\components\PdfPageView.tsx","385","RENDER","RenderCanvas","canRenderCanvas &&"
"knexwriter\src\modules\Knexread\native-pdf-reader\components\PdfPageView.tsx","460","RENDER","getViewport","const viewport = pdfPage.getViewport({ scale: 1 });"
"knexwriter\src\modules\Knexread\native-pdf-reader\components\PdfPageView.tsx","733","RENDER","RenderCanvas","canRenderCanvas,"
"knexwriter\src\modules\Knexread\native-pdf-reader\components\PdfPageView.tsx","783","SERVER","PdfTile","(state: PdfTileRenderState) => {"
"knexwriter\src\modules\Knexread\native-pdf-reader\components\PdfPageView.tsx","853","SCALE","getBoundingClientRect","rects.item(rects.length - 1) ?? range.getBoundingClientRect();"
"knexwriter\src\modules\Knexread\native-pdf-reader\components\PdfPageView.tsx","961","SERVER","PdfTile","<PdfTiledPageCanvas"
"knexwriter\src\modules\Knexread\native-pdf-reader\components\PdfReaderShell.tsx","29","TEXT","PdfTextLayer","probePdfTextLayer,"
"knexwriter\src\modules\Knexread\native-pdf-reader\components\PdfReaderShell.tsx","31","SERVER","service","} from ""../services"";"
"knexwriter\src\modules\Knexread\native-pdf-reader\components\PdfReaderShell.tsx","40","BACKEND","engine","} from ""../knex-pdf-engine"";"
"knexwriter\src\modules\Knexread\native-pdf-reader\components\PdfReaderShell.tsx","41","SERVER","Controller","import { pdfReaderController } from ""../api"";"
"knexwriter\src\modules\Knexread\native-pdf-reader\components\PdfReaderShell.tsx","55","BACKEND","engine","import { KnexPdfEngineProvider } from ""../knex-pdf-engine/KnexPdfEngineProvider"";"
"knexwriter\src\modules\Knexread\native-pdf-reader\components\PdfReaderShell.tsx","55","BACKEND","PdfEngine","import { KnexPdfEngineProvider } from ""../knex-pdf-engine/KnexPdfEngineProvider"";"
"knexwriter\src\modules\Knexread\native-pdf-reader\components\PdfReaderShell.tsx","55","BACKEND","PdfEngine","import { KnexPdfEngineProvider } from ""../knex-pdf-engine/KnexPdfEngineProvider"";"
"knexwriter\src\modules\Knexread\native-pdf-reader\components\PdfReaderShell.tsx","113","LIFECYCLE","cache","* No caminho por tiles, a fluidez vem da renderização progressiva e do cache,"
"knexwriter\src\modules\Knexread\native-pdf-reader\components\PdfReaderShell.tsx","308","TEXT","TextLayer","const [textLayerNotice, setTextLayerNotice] = useState<string | null>(null);"
"knexwriter\src\modules\Knexread\native-pdf-reader\components\PdfReaderShell.tsx","308","TEXT","textLayer","const [textLayerNotice, setTextLayerNotice] = useState<string | null>(null);"
"knexwriter\src\modules\Knexread\native-pdf-reader\components\PdfReaderShell.tsx","324","TEXT","TextLayer","const [showTextLayer, setShowTextLayer] = useState(true);"
"knexwriter\src\modules\Knexread\native-pdf-reader\components\PdfReaderShell.tsx","324","TEXT","TextLayer","const [showTextLayer, setShowTextLayer] = useState(true);"
"knexwriter\src\modules\Knexread\native-pdf-reader\components\PdfReaderShell.tsx","382","LIFECYCLE","RenderVersion","const [finalRenderVersion, setFinalRenderVersion] = useState(0);"
"knexwriter\src\modules\Knexread\native-pdf-reader\components\PdfReaderShell.tsx","382","LIFECYCLE","RenderVersion","const [finalRenderVersion, setFinalRenderVersion] = useState(0);"
"knexwriter\src\modules\Knexread\native-pdf-reader\components\PdfReaderShell.tsx","396","LIFECYCLE","Abort","name === ""AbortError"" ||"
"knexwriter\src\modules\Knexread\native-pdf-reader\components\PdfReaderShell.tsx","397","LIFECYCLE","Cancelled","name === ""RenderingCancelledException"" ||"
"knexwriter\src\modules\Knexread\native-pdf-reader\components\PdfReaderShell.tsx","398","LIFECYCLE","abort","/rendering cancelled|render canceled|render aborted|abort/i.test(message)"
"knexwriter\src\modules\Knexread\native-pdf-reader\components\PdfReaderShell.tsx","398","LIFECYCLE","canceled","/rendering cancelled|render canceled|render aborted|abort/i.test(message)"
"knexwriter\src\modules\Knexread\native-pdf-reader\components\PdfReaderShell.tsx","398","LIFECYCLE","abort","/rendering cancelled|render canceled|render aborted|abort/i.test(message)"
"knexwriter\src\modules\Knexread\native-pdf-reader\components\PdfReaderShell.tsx","398","LIFECYCLE","cancelled","/rendering cancelled|render canceled|render aborted|abort/i.test(message)"
"knexwriter\src\modules\Knexread\native-pdf-reader\components\PdfReaderShell.tsx","488","LIFECYCLE","cancelled","let cancelled = false;"
"knexwriter\src\modules\Knexread\native-pdf-reader\components\PdfReaderShell.tsx","492","SERVER","Controller","const items = await pdfReaderController.listProjectFiles(projectId);"
"knexwriter\src\modules\Knexread\native-pdf-reader\components\PdfReaderShell.tsx","543","SCALE","getBoundingClientRect","const rect = anchorElement?.getBoundingClientRect();"
"knexwriter\src\modules\Knexread\native-pdf-reader\components\PdfReaderShell.tsx","654","RENDER","RenderPage","const shouldRenderPageDuringZoom = useCallback("
"knexwriter\src\modules\Knexread\native-pdf-reader\components\PdfReaderShell.tsx","696","SCALE","getBoundingClientRect","const rootRect = root.getBoundingClientRect();"
"knexwriter\src\modules\Knexread\native-pdf-reader\components\PdfReaderShell.tsx","713","SCALE","getBoundingClientRect","const anchorRect = anchorElement?.getBoundingClientRect();"
"knexwriter\src\modules\Knexread\native-pdf-reader\components\PdfReaderShell.tsx","868","TEXT","TextLayer","setTextLayerNotice(null);"
"knexwriter\src\modules\Knexread\native-pdf-reader\components\PdfReaderShell.tsx","870","TEXT","PdfTextLayer","void probePdfTextLayer({"
"knexwriter\src\modules\Knexread\native-pdf-reader\components\PdfReaderShell.tsx","877","TEXT","TextLayer","setTextLayerNotice("
"knexwriter\src\modules\Knexread\native-pdf-reader\components\PdfReaderShell.tsx","882","TEXT","TextLayer","setTextLayerNotice("
"knexwriter\src\modules\Knexread\native-pdf-reader\components\PdfReaderShell.tsx","888","TEXT","TextLayer","setTextLayerNotice("
"knexwriter\src\modules\Knexread\native-pdf-reader\components\PdfReaderShell.tsx","893","SERVER","Controller","let readerSession = await pdfReaderController.getSession(opened.pdfFile.id);"
"knexwriter\src\modules\Knexread\native-pdf-reader\components\PdfReaderShell.tsx","895","SERVER","Controller","const created = await pdfReaderController.open({"
"knexwriter\src\modules\Knexread\native-pdf-reader\components\PdfReaderShell.tsx","924","SERVER","Controller","pdfReaderController.listCitations(opened.pdfFile.id),"
"knexwriter\src\modules\Knexread\native-pdf-reader\components\PdfReaderShell.tsx","925","SERVER","Controller","pdfReaderController.listTranslationBlocks(opened.pdfFile.id),"
"knexwriter\src\modules\Knexread\native-pdf-reader\components\PdfReaderShell.tsx","926","SERVER","Controller","pdfReaderController.getReaderPreferences({"
"knexwriter\src\modules\Knexread\native-pdf-reader\components\PdfReaderShell.tsx","983","SERVER","Controller","void pdfReaderController.updateSession(pdfFile.id, {"
"knexwriter\src\modules\Knexread\native-pdf-reader\components\PdfReaderShell.tsx","1021","SERVER","Controller","void pdfReaderController.updateReaderPreferences({"
"knexwriter\src\modules\Knexread\native-pdf-reader\components\PdfReaderShell.tsx","1216","SCALE","getBoundingClientRect","const anchorRect = anchorElement?.getBoundingClientRect();"
"knexwriter\src\modules\Knexread\native-pdf-reader\components\PdfReaderShell.tsx","1219","SCALE","getBoundingClientRect","const rootRect = root.getBoundingClientRect();"
"knexwriter\src\modules\Knexread\native-pdf-reader\components\PdfReaderShell.tsx","1832","BACKEND","engine","setStatusNotice(""Bloco reajustado no reconstruction engine."");"
"knexwriter\src\modules\Knexread\native-pdf-reader\components\PdfReaderShell.tsx","2093","RENDER","RenderPage","const visibleRenderPageNumbers = useMemo("
"knexwriter\src\modules\Knexread\native-pdf-reader\components\PdfReaderShell.tsx","2097","RENDER","RenderPage","const warmupRenderPageNumbers = useMemo("
"knexwriter\src\modules\Knexread\native-pdf-reader\components\PdfReaderShell.tsx","2101","RENDER","RenderPage","const preloadRenderPageNumbers = useMemo("
"knexwriter\src\modules\Knexread\native-pdf-reader\components\PdfReaderShell.tsx","2288","TILES","gap","<div className=""mb-3 flex items-center justify-center gap-2"">"
"knexwriter\src\modules\Knexread\native-pdf-reader\components\PdfReaderShell.tsx","2317","TILES","gap","? ""flex min-h-full items-start justify-start gap-4"""
"knexwriter\src\modules\Knexread\native-pdf-reader\components\PdfReaderShell.tsx","2323","TILES","gap","<div className=""flex w-fit min-w-full flex-col gap-2"">"
"knexwriter\src\modules\Knexread\native-pdf-reader\components\PdfReaderShell.tsx","2324","TILES","gap","<div className=""grid grid-cols-1 gap-3 px-2 xl:grid-cols-2"">"
"knexwriter\src\modules\Knexread\native-pdf-reader\components\PdfReaderShell.tsx","2335","RENDER","RenderPage","visibleRenderPageNumbers.has(pageNumber);"
"knexwriter\src\modules\Knexread\native-pdf-reader\components\PdfReaderShell.tsx","2337","RENDER","RenderPage","warmupRenderPageNumbers.has(pageNumber);"
"knexwriter\src\modules\Knexread\native-pdf-reader\components\PdfReaderShell.tsx","2339","RENDER","RenderPage","preloadRenderPageNumbers.has(pageNumber);"
"knexwriter\src\modules\Knexread\native-pdf-reader\components\PdfReaderShell.tsx","2358","RENDER","RenderPage","const shouldRenderPageNow = shouldRenderPageDuringZoom(pageNumber);"
"knexwriter\src\modules\Knexread\native-pdf-reader\components\PdfReaderShell.tsx","2358","RENDER","RenderPage","const shouldRenderPageNow = shouldRenderPageDuringZoom(pageNumber);"
"knexwriter\src\modules\Knexread\native-pdf-reader\components\PdfReaderShell.tsx","2373","RENDER","RenderCanvas","const shouldRenderCanvasNow ="
"knexwriter\src\modules\Knexread\native-pdf-reader\components\PdfReaderShell.tsx","2385","TILES","gap","className=""flex w-fit min-w-full items-start justify-center gap-6"""
"knexwriter\src\modules\Knexread\native-pdf-reader\components\PdfReaderShell.tsx","2428","TILES","gap","<div className=""flex w-fit min-w-full flex-col gap-1"">"
"knexwriter\src\modules\Knexread\native-pdf-reader\components\PdfReaderShell.tsx","2658","BACKEND","PdfEngine","<KnexPdfEngineProvider>"
"knexwriter\src\modules\Knexread\native-pdf-reader\components\PdfReaderShell.tsx","2660","BACKEND","PdfEngine","</KnexPdfEngineProvider>"
"knexwriter\src\modules\Knexread\native-pdf-reader\components\PdfReadingFrame.tsx","17","BACKEND","engine","} from ""../knex-pdf-engine"";"
"knexwriter\src\modules\Knexread\native-pdf-reader\components\PdfReadingFrame.tsx","86","BACKEND","FALLBACK","const FALLBACK_PX_PER_CENTIMETER = 96 / 2.54;"
"knexwriter\src\modules\Knexread\native-pdf-reader\components\PdfReadingFrame.tsx","105","BACKEND","fallback","function safeNumber(value: number | null | undefined, fallback = 0): number {"
"knexwriter\src\modules\Knexread\native-pdf-reader\components\PdfReadingFrame.tsx","108","BACKEND","fallback",": fallback;"
"knexwriter\src\modules\Knexread\native-pdf-reader\components\PdfReadingFrame.tsx","142","SCALE","getBoundingClientRect","const rect = root.getBoundingClientRect();"
"knexwriter\src\modules\Knexread\native-pdf-reader\components\PdfReadingFrame.tsx","285","LIFECYCLE","lRu","const horizontalRulerTrackRef = useRef<HTMLDivElement | null>(null);"
"knexwriter\src\modules\Knexread\native-pdf-reader\components\PdfReadingFrame.tsx","310","BACKEND","FALLBACK",": FALLBACK_PX_PER_CENTIMETER;"
"knexwriter\src\modules\Knexread\native-pdf-reader\components\PdfReadingFrame.tsx","369","BACKEND","engine","* Versão geométrica local. Ela não substitui layoutVersion do engine."
"knexwriter\src\modules\Knexread\native-pdf-reader\components\PdfReadingFrame.tsx","424","LIFECYCLE","lRu","const track = horizontalRulerTrackRef.current;"
"knexwriter\src\modules\Knexread\native-pdf-reader\components\PdfReadingFrame.tsx","667","LIFECYCLE","lRu","ref={horizontalRulerTrackRef}"
"knexwriter\src\modules\Knexread\native-pdf-reader\components\PdfSidebar.tsx","121","TILES","gap","<div className=""flex flex-col gap-1"">"
"knexwriter\src\modules\Knexread\native-pdf-reader\components\PdfSidebar.tsx","182","TILES","gap","<div className=""mt-2 flex items-center gap-1 text-zinc-500"">"
"knexwriter\src\modules\Knexread\native-pdf-reader\components\PdfTextLayer.tsx","5","BACKEND","engine","import type { KnexPdfTextBlock as PdfTextBlock } from ""../knex-pdf-engine"";"
"knexwriter\src\modules\Knexread\native-pdf-reader\components\PdfTextLayer.tsx","7","TEXT","PdfTextLayer","export type PdfTextLayerMode = ""semantic"" | ""visual"";"
"knexwriter\src\modules\Knexread\native-pdf-reader\components\PdfTextLayer.tsx","18","TEXT","PdfTextLayer","type PdfTextLayerBlock = Omit<"
"knexwriter\src\modules\Knexread\native-pdf-reader\components\PdfTextLayer.tsx","20","TEXT","fontName","| ""fontName"""
"knexwriter\src\modules\Knexread\native-pdf-reader\components\PdfTextLayer.tsx","21","TEXT","fontFamily","| ""fontFamily"""
"knexwriter\src\modules\Knexread\native-pdf-reader\components\PdfTextLayer.tsx","27","TEXT","textRenderMode","| ""textRenderMode"""
"knexwriter\src\modules\Knexread\native-pdf-reader\components\PdfTextLayer.tsx","29","BACKEND","Backend","| ""sourceBackend"""
"knexwriter\src\modules\Knexread\native-pdf-reader\components\PdfTextLayer.tsx","33","SCALE","scaleX","| ""scaleX"""
"knexwriter\src\modules\Knexread\native-pdf-reader\components\PdfTextLayer.tsx","34","SCALE","scaleY","| ""scaleY"""
"knexwriter\src\modules\Knexread\native-pdf-reader\components\PdfTextLayer.tsx","38","TEXT","fontName","fontName: string;"
"knexwriter\src\modules\Knexread\native-pdf-reader\components\PdfTextLayer.tsx","39","TEXT","fontFamily","fontFamily: string;"
"knexwriter\src\modules\Knexread\native-pdf-reader\components\PdfTextLayer.tsx","45","TEXT","textRenderMode","textRenderMode: string | number;"
"knexwriter\src\modules\Knexread\native-pdf-reader\components\PdfTextLayer.tsx","47","BACKEND","Backend","sourceBackend: string;"
"knexwriter\src\modules\Knexread\native-pdf-reader\components\PdfTextLayer.tsx","51","SCALE","scaleX","scaleX: number;"
"knexwriter\src\modules\Knexread\native-pdf-reader\components\PdfTextLayer.tsx","52","SCALE","scaleY","scaleY: number;"
"knexwriter\src\modules\Knexread\native-pdf-reader\components\PdfTextLayer.tsx","56","TEXT","PdfTextLayer","type PdfTextLayerProps = {"
"knexwriter\src\modules\Knexread\native-pdf-reader\components\PdfTextLayer.tsx","57","TEXT","PdfTextLayer","blocks: PdfTextLayerBlock[];"
"knexwriter\src\modules\Knexread\native-pdf-reader\components\PdfTextLayer.tsx","314","BACKEND","Fallback","function estimateFallbackTextWidth(input: {"
"knexwriter\src\modules\Knexread\native-pdf-reader\components\PdfTextLayer.tsx","348","BACKEND","Fallback","return estimateFallbackTextWidth({"
"knexwriter\src\modules\Knexread\native-pdf-reader\components\PdfTextLayer.tsx","372","BACKEND","fallback","fallback = 0,"
"knexwriter\src\modules\Knexread\native-pdf-reader\components\PdfTextLayer.tsx","376","BACKEND","fallback",": fallback;"
"knexwriter\src\modules\Knexread\native-pdf-reader\components\PdfTextLayer.tsx","383","BACKEND","fallback","fallback: number,"
"knexwriter\src\modules\Knexread\native-pdf-reader\components\PdfTextLayer.tsx","385","BACKEND","fallback","const safe = safeNumber(value, fallback);"
"knexwriter\src\modules\Knexread\native-pdf-reader\components\PdfTextLayer.tsx","389","BACKEND","fallback","function px(value: number | null | undefined, fallback = 0): string {"
"knexwriter\src\modules\Knexread\native-pdf-reader\components\PdfTextLayer.tsx","413","PDFIUM","pdfium","normalized.includes(""pdfium"") ||"
"knexwriter\src\modules\Knexread\native-pdf-reader\components\PdfTextLayer.tsx","600","SCALE","ScaleX","fitScaleX: number;"
"knexwriter\src\modules\Knexread\native-pdf-reader\components\PdfTextLayer.tsx","605","SCALE","scaleY","const scaleY = safeNumber(input.block.scaleY, 1);"
"knexwriter\src\modules\Knexread\native-pdf-reader\components\PdfTextLayer.tsx","605","SCALE","scaleY","const scaleY = safeNumber(input.block.scaleY, 1);"
"knexwriter\src\modules\Knexread\native-pdf-reader\components\PdfTextLayer.tsx","606","SCALE","scaleX","const scaleX = clamp("
"knexwriter\src\modules\Knexread\native-pdf-reader\components\PdfTextLayer.tsx","607","SCALE","ScaleX","input.fitScaleX,"
"knexwriter\src\modules\Knexread\native-pdf-reader\components\PdfTextLayer.tsx","616","SCALE","scaleX","if (Math.abs(scaleX - 1) > 0.001 || Math.abs(scaleY - 1) > 0.001) {"
"knexwriter\src\modules\Knexread\native-pdf-reader\components\PdfTextLayer.tsx","668","PDFIUM","PDFium","* Agora os blocos vindos do PDFium são palavras. Por isso o ajuste de"
"knexwriter\src\modules\Knexread\native-pdf-reader\components\PdfThumbnailsPanel.tsx","4","SERVER","service","import type { NativePdfSession } from ""../services"";"
"knexwriter\src\modules\Knexread\native-pdf-reader\components\PdfThumbnailsPanel.tsx","8","BACKEND","engine","} from ""../knex-pdf-engine"";"
"knexwriter\src\modules\Knexread\native-pdf-reader\components\PdfThumbnailsPanel.tsx","12","LIFECYCLE","Cache","type CachedThumbnail = {"
"knexwriter\src\modules\Knexread\native-pdf-reader\components\PdfThumbnailsPanel.tsx","17","LIFECYCLE","WeakMap","const thumbnailCache = new WeakMap<NativePdfSession, Map<string, CachedThumbnail>>();"
"knexwriter\src\modules\Knexread\native-pdf-reader\components\PdfThumbnailsPanel.tsx","17","LIFECYCLE","Cache","const thumbnailCache = new WeakMap<NativePdfSession, Map<string, CachedThumbnail>>();"
"knexwriter\src\modules\Knexread\native-pdf-reader\components\PdfThumbnailsPanel.tsx","17","LIFECYCLE","Map<","const thumbnailCache = new WeakMap<NativePdfSession, Map<string, CachedThumbnail>>();"
"knexwriter\src\modules\Knexread\native-pdf-reader\components\PdfThumbnailsPanel.tsx","17","LIFECYCLE","Cache","const thumbnailCache = new WeakMap<NativePdfSession, Map<string, CachedThumbnail>>();"
"knexwriter\src\modules\Knexread\native-pdf-reader\components\PdfThumbnailsPanel.tsx","31","TILES","gap","<div className=""grid grid-cols-[repeat(auto-fit,minmax(164px,1fr))] gap-3"">"
"knexwriter\src\modules\Knexread\native-pdf-reader\components\PdfThumbnailsPanel.tsx","88","LIFECYCLE","cancelled","let cancelled = false;"
"knexwriter\src\modules\Knexread\native-pdf-reader\components\PdfThumbnailsPanel.tsx","89","LIFECYCLE","AbortController","const abortController = new AbortController();"
"knexwriter\src\modules\Knexread\native-pdf-reader\components\PdfThumbnailsPanel.tsx","89","LIFECYCLE","abortController","const abortController = new AbortController();"
"knexwriter\src\modules\Knexread\native-pdf-reader\components\PdfThumbnailsPanel.tsx","89","SERVER","Controller","const abortController = new AbortController();"
"knexwriter\src\modules\Knexread\native-pdf-reader\components\PdfThumbnailsPanel.tsx","89","SERVER","Controller","const abortController = new AbortController();"
"knexwriter\src\modules\Knexread\native-pdf-reader\components\PdfThumbnailsPanel.tsx","90","SCALE","devicePixelRatio","const devicePixelRatio ="
"knexwriter\src\modules\Knexread\native-pdf-reader\components\PdfThumbnailsPanel.tsx","91","SCALE","devicePixelRatio","typeof window !== ""undefined"" ? Math.round((window.devicePixelRatio || 1) * 100) : 100;"
"knexwriter\src\modules\Knexread\native-pdf-reader\components\PdfThumbnailsPanel.tsx","92","SCALE","devicePixelRatio","const cacheKey = `${pageNumber}:${THUMBNAIL_RENDER_WIDTH}:${devicePixelRatio}`;"
"knexwriter\src\modules\Knexread\native-pdf-reader\components\PdfThumbnailsPanel.tsx","92","LIFECYCLE","cache","const cacheKey = `${pageNumber}:${THUMBNAIL_RENDER_WIDTH}:${devicePixelRatio}`;"
"knexwriter\src\modules\Knexread\native-pdf-reader\components\PdfThumbnailsPanel.tsx","93","LIFECYCLE","Cache","const sessionCache = thumbnailCache.get(session) ?? new Map<string, CachedThumbnail>();"
"knexwriter\src\modules\Knexread\native-pdf-reader\components\PdfThumbnailsPanel.tsx","109","RENDER","getViewport","const viewport = page.getViewport({ scale: 1 });"
"knexwriter\src\modules\Knexread\native-pdf-reader\components\PdfThumbnailsPanel.tsx","119","SERVER","Controller","signal: abortController.signal,"
"knexwriter\src\modules\Knexread\native-pdf-reader\components\PdfThumbnailsPanel.tsx","122","SERVER","Controller","if (cancelled || abortController.signal.aborted) return;"
"knexwriter\src\modules\Knexread\native-pdf-reader\components\PdfThumbnailsPanel.tsx","142","SERVER","Controller","abortController.abort();"
"knexwriter\src\modules\Knexread\native-pdf-reader\components\pdf-tiles\PdfTileCanvas.tsx","4","SERVER","service","import type { NativePdfSession } from ""../../services"";"
"knexwriter\src\modules\Knexread\native-pdf-reader\components\pdf-tiles\PdfTileCanvas.tsx","6","SERVER","PdfTile","createKnexPdfTileCacheKey,"
"knexwriter\src\modules\Knexread\native-pdf-reader\components\pdf-tiles\PdfTileCanvas.tsx","6","LIFECYCLE","Cache","createKnexPdfTileCacheKey,"
"knexwriter\src\modules\Knexread\native-pdf-reader\components\pdf-tiles\PdfTileCanvas.tsx","8","SERVER","PdfTile","renderKnexPdfTileToCanvas,"
"knexwriter\src\modules\Knexread\native-pdf-reader\components\pdf-tiles\PdfTileCanvas.tsx","9","SERVER","ServerRender","requestServerRenderedTile,"
"knexwriter\src\modules\Knexread\native-pdf-reader\components\pdf-tiles\PdfTileCanvas.tsx","10","LIFECYCLE","Cache","TileBitmapCache,"
"knexwriter\src\modules\Knexread\native-pdf-reader\components\pdf-tiles\PdfTileCanvas.tsx","12","BACKEND","Fallback","type KnexReadServerTileFallbackResponse,"
"knexwriter\src\modules\Knexread\native-pdf-reader\components\pdf-tiles\PdfTileCanvas.tsx","17","SERVER","PdfPageTile","type KnexPdfPageTile,"
"knexwriter\src\modules\Knexread\native-pdf-reader\components\pdf-tiles\PdfTileCanvas.tsx","19","BACKEND","engine","} from ""../../knex-pdf-engine"";"
"knexwriter\src\modules\Knexread\native-pdf-reader\components\pdf-tiles\PdfTileCanvas.tsx","21","LIFECYCLE","cancelled","type TileStatus = ""idle"" | ""rendering"" | ""ready"" | ""error"" | ""cancelled"";"
"knexwriter\src\modules\Knexread\native-pdf-reader\components\pdf-tiles\PdfTileCanvas.tsx","22","LIFECYCLE","Cache","type TileCacheStatus = ""hit"" | ""miss"" | ""stored"" | ""discarded"";"
"knexwriter\src\modules\Knexread\native-pdf-reader\components\pdf-tiles\PdfTileCanvas.tsx","23","SERVER","RenderMode = ""server","type TileRenderMode = ""server-tiled"" | ""tiled-canvas"";"
"knexwriter\src\modules\Knexread\native-pdf-reader\components\pdf-tiles\PdfTileCanvas.tsx","25","LIFECYCLE","Cache","type CachedTileBitmap = {"
"knexwriter\src\modules\Knexread\native-pdf-reader\components\pdf-tiles\PdfTileCanvas.tsx","28","BACKEND","backend","backend: string;"
"knexwriter\src\modules\Knexread\native-pdf-reader\components\pdf-tiles\PdfTileCanvas.tsx","34","LIFECYCLE","CACHE","const TILE_BITMAP_CACHE_MAX_ENTRIES = 384;"
"knexwriter\src\modules\Knexread\native-pdf-reader\components\pdf-tiles\PdfTileCanvas.tsx","35","LIFECYCLE","CACHE","const TILE_BITMAP_CACHE_MAX_BYTES = 384 * 1024 * 1024;"
"knexwriter\src\modules\Knexread\native-pdf-reader\components\pdf-tiles\PdfTileCanvas.tsx","36","LIFECYCLE","CACHE","const STABLE_TILE_CACHE_RENDER_VERSION = 0;"
"knexwriter\src\modules\Knexread\native-pdf-reader\components\pdf-tiles\PdfTileCanvas.tsx","39","LIFECYCLE","Cache","const tileBitmapCache = new TileBitmapCache<CachedTileBitmap>({"
"knexwriter\src\modules\Knexread\native-pdf-reader\components\pdf-tiles\PdfTileCanvas.tsx","39","LIFECYCLE","Cache","const tileBitmapCache = new TileBitmapCache<CachedTileBitmap>({"
"knexwriter\src\modules\Knexread\native-pdf-reader\components\pdf-tiles\PdfTileCanvas.tsx","55","SERVER","PDF_TILE_DEBUG_BORDERS ?? record.KNEX_PDF_TILE","record.KNEX_PDF_TILE_DEBUG_BORDERS ?? record.KNEX_PDF_TILE_DEBUG;"
"knexwriter\src\modules\Knexread\native-pdf-reader\components\pdf-tiles\PdfTileCanvas.tsx","64","SERVER","ServerTileDpi(renderPhase: KnexPdfRender","function resolveServerTileDpi(renderPhase: KnexPdfRenderPhase): number {"
"knexwriter\src\modules\Knexread\native-pdf-reader\components\pdf-tiles\PdfTileCanvas.tsx","76","BACKEND","Fallback","function asServerTileFallbackResponse("
"knexwriter\src\modules\Knexread\native-pdf-reader\components\pdf-tiles\PdfTileCanvas.tsx","78","BACKEND","Fallback","): KnexReadServerTileFallbackResponse {"
"knexwriter\src\modules\Knexread\native-pdf-reader\components\pdf-tiles\PdfTileCanvas.tsx","79","BACKEND","Fallback","return response as KnexReadServerTileFallbackResponse;"
"knexwriter\src\modules\Knexread\native-pdf-reader\components\pdf-tiles\PdfTileCanvas.tsx","85","SERVER","PdfPageTile","tile: KnexPdfPageTile;"
"knexwriter\src\modules\Knexread\native-pdf-reader\components\pdf-tiles\PdfTileCanvas.tsx","89","BACKEND","backend","backend: string;"
"knexwriter\src\modules\Knexread\native-pdf-reader\components\pdf-tiles\PdfTileCanvas.tsx","90","BACKEND","backend","backendVersion: number;"
"knexwriter\src\modules\Knexread\native-pdf-reader\components\pdf-tiles\PdfTileCanvas.tsx","93","SERVER","PdfTile","createKnexPdfTileCacheKey({"
"knexwriter\src\modules\Knexread\native-pdf-reader\components\pdf-tiles\PdfTileCanvas.tsx","103","SCALE","outputScale","outputScale: Math.min(input.tile.outputScaleX, input.tile.outputScaleY),"
"knexwriter\src\modules\Knexread\native-pdf-reader\components\pdf-tiles\PdfTileCanvas.tsx","103","SCALE","outputScale","outputScale: Math.min(input.tile.outputScaleX, input.tile.outputScaleY),"
"knexwriter\src\modules\Knexread\native-pdf-reader\components\pdf-tiles\PdfTileCanvas.tsx","103","SCALE","outputScale","outputScale: Math.min(input.tile.outputScaleX, input.tile.outputScaleY),"
"knexwriter\src\modules\Knexread\native-pdf-reader\components\pdf-tiles\PdfTileCanvas.tsx","107","BACKEND","backend","backend: input.backend,"
"knexwriter\src\modules\Knexread\native-pdf-reader\components\pdf-tiles\PdfTileCanvas.tsx","107","BACKEND","backend","backend: input.backend,"
"knexwriter\src\modules\Knexread\native-pdf-reader\components\pdf-tiles\PdfTileCanvas.tsx","125","SCALE","canvas.width","canvas.width = Math.max(1, Math.ceil(sourceWidth));"
"knexwriter\src\modules\Knexread\native-pdf-reader\components\pdf-tiles\PdfTileCanvas.tsx","126","SCALE","canvas.height","canvas.height = Math.max(1, Math.ceil(sourceHeight));"
"knexwriter\src\modules\Knexread\native-pdf-reader\components\pdf-tiles\PdfTileCanvas.tsx","141","SCALE","canvas.height","context.fillRect(0, 0, canvas.width, canvas.height);"
"knexwriter\src\modules\Knexread\native-pdf-reader\components\pdf-tiles\PdfTileCanvas.tsx","141","SCALE","canvas.width","context.fillRect(0, 0, canvas.width, canvas.height);"
"knexwriter\src\modules\Knexread\native-pdf-reader\components\pdf-tiles\PdfTileCanvas.tsx","142","SCALE","imageSmoothingEnabled","context.imageSmoothingEnabled = true;"
"knexwriter\src\modules\Knexread\native-pdf-reader\components\pdf-tiles\PdfTileCanvas.tsx","175","RENDER","cleanup()","cleanup();"
"knexwriter\src\modules\Knexread\native-pdf-reader\components\pdf-tiles\PdfTileCanvas.tsx","182","RENDER","cleanup()","cleanup();"
"knexwriter\src\modules\Knexread\native-pdf-reader\components\pdf-tiles\PdfTileCanvas.tsx","186","RENDER","cleanup()","cleanup();"
"knexwriter\src\modules\Knexread\native-pdf-reader\components\pdf-tiles\PdfTileCanvas.tsx","211","SCALE","outputScale","outputScale: Math.min(input.tile.outputScaleX, input.tile.outputScaleY),"
"knexwriter\src\modules\Knexread\native-pdf-reader\components\pdf-tiles\PdfTileCanvas.tsx","211","SCALE","outputScale","outputScale: Math.min(input.tile.outputScaleX, input.tile.outputScaleY),"
"knexwriter\src\modules\Knexread\native-pdf-reader\components\pdf-tiles\PdfTileCanvasTypes.ts","2","SERVER","service","import type { NativePdfSession } from ""../../services"";"
"knexwriter\src\modules\Knexread\native-pdf-reader\components\pdf-tiles\PdfTileCanvasTypes.ts","6","BACKEND","engine","} from ""../../knex-pdf-engine"";"
"knexwriter\src\modules\Knexread\native-pdf-reader\components\pdf-tiles\PdfTileCanvasTypes.ts","8","SERVER","PdfTile","export type PdfTileCanvasTextMode = ""normal"" | ""without-text"" | ""unknown"";"
"knexwriter\src\modules\Knexread\native-pdf-reader\components\pdf-tiles\PdfTileCanvasTypes.ts","10","SERVER","PdfTile","export type PdfTileRenderState = {"
"knexwriter\src\modules\Knexread\native-pdf-reader\components\pdf-tiles\PdfTileCanvasTypes.ts","13","BACKEND","backend","backend: string;"
"knexwriter\src\modules\Knexread\native-pdf-reader\components\pdf-tiles\PdfTileCanvasTypes.ts","17","SCALE","outputScale","outputScale: number;"
"knexwriter\src\modules\Knexread\native-pdf-reader\components\pdf-tiles\PdfTileCanvasTypes.ts","20","SERVER","PdfTile","canvasTextMode: PdfTileCanvasTextMode;"
"knexwriter\src\modules\Knexread\native-pdf-reader\components\pdf-tiles\PdfTileCanvasTypes.ts","23","LIFECYCLE","renderVersion","renderVersion: number;"
"knexwriter\src\modules\Knexread\native-pdf-reader\components\pdf-tiles\PdfTileCanvasTypes.ts","24","BACKEND","backend","backendVersion: number;"
"knexwriter\src\modules\Knexread\native-pdf-reader\components\pdf-tiles\PdfTileCanvasTypes.ts","25","LIFECYCLE","RenderVersion","finalRenderVersion: number;"
"knexwriter\src\modules\Knexread\native-pdf-reader\components\pdf-tiles\PdfTileCanvasTypes.ts","26","LIFECYCLE","cache","cacheLookup?: string;"
"knexwriter\src\modules\Knexread\native-pdf-reader\components\pdf-tiles\PdfTileCanvasTypes.ts","27","LIFECYCLE","cache","cacheKey?: string;"
"knexwriter\src\modules\Knexread\native-pdf-reader\components\pdf-tiles\PdfTileCanvasTypes.ts","28","LIFECYCLE","cache","cacheSize?: number;"
"knexwriter\src\modules\Knexread\native-pdf-reader\components\pdf-tiles\PdfTileCanvasTypes.ts","29","LIFECYCLE","cache","cacheBytes?: number;"
"knexwriter\src\modules\Knexread\native-pdf-reader\components\pdf-tiles\PdfTileCanvasTypes.ts","32","SERVER","PdfTile","export type PdfTiledVisualPageProps = {"
"knexwriter\src\modules\Knexread\native-pdf-reader\components\pdf-tiles\PdfTileCanvasTypes.ts","41","LIFECYCLE","RenderVersion","finalRenderVersion?: number;"
"knexwriter\src\modules\Knexread\native-pdf-reader\components\pdf-tiles\PdfTileCanvasTypes.ts","47","SERVER","PdfTile","onCanvasTextRenderStateChange?: (state: PdfTileRenderState) => void;"
"knexwriter\src\modules\Knexread\native-pdf-reader\components\pdf-tiles\PdfTiledPageCanvas.tsx","5","SERVER","service","import type { NativePdfSession } from ""../../services"";"
"knexwriter\src\modules\Knexread\native-pdf-reader\components\pdf-tiles\PdfTiledPageCanvas.tsx","8","SERVER","PdfTile","buildKnexPdfTileRenderPlan,"
"knexwriter\src\modules\Knexread\native-pdf-reader\components\pdf-tiles\PdfTiledPageCanvas.tsx","10","BACKEND","PdfEngine","useKnexPdfEngineState,"
"knexwriter\src\modules\Knexread\native-pdf-reader\components\pdf-tiles\PdfTiledPageCanvas.tsx","13","SERVER","PdfPageTile","type KnexPdfPageTile,"
"knexwriter\src\modules\Knexread\native-pdf-reader\components\pdf-tiles\PdfTiledPageCanvas.tsx","16","BACKEND","engine","} from ""../../knex-pdf-engine"";"
"knexwriter\src\modules\Knexread\native-pdf-reader\components\pdf-tiles\PdfTiledPageCanvas.tsx","17","SERVER","pdf-engine/server-tiles/serverTile","import { resolveServerTileFallbackPolicy } from ""../../knex-pdf-engine/server-tiles/serverTileFallbackPolicy"";"
"knexwriter\src\modules\Knexread\native-pdf-reader\components\pdf-tiles\PdfTiledPageCanvas.tsx","17","BACKEND","Fallback","import { resolveServerTileFallbackPolicy } from ""../../knex-pdf-engine/server-tiles/serverTileFallbackPolicy"";"
"knexwriter\src\modules\Knexread\native-pdf-reader\components\pdf-tiles\PdfTiledPageCanvas.tsx","17","BACKEND","Fallback","import { resolveServerTileFallbackPolicy } from ""../../knex-pdf-engine/server-tiles/serverTileFallbackPolicy"";"
"knexwriter\src\modules\Knexread\native-pdf-reader\components\pdf-tiles\PdfTiledPageCanvas.tsx","17","BACKEND","engine","import { resolveServerTileFallbackPolicy } from ""../../knex-pdf-engine/server-tiles/serverTileFallbackPolicy"";"
"knexwriter\src\modules\Knexread\native-pdf-reader\components\pdf-tiles\PdfTiledPageCanvas.tsx","19","SERVER","PdfTile","PdfTiledVisualPageProps,"
"knexwriter\src\modules\Knexread\native-pdf-reader\components\pdf-tiles\PdfTiledPageCanvas.tsx","20","SERVER","PdfTile","PdfTileRenderState,"
"knexwriter\src\modules\Knexread\native-pdf-reader\components\pdf-tiles\PdfTiledPageCanvas.tsx","21","SERVER","PdfTile","} from ""./PdfTileCanvasTypes"";"
"knexwriter\src\modules\Knexread\native-pdf-reader\components\pdf-tiles\PdfTiledPageCanvas.tsx","27","SERVER","PdfTileLayer } from ""./PdfTile","import { PdfTileLayer } from ""./PdfTileLayer"";"
"knexwriter\src\modules\Knexread\native-pdf-reader\components\pdf-tiles\PdfTiledPageCanvas.tsx","35","RENDER","getViewport","getViewport: (params: { scale: number }) => {"
"knexwriter\src\modules\Knexread\native-pdf-reader\components\pdf-tiles\PdfTiledPageCanvas.tsx","45","SERVER","PdfPageTile","tiles: KnexPdfPageTile[];"
"knexwriter\src\modules\Knexread\native-pdf-reader\components\pdf-tiles\PdfTiledPageCanvas.tsx","48","SERVER","RenderMode: ""server","tileRenderMode: ""server-tiled"" | ""tiled-canvas"";"
"knexwriter\src\modules\Knexread\native-pdf-reader\components\pdf-tiles\PdfTiledPageCanvas.tsx","49","BACKEND","backend","backendVersion: number;"
"knexwriter\src\modules\Knexread\native-pdf-reader\components\pdf-tiles\PdfTiledPageCanvas.tsx","50","LIFECYCLE","RenderVersion","finalRenderVersion: number;"
"knexwriter\src\modules\Knexread\native-pdf-reader\components\pdf-tiles\PdfTiledPageCanvas.tsx","52","TILES","tileRows","tileRows: number;"
"knexwriter\src\modules\Knexread\native-pdf-reader\components\pdf-tiles\PdfTiledPageCanvas.tsx","53","TILES","tileColumns","tileColumns: number;"
"knexwriter\src\modules\Knexread\native-pdf-reader\components\pdf-tiles\PdfTiledPageCanvas.tsx","62","BACKEND","FALLBACK","const FALLBACK_PAGE_WIDTH_PT = 612;"
"knexwriter\src\modules\Knexread\native-pdf-reader\components\pdf-tiles\PdfTiledPageCanvas.tsx","63","BACKEND","FALLBACK","const FALLBACK_PAGE_HEIGHT_PT = 792;"
"knexwriter\src\modules\Knexread\native-pdf-reader\components\pdf-tiles\PdfTiledPageCanvas.tsx","85","BACKEND","fallback","fallback = 0,"
"knexwriter\src\modules\Knexread\native-pdf-reader\components\pdf-tiles\PdfTiledPageCanvas.tsx","89","BACKEND","fallback",": fallback;"
"knexwriter\src\modules\Knexread\native-pdf-reader\components\pdf-tiles\PdfTiledPageCanvas.tsx","111","SCALE","OutputScale","function resolveTileGeometryMaxOutputScale("
"knexwriter\src\modules\Knexread\native-pdf-reader\components\pdf-tiles\PdfTiledPageCanvas.tsx","125","SCALE","OutputScale","function resolveTileGeometryMinOutputScale("
"knexwriter\src\modules\Knexread\native-pdf-reader\components\pdf-tiles\PdfTiledPageCanvas.tsx","139","LIFECYCLE","Cache","const pdfPageBaseSizeCache = new WeakMap<"
"knexwriter\src\modules\Knexread\native-pdf-reader\components\pdf-tiles\PdfTiledPageCanvas.tsx","139","LIFECYCLE","WeakMap","const pdfPageBaseSizeCache = new WeakMap<"
"knexwriter\src\modules\Knexread\native-pdf-reader\components\pdf-tiles\PdfTiledPageCanvas.tsx","141","LIFECYCLE","Map<","Map<number, PdfPageBaseSize>"
"knexwriter\src\modules\Knexread\native-pdf-reader\components\pdf-tiles\PdfTiledPageCanvas.tsx","143","LIFECYCLE","Map<","const serverPdfSourceUploads = new Map<string, Promise<void>>();"
"knexwriter\src\modules\Knexread\native-pdf-reader\components\pdf-tiles\PdfTiledPageCanvas.tsx","156","LIFECYCLE","Cache","function readCachedPageBaseSize("
"knexwriter\src\modules\Knexread\native-pdf-reader\components\pdf-tiles\PdfTiledPageCanvas.tsx","160","LIFECYCLE","Cache","return pdfPageBaseSizeCache.get(session)?.get(pageNumber) ?? null;"
"knexwriter\src\modules\Knexread\native-pdf-reader\components\pdf-tiles\PdfTiledPageCanvas.tsx","163","LIFECYCLE","Cache","function writeCachedPageBaseSize(input: {"
"knexwriter\src\modules\Knexread\native-pdf-reader\components\pdf-tiles\PdfTiledPageCanvas.tsx","169","LIFECYCLE","Map<","pdfPageBaseSizeCache.get(input.session) ?? new Map<number, PdfPageBaseSize>();"
"knexwriter\src\modules\Knexread\native-pdf-reader\components\pdf-tiles\PdfTiledPageCanvas.tsx","169","LIFECYCLE","Cache","pdfPageBaseSizeCache.get(input.session) ?? new Map<number, PdfPageBaseSize>();"
"knexwriter\src\modules\Knexread\native-pdf-reader\components\pdf-tiles\PdfTiledPageCanvas.tsx","230","TILES","tileRows","tileRows: number;"
"knexwriter\src\modules\Knexread\native-pdf-reader\components\pdf-tiles\PdfTiledPageCanvas.tsx","231","TILES","tileColumns","tileColumns: number;"
"knexwriter\src\modules\Knexread\native-pdf-reader\components\pdf-tiles\PdfTiledPageCanvas.tsx","234","TILES","tileCount","tileCount: number;"
"knexwriter\src\modules\Knexread\native-pdf-reader\components\pdf-tiles\PdfTiledPageCanvas.tsx","241","SCALE","outputScale","`os=${normalizeLayerNumber(input.geometry.outputScale)}`,"
"knexwriter\src\modules\Knexread\native-pdf-reader\components\pdf-tiles\PdfTiledPageCanvas.tsx","250","TILES","tileColumns","`grid=${input.tileRows}x${input.tileColumns}`,"
"knexwriter\src\modules\Knexread\native-pdf-reader\components\pdf-tiles\PdfTiledPageCanvas.tsx","250","TILES","tileRows","`grid=${input.tileRows}x${input.tileColumns}`,"
"knexwriter\src\modules\Knexread\native-pdf-reader\components\pdf-tiles\PdfTiledPageCanvas.tsx","253","TILES","tileCount","`count=${input.tileCount}`,"
"knexwriter\src\modules\Knexread\native-pdf-reader\components\pdf-tiles\PdfTiledPageCanvas.tsx","267","TILES","tileRows","tileRows: number;"
"knexwriter\src\modules\Knexread\native-pdf-reader\components\pdf-tiles\PdfTiledPageCanvas.tsx","268","TILES","tileColumns","tileColumns: number;"
"knexwriter\src\modules\Knexread\native-pdf-reader\components\pdf-tiles\PdfTiledPageCanvas.tsx","308","SCALE","outputScale","outputScale: number;"
"knexwriter\src\modules\Knexread\native-pdf-reader\components\pdf-tiles\PdfTiledPageCanvas.tsx","321","SCALE","outputScale","`os=${input.outputScale}`,"
"knexwriter\src\modules\Knexread\native-pdf-reader\components\pdf-tiles\PdfTiledPageCanvas.tsx","335","SCALE","outputScale","outputScale: input.outputScale,"
"knexwriter\src\modules\Knexread\native-pdf-reader\components\pdf-tiles\PdfTiledPageCanvas.tsx","335","SCALE","outputScale","outputScale: input.outputScale,"
"knexwriter\src\modules\Knexread\native-pdf-reader\components\pdf-tiles\PdfTiledPageCanvas.tsx","356","SCALE","outputScale","outputScale: number;"
"knexwriter\src\modules\Knexread\native-pdf-reader\components\pdf-tiles\PdfTiledPageCanvas.tsx","369","SCALE","outputScale","outputScale: input.outputScale,"
"knexwriter\src\modules\Knexread\native-pdf-reader\components\pdf-tiles\PdfTiledPageCanvas.tsx","369","SCALE","outputScale","outputScale: input.outputScale,"
"knexwriter\src\modules\Knexread\native-pdf-reader\components\pdf-tiles\PdfTiledPageCanvas.tsx","377","TEXT","textLayer","textLayerMode: ""semantic"","
"knexwriter\src\modules\Knexread\native-pdf-reader\components\pdf-tiles\PdfTiledPageCanvas.tsx","378","TEXT","TextLayer","hasTextLayer: true,"
"knexwriter\src\modules\Knexread\native-pdf-reader\components\pdf-tiles\PdfTiledPageCanvas.tsx","494","RENDER","getViewport","const viewport = (page as PdfPageWithViewport).getViewport({"
"knexwriter\src\modules\Knexread\native-pdf-reader\components\pdf-tiles\PdfTileLayer.tsx","4","SERVER","service","import type { NativePdfSession } from ""../../services"";"
"knexwriter\src\modules\Knexread\native-pdf-reader\components\pdf-tiles\PdfTileLayer.tsx","7","SERVER","PdfPageTile","KnexPdfPageTile,"
"knexwriter\src\modules\Knexread\native-pdf-reader\components\pdf-tiles\PdfTileLayer.tsx","9","SERVER","PdfTile","KnexPdfTilePriority,"
"knexwriter\src\modules\Knexread\native-pdf-reader\components\pdf-tiles\PdfTileLayer.tsx","10","BACKEND","engine","} from ""../../knex-pdf-engine"";"
"knexwriter\src\modules\Knexread\native-pdf-reader\components\pdf-tiles\PdfTileLayer.tsx","11","SERVER","PdfTileCanvas } from ""./PdfTile","import { PdfTileCanvas } from ""./PdfTileCanvas"";"
"knexwriter\src\modules\Knexread\native-pdf-reader\components\pdf-tiles\PdfTileLayer.tsx","13","SERVER","PdfTile","const TILE_PRIORITY_WEIGHT: Record<KnexPdfTilePriority, number> = {"
"knexwriter\src\modules\Knexread\native-pdf-reader\components\pdf-tiles\PdfTileLayer.tsx","20","SERVER","PdfPageTile","tile: KnexPdfPageTile;"
"knexwriter\src\modules\Knexread\native-pdf-reader\components\pdf-tiles\PdfTileLayer.tsx","33","SERVER","PdfTile","export type PdfTileLayerProps = {"
"knexwriter\src\modules\Knexread\native-pdf-reader\components\pdf-tiles\PdfTileLayer.tsx","38","SERVER","PdfPageTile","tiles: KnexPdfPageTile[];"
"knexwriter\src\modules\Knexread\native-pdf-reader\components\pdf-tiles\PdfTileLayer.tsx","42","SERVER","RenderMode: ""server","tileRenderMode: ""server-tiled"" | ""tiled-canvas"";"
"knexwriter\src\modules\Knexread\native-pdf-reader\components\pdf-tiles\PdfTileLayer.tsx","45","BACKEND","backend","backendVersion: number;"
"knexwriter\src\modules\Knexread\native-pdf-reader\components\pdf-tiles\PdfTileLayer.tsx","46","LIFECYCLE","RenderVersion","finalRenderVersion: number;"
"knexwriter\src\modules\Knexread\native-pdf-reader\components\pdf-tiles\PdfTileLayer.tsx","47","LIFECYCLE","generationId","generationId: string;"
"knexwriter\src\modules\Knexread\native-pdf-reader\components\pdf-tiles\PdfTileLayer.tsx","48","LIFECYCLE","generationId","onTileReady?: (tileId: string, generationId: string) => void;"
"knexwriter\src\modules\Knexread\native-pdf-reader\components\pdf-tiles\PdfTileLayer.tsx","51","SERVER","PdfTile","export function PdfTileLayer({"
"knexwriter\src\modules\Knexread\native-pdf-reader\components\pdf-tiles\PdfTileLayer.tsx","63","BACKEND","backend","backendVersion,"
"knexwriter\src\modules\Knexread\native-pdf-reader\components\pdf-tiles\PdfTileLayer.tsx","64","LIFECYCLE","RenderVersion","finalRenderVersion,"
"knexwriter\src\modules\Knexread\native-pdf-reader\components\pdf-tiles\PdfTileLayer.tsx","65","LIFECYCLE","generationId","generationId,"
"knexwriter\src\modules\Knexread\native-pdf-reader\components\pdf-tiles\PdfTileLayer.tsx","87","LIFECYCLE","generationId","data-knex-pdf-tile-generation-id={generationId}"
"knexwriter\src\modules\Knexread\native-pdf-reader\components\pdf-tiles\PdfTileLayer.tsx","95","LIFECYCLE","generationId","key={`${generationId}:${tile.row}:${tile.column}`}"
"knexwriter\src\modules\Knexread\native-pdf-reader\components\pdf-tiles\PdfTileLayer.tsx","106","BACKEND","backend","backendVersion={backendVersion}"
"knexwriter\src\modules\Knexread\native-pdf-reader\components\pdf-tiles\PdfTileLayer.tsx","106","BACKEND","backend","backendVersion={backendVersion}"
"knexwriter\src\modules\Knexread\native-pdf-reader\components\pdf-tiles\PdfTileLayer.tsx","107","LIFECYCLE","RenderVersion","finalRenderVersion={finalRenderVersion}"
"knexwriter\src\modules\Knexread\native-pdf-reader\components\pdf-tiles\PdfTileLayer.tsx","107","LIFECYCLE","RenderVersion","finalRenderVersion={finalRenderVersion}"
"knexwriter\src\modules\Knexread\native-pdf-reader\components\pdf-tiles\PdfTileLayer.tsx","108","LIFECYCLE","generationId","generationId={generationId}"
"knexwriter\src\modules\Knexread\native-pdf-reader\components\pdf-tiles\TileRenderDiagnostics.tsx","4","BACKEND","engine","import type { KnexPdfVisualRenderMode } from ""../../knex-pdf-engine"";"
"knexwriter\src\modules\Knexread\native-pdf-reader\components\pdf-tiles\TileRenderDiagnostics.tsx","12","LIFECYCLE","cache","cache: string;"
"knexwriter\src\modules\Knexread\native-pdf-reader\components\pdf-tiles\TileRenderDiagnostics.tsx","13","BACKEND","backend","backend: string;"
"knexwriter\src\modules\Knexread\native-pdf-reader\components\pdf-tiles\TileRenderDiagnostics.tsx","15","SCALE","outputScale","outputScale: string;"
"knexwriter\src\modules\Knexread\native-pdf-reader\components\pdf-tiles\TileRenderDiagnostics.tsx","24","TILES","tileCount","tileCount: number;"
"knexwriter\src\modules\Knexread\native-pdf-reader\components\pdf-tiles\TileRenderDiagnostics.tsx","28","SCALE","ScaleX","avgScaleX: number;"
"knexwriter\src\modules\Knexread\native-pdf-reader\components\pdf-tiles\TileRenderDiagnostics.tsx","29","SCALE","ScaleY","avgScaleY: number;"
"knexwriter\src\modules\Knexread\native-pdf-reader\components\pdf-tiles\TileRenderDiagnostics.tsx","30","SCALE","ScaleX","minScaleX: number;"
"knexwriter\src\modules\Knexread\native-pdf-reader\components\pdf-tiles\TileRenderDiagnostics.tsx","31","SCALE","ScaleY","minScaleY: number;"
"knexwriter\src\modules\Knexread\native-pdf-reader\components\pdf-tiles\TileRenderDiagnostics.tsx","58","SERVER","pdf-tile","'[data-knex-pdf-tile=""true""]',"
"knexwriter\src\modules\Knexread\native-pdf-reader\components\pdf-tiles\TileRenderDiagnostics.tsx","66","SERVER","PdfTile","tileId: tile.dataset.knexPdfTileId ?? """","
"knexwriter\src\modules\Knexread\native-pdf-reader\components\pdf-tiles\TileRenderDiagnostics.tsx","67","SERVER","PdfTile","row: tile.dataset.knexPdfTileRow ?? """","
"knexwriter\src\modules\Knexread\native-pdf-reader\components\pdf-tiles\TileRenderDiagnostics.tsx","68","SERVER","PdfTile","column: tile.dataset.knexPdfTileColumn ?? """","
"knexwriter\src\modules\Knexread\native-pdf-reader\components\pdf-tiles\TileRenderDiagnostics.tsx","69","SERVER","PdfTile","status: tile.dataset.knexPdfTileStatus ?? """","
"knexwriter\src\modules\Knexread\native-pdf-reader\components\pdf-tiles\TileRenderDiagnostics.tsx","70","LIFECYCLE","cache","cache: tile.dataset.knexPdfTileCache ?? """","
"knexwriter\src\modules\Knexread\native-pdf-reader\components\pdf-tiles\TileRenderDiagnostics.tsx","70","LIFECYCLE","Cache","cache: tile.dataset.knexPdfTileCache ?? """","
"knexwriter\src\modules\Knexread\native-pdf-reader\components\pdf-tiles\TileRenderDiagnostics.tsx","70","SERVER","PdfTile","cache: tile.dataset.knexPdfTileCache ?? """","
"knexwriter\src\modules\Knexread\native-pdf-reader\components\pdf-tiles\TileRenderDiagnostics.tsx","71","BACKEND","Backend","backend: tile.dataset.knexPdfBackend ?? """","
"knexwriter\src\modules\Knexread\native-pdf-reader\components\pdf-tiles\TileRenderDiagnostics.tsx","71","BACKEND","backend","backend: tile.dataset.knexPdfBackend ?? """","
"knexwriter\src\modules\Knexread\native-pdf-reader\components\pdf-tiles\TileRenderDiagnostics.tsx","73","SCALE","outputScale","outputScale: tile.dataset.knexPdfOutputScale ?? """","
"knexwriter\src\modules\Knexread\native-pdf-reader\components\pdf-tiles\TileRenderDiagnostics.tsx","73","SCALE","OutputScale","outputScale: tile.dataset.knexPdfOutputScale ?? """","
"knexwriter\src\modules\Knexread\native-pdf-reader\components\pdf-tiles\TileRenderDiagnostics.tsx","75","SERVER","PdfTile","renderDurationMs: tile.dataset.knexPdfTileRenderDurationMs ?? """","
"knexwriter\src\modules\Knexread\native-pdf-reader\components\pdf-tiles\TileRenderDiagnostics.tsx","77","SERVER","PdfTile","viewportVisible: tile.dataset.knexPdfTileViewportVisible ?? """","
"knexwriter\src\modules\Knexread\native-pdf-reader\components\pdf-tiles\TileRenderDiagnostics.tsx","81","SCALE","scaleY","function readTileScale(tile: HTMLElement): { scaleX: number; scaleY: number } {"
"knexwriter\src\modules\Knexread\native-pdf-reader\components\pdf-tiles\TileRenderDiagnostics.tsx","81","SCALE","scaleX","function readTileScale(tile: HTMLElement): { scaleX: number; scaleY: number } {"
"knexwriter\src\modules\Knexread\native-pdf-reader\components\pdf-tiles\TileRenderDiagnostics.tsx","82","SCALE","getBoundingClientRect","const rect = tile.getBoundingClientRect();"
"knexwriter\src\modules\Knexread\native-pdf-reader\components\pdf-tiles\TileRenderDiagnostics.tsx","90","TILES","Gap","function countInternalGaps(input: {"
"knexwriter\src\modules\Knexread\native-pdf-reader\components\pdf-tiles\TileRenderDiagnostics.tsx","93","SERVER","PdfTileRow"" | ""knexPdfTile","groupDatasetKey: ""knexPdfTileRow"" | ""knexPdfTileColumn"";"
"knexwriter\src\modules\Knexread\native-pdf-reader\components\pdf-tiles\TileRenderDiagnostics.tsx","95","LIFECYCLE","Map<","const grouped = new Map<string, HTMLElement[]>();"
"knexwriter\src\modules\Knexread\native-pdf-reader\components\pdf-tiles\TileRenderDiagnostics.tsx","102","TILES","gap","let gaps = 0;"
"knexwriter\src\modules\Knexread\native-pdf-reader\components\pdf-tiles\TileRenderDiagnostics.tsx","108","SERVER","PdfTile","? Number(a.dataset.knexPdfTileCssLeft ?? 0)"
"knexwriter\src\modules\Knexread\native-pdf-reader\components\pdf-tiles\TileRenderDiagnostics.tsx","135","TILES","gap","gaps += 1;"
"knexwriter\src\modules\Knexread\native-pdf-reader\components\pdf-tiles\TileRenderDiagnostics.tsx","140","TILES","gap","return gaps;"
"knexwriter\src\modules\Knexread\native-pdf-reader\components\pdf-tiles\TileRenderDiagnostics.tsx","144","LIFECYCLE","Map<","const pageTiles = new Map<number, HTMLElement[]>();"
"knexwriter\src\modules\Knexread\native-pdf-reader\components\pdf-tiles\TileRenderDiagnostics.tsx","175","TILES","tileCount","tileCount: tiles.length,"
"knexwriter\src\modules\Knexread\native-pdf-reader\components\pdf-tiles\TileRenderDiagnostics.tsx","183","TILES","Gap","internalVerticalProblems: countInternalGaps({"
"knexwriter\src\modules\Knexread\native-pdf-reader\components\pdf-tiles\TileRenderDiagnostics.tsx","188","TILES","Gap","internalHorizontalProblems: countInternalGaps({"
"knexwriter\src\modules\Knexread\native-pdf-reader\components\pdf-tiles\TileViewportObserver.tsx","19","SCALE","getBoundingClientRect","const rect = tile.getBoundingClientRect();"
"knexwriter\src\modules\Knexread\native-pdf-reader\components\pdf-tiles\TileViewportObserver.tsx","46","SERVER","pdf-tile-id=""${tile","container.querySelector(`[data-knex-pdf-tile-id=""${tileId}""]`),"
"knexwriter\src\modules\Knexread\native-pdf-reader\components\pdf-tiles\TileViewportObserver.tsx","58","SERVER","pdf-tile","centralTile?.getAttribute(""data-knex-pdf-tile-id"") ?? null,"
"knexwriter\src\modules\Knexread\native-pdf-reader\components\pdf-tiles\TileViewportObserver.tsx","65","SERVER","pdf-tile","const tileId = entry.target.getAttribute(""data-knex-pdf-tile-id"");"
"knexwriter\src\modules\Knexread\native-pdf-reader\components\pdf-tiles\TileViewportObserver.tsx","71","SERVER","pdf-tile","""data-knex-pdf-tile-viewport-visible"","
"knexwriter\src\modules\Knexread\native-pdf-reader\components\pdf-tiles\TileViewportObserver.tsx","77","SERVER","pdf-tile","""data-knex-pdf-tile-viewport-visible"","
"knexwriter\src\modules\Knexread\native-pdf-reader\components\pdf-tiles\TileViewportObserver.tsx","94","SERVER","pdf-tile","container.querySelectorAll('[data-knex-pdf-tile=""true""]'),"
"knexwriter\src\modules\Knexread\native-pdf-reader\components\pdf-tiles\TileViewportObserver.tsx","100","SERVER","pdf-tile","const tileId = tile.getAttribute(""data-knex-pdf-tile-id"");"
"knexwriter\src\modules\Knexread\native-pdf-reader\components\PdfToolbar.tsx","60","TILES","gap","<footer className=""flex h-14 shrink-0 items-center gap-3 border-t border-zinc-800 bg-zinc-950 px-3 text-zinc-100"">"
"knexwriter\src\modules\Knexread\native-pdf-reader\components\PdfToolbar.tsx","84","TILES","gap","<div className=""ml-3 flex items-center gap-1"">"
"knexwriter\src\modules\Knexread\native-pdf-reader\components\PdfToolbar.tsx","134","TILES","gap","<div className=""ml-auto flex items-center gap-2"">"
"knexwriter\src\modules\Knexread\native-pdf-reader\components\PdfTranslationLayer.tsx","5","SERVER","service","import { reconstructTranslationBlocks } from ""../services"";"
"knexwriter\src\modules\Knexread\native-pdf-reader\components\PdfTranslationLayer.tsx","78","TEXT","fontFamily","fontFamily: source.style.fontFamily ?? ""serif"","
"knexwriter\src\modules\Knexread\native-pdf-reader\components\PdfTranslationLayer.tsx","78","TEXT","fontFamily","fontFamily: source.style.fontFamily ?? ""serif"","
"knexwriter\src\modules\Knexread\native-pdf-reader\db\pdfReader.repository.ts","285","LIFECYCLE","abort","tx.onabort = () => reject(tx.error ?? new Error(""IndexedDB put aborted""));"
"knexwriter\src\modules\Knexread\native-pdf-reader\db\pdfReader.repository.ts","285","LIFECYCLE","abort","tx.onabort = () => reject(tx.error ?? new Error(""IndexedDB put aborted""));"
"knexwriter\src\modules\Knexread\native-pdf-reader\db\pdfReader.repository.ts","301","LIFECYCLE","abort","tx.onabort = () => reject(tx.error ?? new Error(""IndexedDB bulk put aborted""));"
"knexwriter\src\modules\Knexread\native-pdf-reader\db\pdfReader.repository.ts","301","LIFECYCLE","abort","tx.onabort = () => reject(tx.error ?? new Error(""IndexedDB bulk put aborted""));"
"knexwriter\src\modules\Knexread\native-pdf-reader\db\pdfReader.repository.ts","317","LIFECYCLE","abort","tx.onabort = () => reject(tx.error ?? new Error(""IndexedDB get aborted""));"
"knexwriter\src\modules\Knexread\native-pdf-reader\db\pdfReader.repository.ts","317","LIFECYCLE","abort","tx.onabort = () => reject(tx.error ?? new Error(""IndexedDB get aborted""));"
"knexwriter\src\modules\Knexread\native-pdf-reader\db\pdfReader.repository.ts","334","LIFECYCLE","abort","tx.onabort = () => reject(tx.error ?? new Error(""IndexedDB index get aborted""));"
"knexwriter\src\modules\Knexread\native-pdf-reader\db\pdfReader.repository.ts","334","LIFECYCLE","abort","tx.onabort = () => reject(tx.error ?? new Error(""IndexedDB index get aborted""));"
"knexwriter\src\modules\Knexread\native-pdf-reader\db\pdfReader.repository.ts","350","LIFECYCLE","abort","tx.onabort = () =>"
"knexwriter\src\modules\Knexread\native-pdf-reader\db\pdfReader.repository.ts","351","LIFECYCLE","abort","reject(tx.error ?? new Error(""IndexedDB index getAll aborted""));"
"knexwriter\src\modules\Knexread\native-pdf-reader\hooks\usePdfAnnotations.ts","8","SERVER","service","} from ""../services"";"
"knexwriter\src\modules\Knexread\native-pdf-reader\hooks\usePdfDocument.ts","7","SERVER","service","} from ""../services"";"
"knexwriter\src\modules\Knexread\native-pdf-reader\hooks\usePdfDocument.ts","9","SERVER","service","import type { NativePdfSession } from ""../services"";"
"knexwriter\src\modules\Knexread\native-pdf-reader\hooks\usePdfHighlights.ts","8","SERVER","service","} from ""../services"";"
"knexwriter\src\modules\Knexread\native-pdf-reader\hooks\usePdfMetadata.ts","3","SERVER","service","import { buildPdfSourceCandidate } from ""../services"";"
"knexwriter\src\modules\Knexread\native-pdf-reader\hooks\usePdfMetadata.ts","4","SERVER","Service","import { pdfReaderService } from ""../api"";"
"knexwriter\src\modules\Knexread\native-pdf-reader\hooks\usePdfMetadata.ts","24","SERVER","Service","await pdfReaderService.saveReferenceCandidate(candidate);"
"knexwriter\src\modules\Knexread\native-pdf-reader\hooks\usePdfSearch.ts","3","BACKEND","engine","import type { KnexPdfTextBlock as PdfTextBlock } from ""../knex-pdf-engine"";"
"knexwriter\src\modules\Knexread\native-pdf-reader\hooks\usePdfSelection.ts","4","SERVER","service","import { buildTextAnchorFromSelection } from ""../services"";"
"knexwriter\src\modules\Knexread\native-pdf-reader\hooks\usePdfSelection.ts","5","BACKEND","engine","import type { KnexPdfTextBlock as PdfTextBlock } from ""../knex-pdf-engine"";"
"knexwriter\src\modules\Knexread\native-pdf-reader\hooks\usePdfSelection.ts","33","SCALE","getBoundingClientRect","const pageRect = input.pageElement.getBoundingClientRect();"
"knexwriter\src\modules\Knexread\native-pdf-reader\hooks\usePdfZoom.ts","3","BACKEND","PdfEngine","useKnexPdfEngine,"
"knexwriter\src\modules\Knexread\native-pdf-reader\hooks\usePdfZoom.ts","4","BACKEND","PdfEngine","useKnexPdfEngineState,"
"knexwriter\src\modules\Knexread\native-pdf-reader\hooks\usePdfZoom.ts","5","BACKEND","PdfEngine","} from ""../knex-pdf-engine/KnexPdfEngineProvider"";"
"knexwriter\src\modules\Knexread\native-pdf-reader\hooks\usePdfZoom.ts","5","BACKEND","engine","} from ""../knex-pdf-engine/KnexPdfEngineProvider"";"
"knexwriter\src\modules\Knexread\native-pdf-reader\hooks\usePdfZoom.ts","8","BACKEND","engine","const engine = useKnexPdfEngine();"
"knexwriter\src\modules\Knexread\native-pdf-reader\hooks\usePdfZoom.ts","8","BACKEND","PdfEngine","const engine = useKnexPdfEngine();"
"knexwriter\src\modules\Knexread\native-pdf-reader\hooks\usePdfZoom.ts","9","BACKEND","PdfEngine","const engineState = useKnexPdfEngineState();"
"knexwriter\src\modules\Knexread\native-pdf-reader\hooks\usePdfZoom.ts","9","BACKEND","engine","const engineState = useKnexPdfEngineState();"
"knexwriter\src\modules\Knexread\native-pdf-reader\hooks\usePdfZoom.ts","11","BACKEND","engine","const zoomScale = engineState.zoom;"
"knexwriter\src\modules\Knexread\native-pdf-reader\hooks\usePdfZoom.ts","16","BACKEND","engine","return engine.setZoomPercent(value, {"
"knexwriter\src\modules\Knexread\native-pdf-reader\index.ts","5","BACKEND","engine","export * from ""./knex-pdf-engine"";"
"knexwriter\src\modules\Knexread\native-pdf-reader\index.ts","6","SERVER","service","export * from ""./services"";"
"knexwriter\src\modules\Knexread\native-pdf-reader\knex-pdf-engine\annotations\AnnotationController.ts","12","SERVER","Controller","export class AnnotationController {"
"knexwriter\src\modules\Knexread\native-pdf-reader\knex-pdf-engine\backends\BackendRegistry.ts","1","BACKEND","engine","import type { KnexPdfBackendId } from ""../core/engineTypes"";"
"knexwriter\src\modules\Knexread\native-pdf-reader\knex-pdf-engine\backends\BackendRegistry.ts","1","BACKEND","Backend","import type { KnexPdfBackendId } from ""../core/engineTypes"";"
"knexwriter\src\modules\Knexread\native-pdf-reader\knex-pdf-engine\backends\BackendRegistry.ts","2","BACKEND","engine","import type { KnexPdfBackendSelectionMode } from ""../core/engineState"";"
"knexwriter\src\modules\Knexread\native-pdf-reader\knex-pdf-engine\backends\BackendRegistry.ts","2","BACKEND","Backend","import type { KnexPdfBackendSelectionMode } from ""../core/engineState"";"
"knexwriter\src\modules\Knexread\native-pdf-reader\knex-pdf-engine\backends\BackendRegistry.ts","3","BACKEND","Backend","import type { PdfRenderBackend } from ""./PdfRenderBackend"";"
"knexwriter\src\modules\Knexread\native-pdf-reader\knex-pdf-engine\backends\BackendRegistry.ts","3","BACKEND","Backend","import type { PdfRenderBackend } from ""./PdfRenderBackend"";"
"knexwriter\src\modules\Knexread\native-pdf-reader\knex-pdf-engine\backends\BackendRegistry.ts","4","BACKEND","Backend","import { PdfJsBackend } from ""./pdfjs/PdfJsBackend"";"
"knexwriter\src\modules\Knexread\native-pdf-reader\knex-pdf-engine\backends\BackendRegistry.ts","4","BACKEND","Backend","import { PdfJsBackend } from ""./pdfjs/PdfJsBackend"";"
"knexwriter\src\modules\Knexread\native-pdf-reader\knex-pdf-engine\backends\BackendRegistry.ts","5","PDFIUM","Pdfium","import { PdfiumBackend } from ""./future-pdfium"";"
"knexwriter\src\modules\Knexread\native-pdf-reader\knex-pdf-engine\backends\BackendRegistry.ts","5","PDFIUM","future-pdfium","import { PdfiumBackend } from ""./future-pdfium"";"
"knexwriter\src\modules\Knexread\native-pdf-reader\knex-pdf-engine\backends\BackendRegistry.ts","5","BACKEND","Backend","import { PdfiumBackend } from ""./future-pdfium"";"
"knexwriter\src\modules\Knexread\native-pdf-reader\knex-pdf-engine\backends\BackendRegistry.ts","6","BACKEND","Backend","import { MuPdfBackend } from ""./future-mupdf"";"
"knexwriter\src\modules\Knexread\native-pdf-reader\knex-pdf-engine\backends\BackendRegistry.ts","16","LIFECYCLE","Map<","private readonly backends = new Map<string, BackendRegistryEntry>();"
"knexwriter\src\modules\Knexread\native-pdf-reader\knex-pdf-engine\backends\BackendRegistry.ts","61","PDFIUM","pdfium","pdfiumBackend?: PdfiumBackend;"
"knexwriter\src\modules\Knexread\native-pdf-reader\knex-pdf-engine\backends\BackendRegistry.ts","61","PDFIUM","Pdfium","pdfiumBackend?: PdfiumBackend;"
"knexwriter\src\modules\Knexread\native-pdf-reader\knex-pdf-engine\backends\BackendRegistry.ts","67","PDFIUM","Pdfium","registry.register(options.pdfiumBackend ?? new PdfiumBackend(), {"
"knexwriter\src\modules\Knexread\native-pdf-reader\knex-pdf-engine\backends\BackendRegistry.ts","67","PDFIUM","pdfium","registry.register(options.pdfiumBackend ?? new PdfiumBackend(), {"
"knexwriter\src\modules\Knexread\native-pdf-reader\knex-pdf-engine\backends\BackendSelector.ts","1","BACKEND","Backend","import type { KnexPdfBackendSelectionMode } from ""../core/engineState"";"
"knexwriter\src\modules\Knexread\native-pdf-reader\knex-pdf-engine\backends\BackendSelector.ts","1","BACKEND","engine","import type { KnexPdfBackendSelectionMode } from ""../core/engineState"";"
"knexwriter\src\modules\Knexread\native-pdf-reader\knex-pdf-engine\backends\BackendSelector.ts","2","BACKEND","engine","import type { KnexPdfBackendId } from ""../core/engineTypes"";"
"knexwriter\src\modules\Knexread\native-pdf-reader\knex-pdf-engine\backends\BackendSelector.ts","2","BACKEND","Backend","import type { KnexPdfBackendId } from ""../core/engineTypes"";"
"knexwriter\src\modules\Knexread\native-pdf-reader\knex-pdf-engine\backends\BackendSelector.ts","4","BACKEND","Backend","PdfBackendCapabilities,"
"knexwriter\src\modules\Knexread\native-pdf-reader\knex-pdf-engine\backends\BackendSelector.ts","5","BACKEND","Backend","PdfRenderBackend,"
"knexwriter\src\modules\Knexread\native-pdf-reader\knex-pdf-engine\backends\BackendSelector.ts","6","BACKEND","Backend","} from ""./PdfRenderBackend"";"
"knexwriter\src\modules\Knexread\native-pdf-reader\knex-pdf-engine\backends\BackendSelector.ts","7","BACKEND","Backend","import { BackendRegistry } from ""./BackendRegistry"";"
"knexwriter\src\modules\Knexread\native-pdf-reader\knex-pdf-engine\backends\BackendSelector.ts","7","BACKEND","Backend","import { BackendRegistry } from ""./BackendRegistry"";"
"knexwriter\src\modules\Knexread\native-pdf-reader\knex-pdf-engine\backends\BackendSelector.ts","9","BACKEND","Backend","export type BackendSelectionResult = {"
"knexwriter\src\modules\Knexread\native-pdf-reader\knex-pdf-engine\backends\BackendSelector.ts","23","PDFIUM","pdfium","const AUTO_BACKEND_ORDER: KnexPdfBackendId[] = [""pdfium"", ""mupdf"", ""pdfjs""];"
"knexwriter\src\modules\Knexread\native-pdf-reader\knex-pdf-engine\backends\BackendSelector.ts","28","RENDER","renderPage","renderPage: false,"
"knexwriter\src\modules\Knexread\native-pdf-reader\knex-pdf-engine\backends\BackendSelector.ts","40","PDFIUM","pdfium","return id === ""pdfjs"" || id === ""pdfium"" || id === ""mupdf"";"
"knexwriter\src\modules\Knexread\native-pdf-reader\knex-pdf-engine\backends\future-mupdf\index.ts","2","BACKEND","Backend","export * from ""./MuPdfBackend"";"
"knexwriter\src\modules\Knexread\native-pdf-reader\knex-pdf-engine\backends\future-mupdf\index.ts","3","BACKEND","Renderer","export * from ""./MuPdfPageRenderer"";"
"knexwriter\src\modules\Knexread\native-pdf-reader\knex-pdf-engine\backends\future-mupdf\index.ts","4","BACKEND","Runtime","export * from ""./MuPdfRuntimeLoader"";"
"knexwriter\src\modules\Knexread\native-pdf-reader\knex-pdf-engine\backends\future-mupdf\MuPdfAnnotationExtractor.ts","2","BACKEND","Backend","PdfBackendAnnotation,"
"knexwriter\src\modules\Knexread\native-pdf-reader\knex-pdf-engine\backends\future-mupdf\MuPdfAnnotationExtractor.ts","3","BACKEND","Backend","PdfBackendExtractAnnotationsInput,"
"knexwriter\src\modules\Knexread\native-pdf-reader\knex-pdf-engine\backends\future-mupdf\MuPdfAnnotationExtractor.ts","4","BACKEND","Backend","} from ""../PdfRenderBackend"";"
"knexwriter\src\modules\Knexread\native-pdf-reader\knex-pdf-engine\backends\future-mupdf\MuPdfAnnotationExtractor.ts","5","BACKEND","Runtime","import { MuPdfRuntimeLoader } from ""./MuPdfRuntimeLoader"";"
"knexwriter\src\modules\Knexread\native-pdf-reader\knex-pdf-engine\backends\future-mupdf\MuPdfAnnotationExtractor.ts","5","BACKEND","Runtime","import { MuPdfRuntimeLoader } from ""./MuPdfRuntimeLoader"";"
"knexwriter\src\modules\Knexread\native-pdf-reader\knex-pdf-engine\backends\future-mupdf\MuPdfAnnotationExtractor.ts","8","BACKEND","runtime","constructor(private readonly runtimeLoader: MuPdfRuntimeLoader) {}"
"knexwriter\src\modules\Knexread\native-pdf-reader\knex-pdf-engine\backends\future-mupdf\MuPdfAnnotationExtractor.ts","8","BACKEND","Runtime","constructor(private readonly runtimeLoader: MuPdfRuntimeLoader) {}"
"knexwriter\src\modules\Knexread\native-pdf-reader\knex-pdf-engine\backends\future-mupdf\MuPdfAnnotationExtractor.ts","11","BACKEND","Backend","input: PdfBackendExtractAnnotationsInput,"
"knexwriter\src\modules\Knexread\native-pdf-reader\knex-pdf-engine\backends\future-mupdf\MuPdfAnnotationExtractor.ts","12","BACKEND","Backend","): Promise<PdfBackendAnnotation[]> {"
"knexwriter\src\modules\Knexread\native-pdf-reader\knex-pdf-engine\backends\future-mupdf\MuPdfAnnotationExtractor.ts","13","BACKEND","runtime","const runtime = await this.runtimeLoader.getRuntime();"
"knexwriter\src\modules\Knexread\native-pdf-reader\knex-pdf-engine\backends\future-mupdf\MuPdfBackend.ts","3","TEXT","SemanticText","KnexPdfSemanticTextBlock,"
"knexwriter\src\modules\Knexread\native-pdf-reader\knex-pdf-engine\backends\future-mupdf\MuPdfBackend.ts","4","BACKEND","engine","} from ""../../core/engineTypes"";"
"knexwriter\src\modules\Knexread\native-pdf-reader\knex-pdf-engine\backends\future-mupdf\MuPdfBackend.ts","6","BACKEND","Backend","PdfBackendAnnotation,"
"knexwriter\src\modules\Knexread\native-pdf-reader\knex-pdf-engine\backends\future-mupdf\MuPdfBackend.ts","7","BACKEND","Backend","PdfBackendCapabilities,"
"knexwriter\src\modules\Knexread\native-pdf-reader\knex-pdf-engine\backends\future-mupdf\MuPdfBackend.ts","8","BACKEND","Backend","PdfBackendDocumentHandle,"
"knexwriter\src\modules\Knexread\native-pdf-reader\knex-pdf-engine\backends\future-mupdf\MuPdfBackend.ts","9","BACKEND","Backend","PdfBackendDocumentSource,"
"knexwriter\src\modules\Knexread\native-pdf-reader\knex-pdf-engine\backends\future-mupdf\MuPdfBackend.ts","10","BACKEND","Backend","PdfBackendPageHandle,"
"knexwriter\src\modules\Knexread\native-pdf-reader\knex-pdf-engine\backends\future-mupdf\MuPdfBackend.ts","11","BACKEND","Backend","PdfBackendRenderPageInput,"
"knexwriter\src\modules\Knexread\native-pdf-reader\knex-pdf-engine\backends\future-mupdf\MuPdfBackend.ts","11","RENDER","RenderPage","PdfBackendRenderPageInput,"
"knexwriter\src\modules\Knexread\native-pdf-reader\knex-pdf-engine\backends\future-mupdf\MuPdfBackend.ts","12","SERVER","PdfBackendRenderTile","PdfBackendRenderTileInput,"
"knexwriter\src\modules\Knexread\native-pdf-reader\knex-pdf-engine\backends\future-mupdf\MuPdfBackend.ts","12","TILES","RenderTile","PdfBackendRenderTileInput,"
"knexwriter\src\modules\Knexread\native-pdf-reader\knex-pdf-engine\backends\future-mupdf\MuPdfBackend.ts","12","BACKEND","Backend","PdfBackendRenderTileInput,"
"knexwriter\src\modules\Knexread\native-pdf-reader\knex-pdf-engine\backends\future-mupdf\MuPdfBackend.ts","13","BACKEND","Backend","PdfRenderBackend,"
"knexwriter\src\modules\Knexread\native-pdf-reader\knex-pdf-engine\backends\future-mupdf\MuPdfBackend.ts","14","BACKEND","Backend","} from ""../PdfRenderBackend"";"
"knexwriter\src\modules\Knexread\native-pdf-reader\knex-pdf-engine\backends\future-mupdf\MuPdfBackend.ts","57","RENDER","renderPage","renderPage("
"knexwriter\src\modules\Knexread\native-pdf-reader\knex-pdf-engine\backends\future-mupdf\MuPdfBackend.ts","58","RENDER","RenderPage","input: PdfBackendRenderPageInput,"
"knexwriter\src\modules\Knexread\native-pdf-reader\knex-pdf-engine\backends\future-mupdf\MuPdfBackend.ts","66","TILES","renderTile","renderTile("
"knexwriter\src\modules\Knexread\native-pdf-reader\knex-pdf-engine\backends\future-mupdf\MuPdfBackend.ts","67","TILES","RenderTile","input: PdfBackendRenderTileInput,"
"knexwriter\src\modules\Knexread\native-pdf-reader\knex-pdf-engine\backends\future-mupdf\MuPdfBackend.ts","67","SERVER","PdfBackendRenderTile","input: PdfBackendRenderTileInput,"
"knexwriter\src\modules\Knexread\native-pdf-reader\knex-pdf-engine\backends\future-mupdf\MuPdfBackend.ts","69","TILES","renderTile","return this.pageRenderer.renderTile({"
"knexwriter\src\modules\Knexread\native-pdf-reader\knex-pdf-engine\backends\future-mupdf\MuPdfBackend.ts","78","TEXT","SemanticText","): Promise<KnexPdfSemanticTextBlock[]> {"
"knexwriter\src\modules\Knexread\native-pdf-reader\knex-pdf-engine\backends\future-mupdf\MuPdfBackend.ts","88","LIFECYCLE","Abort","signal?: AbortSignal;"
"knexwriter\src\modules\Knexread\native-pdf-reader\knex-pdf-engine\backends\future-mupdf\MuPdfBackend.ts","89","TEXT","SemanticText","}): Promise<KnexPdfSemanticTextBlock[]> {"
"knexwriter\src\modules\Knexread\native-pdf-reader\knex-pdf-engine\backends\future-mupdf\MuPdfBackend.ts","109","LIFECYCLE","Abort","signal?: AbortSignal;"
"knexwriter\src\modules\Knexread\native-pdf-reader\knex-pdf-engine\backends\future-mupdf\MuPdfBackend.ts","117","LIFECYCLE","destroy","async destroyDocument(document: PdfBackendDocumentHandle): Promise<void> {"
"knexwriter\src\modules\Knexread\native-pdf-reader\knex-pdf-engine\backends\future-mupdf\MuPdfBackend.ts","119","LIFECYCLE","destroy","await runtime.destroyDocument?.(document);"
"knexwriter\src\modules\Knexread\native-pdf-reader\knex-pdf-engine\backends\future-mupdf\MuPdfBackend.ts","122","LIFECYCLE","destroy","async destroy(): Promise<void> {"
"knexwriter\src\modules\Knexread\native-pdf-reader\knex-pdf-engine\backends\future-mupdf\MuPdfBackend.ts","124","LIFECYCLE","destroy","await runtime.destroy?.();"
"knexwriter\src\modules\Knexread\native-pdf-reader\knex-pdf-engine\backends\future-mupdf\MuPdfPageRenderer.ts","1","BACKEND","engine","import type { KnexPdfCanvasRenderResult } from ""../../core/engineTypes"";"
"knexwriter\src\modules\Knexread\native-pdf-reader\knex-pdf-engine\backends\future-mupdf\MuPdfPageRenderer.ts","3","RENDER","RenderPage","PdfBackendRenderPageInput,"
"knexwriter\src\modules\Knexread\native-pdf-reader\knex-pdf-engine\backends\future-mupdf\MuPdfPageRenderer.ts","3","BACKEND","Backend","PdfBackendRenderPageInput,"
"knexwriter\src\modules\Knexread\native-pdf-reader\knex-pdf-engine\backends\future-mupdf\MuPdfPageRenderer.ts","4","SERVER","PdfBackendRenderTile","PdfBackendRenderTileInput,"
"knexwriter\src\modules\Knexread\native-pdf-reader\knex-pdf-engine\backends\future-mupdf\MuPdfPageRenderer.ts","4","BACKEND","Backend","PdfBackendRenderTileInput,"
"knexwriter\src\modules\Knexread\native-pdf-reader\knex-pdf-engine\backends\future-mupdf\MuPdfPageRenderer.ts","4","TILES","RenderTile","PdfBackendRenderTileInput,"
"knexwriter\src\modules\Knexread\native-pdf-reader\knex-pdf-engine\backends\future-mupdf\MuPdfPageRenderer.ts","5","BACKEND","Backend","} from ""../PdfRenderBackend"";"
"knexwriter\src\modules\Knexread\native-pdf-reader\knex-pdf-engine\backends\future-mupdf\MuPdfPageRenderer.ts","6","BACKEND","Runtime","import { MuPdfRuntimeLoader } from ""./MuPdfRuntimeLoader"";"
"knexwriter\src\modules\Knexread\native-pdf-reader\knex-pdf-engine\backends\future-mupdf\MuPdfPageRenderer.ts","6","BACKEND","Runtime","import { MuPdfRuntimeLoader } from ""./MuPdfRuntimeLoader"";"
"knexwriter\src\modules\Knexread\native-pdf-reader\knex-pdf-engine\backends\future-mupdf\MuPdfPageRenderer.ts","8","BACKEND","Renderer","export class MuPdfPageRenderer {"
"knexwriter\src\modules\Knexread\native-pdf-reader\knex-pdf-engine\backends\future-mupdf\MuPdfPageRenderer.ts","9","BACKEND","runtime","constructor(private readonly runtimeLoader: MuPdfRuntimeLoader) {}"
"knexwriter\src\modules\Knexread\native-pdf-reader\knex-pdf-engine\backends\future-mupdf\MuPdfPageRenderer.ts","9","BACKEND","Runtime","constructor(private readonly runtimeLoader: MuPdfRuntimeLoader) {}"
"knexwriter\src\modules\Knexread\native-pdf-reader\knex-pdf-engine\backends\future-mupdf\MuPdfPageRenderer.ts","12","RENDER","RenderPage","input: PdfBackendRenderPageInput,"
"knexwriter\src\modules\Knexread\native-pdf-reader\knex-pdf-engine\backends\future-mupdf\MuPdfPageRenderer.ts","12","BACKEND","Backend","input: PdfBackendRenderPageInput,"
"knexwriter\src\modules\Knexread\native-pdf-reader\knex-pdf-engine\backends\future-mupdf\MuPdfPageRenderer.ts","15","RENDER","renderPage","return runtime.renderPage(input);"
"knexwriter\src\modules\Knexread\native-pdf-reader\knex-pdf-engine\backends\future-mupdf\MuPdfPageRenderer.ts","18","TILES","renderTile","async renderTile("
"knexwriter\src\modules\Knexread\native-pdf-reader\knex-pdf-engine\backends\future-mupdf\MuPdfPageRenderer.ts","19","TILES","RenderTile","input: PdfBackendRenderTileInput,"
"knexwriter\src\modules\Knexread\native-pdf-reader\knex-pdf-engine\backends\future-mupdf\MuPdfPageRenderer.ts","19","SERVER","PdfBackendRenderTile","input: PdfBackendRenderTileInput,"
"knexwriter\src\modules\Knexread\native-pdf-reader\knex-pdf-engine\backends\future-mupdf\MuPdfPageRenderer.ts","23","TILES","renderTile","if (typeof runtime.renderTile !== ""function"") {"
"knexwriter\src\modules\Knexread\native-pdf-reader\knex-pdf-engine\backends\future-mupdf\MuPdfPageRenderer.ts","24","TILES","renderTile","throw new Error(""MuPDF runtime does not expose renderTile."");"
"knexwriter\src\modules\Knexread\native-pdf-reader\knex-pdf-engine\backends\future-mupdf\MuPdfPageRenderer.ts","24","SERVER","PDF runtime does not expose renderTile","throw new Error(""MuPDF runtime does not expose renderTile."");"
"knexwriter\src\modules\Knexread\native-pdf-reader\knex-pdf-engine\backends\future-mupdf\MuPdfPageRenderer.ts","27","TILES","renderTile","return runtime.renderTile(input);"
"knexwriter\src\modules\Knexread\native-pdf-reader\knex-pdf-engine\backends\future-mupdf\MuPdfRuntimeLoader.ts","3","TEXT","SemanticText","KnexPdfSemanticTextBlock,"
"knexwriter\src\modules\Knexread\native-pdf-reader\knex-pdf-engine\backends\future-mupdf\MuPdfRuntimeLoader.ts","4","BACKEND","engine","} from ""../../core/engineTypes"";"
"knexwriter\src\modules\Knexread\native-pdf-reader\knex-pdf-engine\backends\future-mupdf\MuPdfRuntimeLoader.ts","6","BACKEND","Backend","PdfBackendAnnotation,"
"knexwriter\src\modules\Knexread\native-pdf-reader\knex-pdf-engine\backends\future-mupdf\MuPdfRuntimeLoader.ts","7","BACKEND","Backend","PdfBackendCapabilities,"
"knexwriter\src\modules\Knexread\native-pdf-reader\knex-pdf-engine\backends\future-mupdf\MuPdfRuntimeLoader.ts","8","BACKEND","Backend","PdfBackendDocumentHandle,"
"knexwriter\src\modules\Knexread\native-pdf-reader\knex-pdf-engine\backends\future-mupdf\MuPdfRuntimeLoader.ts","9","BACKEND","Backend","PdfBackendDocumentSource,"
"knexwriter\src\modules\Knexread\native-pdf-reader\knex-pdf-engine\backends\future-mupdf\MuPdfRuntimeLoader.ts","10","BACKEND","Backend","PdfBackendExtractAnnotationsInput,"
"knexwriter\src\modules\Knexread\native-pdf-reader\knex-pdf-engine\backends\future-mupdf\MuPdfRuntimeLoader.ts","11","BACKEND","Backend","PdfBackendExtractTextInput,"
"knexwriter\src\modules\Knexread\native-pdf-reader\knex-pdf-engine\backends\future-mupdf\MuPdfRuntimeLoader.ts","12","BACKEND","Backend","PdfBackendPageHandle,"
"knexwriter\src\modules\Knexread\native-pdf-reader\knex-pdf-engine\backends\future-mupdf\MuPdfRuntimeLoader.ts","13","RENDER","RenderPage","PdfBackendRenderPageInput,"
"knexwriter\src\modules\Knexread\native-pdf-reader\knex-pdf-engine\backends\future-mupdf\MuPdfRuntimeLoader.ts","13","BACKEND","Backend","PdfBackendRenderPageInput,"
"knexwriter\src\modules\Knexread\native-pdf-reader\knex-pdf-engine\backends\future-mupdf\MuPdfRuntimeLoader.ts","14","SERVER","PdfBackendRenderTile","PdfBackendRenderTileInput,"
"knexwriter\src\modules\Knexread\native-pdf-reader\knex-pdf-engine\backends\future-mupdf\MuPdfRuntimeLoader.ts","14","TILES","RenderTile","PdfBackendRenderTileInput,"
"knexwriter\src\modules\Knexread\native-pdf-reader\knex-pdf-engine\backends\future-mupdf\MuPdfRuntimeLoader.ts","14","BACKEND","Backend","PdfBackendRenderTileInput,"
"knexwriter\src\modules\Knexread\native-pdf-reader\knex-pdf-engine\backends\future-mupdf\MuPdfRuntimeLoader.ts","34","RENDER","renderPage","renderPage: ("
"knexwriter\src\modules\Knexread\native-pdf-reader\knex-pdf-engine\backends\future-mupdf\MuPdfRuntimeLoader.ts","35","RENDER","RenderPage","input: PdfBackendRenderPageInput,"
"knexwriter\src\modules\Knexread\native-pdf-reader\knex-pdf-engine\backends\future-mupdf\MuPdfRuntimeLoader.ts","37","TILES","renderTile","renderTile?: ("
"knexwriter\src\modules\Knexread\native-pdf-reader\knex-pdf-engine\backends\future-mupdf\MuPdfRuntimeLoader.ts","38","SERVER","PdfBackendRenderTile","input: PdfBackendRenderTileInput,"
"knexwriter\src\modules\Knexread\native-pdf-reader\knex-pdf-engine\backends\future-mupdf\MuPdfRuntimeLoader.ts","38","TILES","RenderTile","input: PdfBackendRenderTileInput,"
"knexwriter\src\modules\Knexread\native-pdf-reader\knex-pdf-engine\backends\future-mupdf\MuPdfRuntimeLoader.ts","42","TEXT","SemanticText",") => Promise<KnexPdfSemanticTextBlock[]>;"
"knexwriter\src\modules\Knexread\native-pdf-reader\knex-pdf-engine\backends\future-mupdf\MuPdfRuntimeLoader.ts","46","LIFECYCLE","destroy","destroyDocument?: ("
"knexwriter\src\modules\Knexread\native-pdf-reader\knex-pdf-engine\backends\future-mupdf\MuPdfRuntimeLoader.ts","49","LIFECYCLE","destroy","destroy?: () => Promise<void> | void;"
"knexwriter\src\modules\Knexread\native-pdf-reader\knex-pdf-engine\backends\future-mupdf\MuPdfRuntimeLoader.ts","57","LIFECYCLE","lRu","globalRuntimeKeys?: string[];"
"knexwriter\src\modules\Knexread\native-pdf-reader\knex-pdf-engine\backends\future-mupdf\MuPdfRuntimeLoader.ts","72","RENDER","renderPage","renderPage: false,"
"knexwriter\src\modules\Knexread\native-pdf-reader\knex-pdf-engine\backends\future-mupdf\MuPdfRuntimeLoader.ts","94","RENDER","renderPage","typeof candidate.renderPage === ""function"""
"knexwriter\src\modules\Knexread\native-pdf-reader\knex-pdf-engine\backends\future-mupdf\MuPdfRuntimeLoader.ts","133","LIFECYCLE","lRu","this.getGlobalRuntime() ||"
"knexwriter\src\modules\Knexread\native-pdf-reader\knex-pdf-engine\backends\future-mupdf\MuPdfRuntimeLoader.ts","149","RENDER","renderPage","renderPage: runtimeCapabilities?.renderPage ?? true,"
"knexwriter\src\modules\Knexread\native-pdf-reader\knex-pdf-engine\backends\future-mupdf\MuPdfRuntimeLoader.ts","149","RENDER","renderPage","renderPage: runtimeCapabilities?.renderPage ?? true,"
"knexwriter\src\modules\Knexread\native-pdf-reader\knex-pdf-engine\backends\future-mupdf\MuPdfRuntimeLoader.ts","160","TILES","renderTile","typeof runtime.renderTile === ""function"","
"knexwriter\src\modules\Knexread\native-pdf-reader\knex-pdf-engine\backends\future-mupdf\MuPdfRuntimeLoader.ts","198","LIFECYCLE","lRu","const globalRuntime = this.getGlobalRuntime();"
"knexwriter\src\modules\Knexread\native-pdf-reader\knex-pdf-engine\backends\future-mupdf\MuPdfRuntimeLoader.ts","198","LIFECYCLE","lRu","const globalRuntime = this.getGlobalRuntime();"
"knexwriter\src\modules\Knexread\native-pdf-reader\knex-pdf-engine\backends\future-mupdf\MuPdfRuntimeLoader.ts","199","LIFECYCLE","lRu","if (globalRuntime) {"
"knexwriter\src\modules\Knexread\native-pdf-reader\knex-pdf-engine\backends\future-mupdf\MuPdfRuntimeLoader.ts","200","LIFECYCLE","lRu","return globalRuntime;"
"knexwriter\src\modules\Knexread\native-pdf-reader\knex-pdf-engine\backends\future-mupdf\MuPdfRuntimeLoader.ts","222","LIFECYCLE","lRu","private getGlobalRuntime(): MuPdfRuntime | null {"
"knexwriter\src\modules\Knexread\native-pdf-reader\knex-pdf-engine\backends\future-mupdf\MuPdfRuntimeLoader.ts","223","LIFECYCLE","lRu","const keys = this.options.globalRuntimeKeys ?? DEFAULT_GLOBAL_RUNTIME_KEYS;"
"knexwriter\src\modules\Knexread\native-pdf-reader\knex-pdf-engine\backends\future-mupdf\MuPdfTextExtractor.ts","1","BACKEND","engine","import type { KnexPdfSemanticTextBlock } from ""../../core/engineTypes"";"
"knexwriter\src\modules\Knexread\native-pdf-reader\knex-pdf-engine\backends\future-mupdf\MuPdfTextExtractor.ts","1","TEXT","SemanticText","import type { KnexPdfSemanticTextBlock } from ""../../core/engineTypes"";"
"knexwriter\src\modules\Knexread\native-pdf-reader\knex-pdf-engine\backends\future-mupdf\MuPdfTextExtractor.ts","2","BACKEND","Backend","import type { PdfBackendExtractTextInput } from ""../PdfRenderBackend"";"
"knexwriter\src\modules\Knexread\native-pdf-reader\knex-pdf-engine\backends\future-mupdf\MuPdfTextExtractor.ts","2","BACKEND","Backend","import type { PdfBackendExtractTextInput } from ""../PdfRenderBackend"";"
"knexwriter\src\modules\Knexread\native-pdf-reader\knex-pdf-engine\backends\future-mupdf\MuPdfTextExtractor.ts","3","BACKEND","Runtime","import { MuPdfRuntimeLoader } from ""./MuPdfRuntimeLoader"";"
"knexwriter\src\modules\Knexread\native-pdf-reader\knex-pdf-engine\backends\future-mupdf\MuPdfTextExtractor.ts","3","BACKEND","Runtime","import { MuPdfRuntimeLoader } from ""./MuPdfRuntimeLoader"";"
"knexwriter\src\modules\Knexread\native-pdf-reader\knex-pdf-engine\backends\future-mupdf\MuPdfTextExtractor.ts","6","BACKEND","runtime","constructor(private readonly runtimeLoader: MuPdfRuntimeLoader) {}"
"knexwriter\src\modules\Knexread\native-pdf-reader\knex-pdf-engine\backends\future-mupdf\MuPdfTextExtractor.ts","6","BACKEND","Runtime","constructor(private readonly runtimeLoader: MuPdfRuntimeLoader) {}"
"knexwriter\src\modules\Knexread\native-pdf-reader\knex-pdf-engine\backends\future-mupdf\MuPdfTextExtractor.ts","9","BACKEND","Backend","input: PdfBackendExtractTextInput,"
"knexwriter\src\modules\Knexread\native-pdf-reader\knex-pdf-engine\backends\future-mupdf\MuPdfTextExtractor.ts","10","TEXT","SemanticText","): Promise<KnexPdfSemanticTextBlock[]> {"
"knexwriter\src\modules\Knexread\native-pdf-reader\knex-pdf-engine\backends\future-mupdf\MuPdfTextExtractor.ts","11","BACKEND","runtime","const runtime = await this.runtimeLoader.getRuntime();"
"knexwriter\src\modules\Knexread\native-pdf-reader\knex-pdf-engine\backends\future-mupdf\MuPdfTextExtractor.ts","11","BACKEND","runtime","const runtime = await this.runtimeLoader.getRuntime();"
"knexwriter\src\modules\Knexread\native-pdf-reader\knex-pdf-engine\backends\future-pdfium\index.ts","1","PDFIUM","Pdfium","export * from ""./PdfiumAnnotationExtractor"";"
"knexwriter\src\modules\Knexread\native-pdf-reader\knex-pdf-engine\backends\future-pdfium\index.ts","2","PDFIUM","Pdfium","export * from ""./PdfiumBackend"";"
"knexwriter\src\modules\Knexread\native-pdf-reader\knex-pdf-engine\backends\future-pdfium\index.ts","2","BACKEND","Backend","export * from ""./PdfiumBackend"";"
"knexwriter\src\modules\Knexread\native-pdf-reader\knex-pdf-engine\backends\future-pdfium\index.ts","3","PDFIUM","Pdfium","export * from ""./PdfiumEmbedPdfRuntime"";"
"knexwriter\src\modules\Knexread\native-pdf-reader\knex-pdf-engine\backends\future-pdfium\index.ts","3","BACKEND","Runtime","export * from ""./PdfiumEmbedPdfRuntime"";"
"knexwriter\src\modules\Knexread\native-pdf-reader\knex-pdf-engine\backends\future-pdfium\index.ts","4","BACKEND","Renderer","export * from ""./PdfiumPageRenderer"";"
"knexwriter\src\modules\Knexread\native-pdf-reader\knex-pdf-engine\backends\future-pdfium\index.ts","4","PDFIUM","Pdfium","export * from ""./PdfiumPageRenderer"";"
"knexwriter\src\modules\Knexread\native-pdf-reader\knex-pdf-engine\backends\future-pdfium\index.ts","5","BACKEND","Runtime","export * from ""./PdfiumRuntimeLoader"";"
"knexwriter\src\modules\Knexread\native-pdf-reader\knex-pdf-engine\backends\future-pdfium\index.ts","5","PDFIUM","Pdfium","export * from ""./PdfiumRuntimeLoader"";"
"knexwriter\src\modules\Knexread\native-pdf-reader\knex-pdf-engine\backends\future-pdfium\index.ts","6","PDFIUM","Pdfium","export * from ""./PdfiumTextExtractor"";"
"knexwriter\src\modules\Knexread\native-pdf-reader\knex-pdf-engine\backends\future-pdfium\PdfiumAnnotationExtractor.ts","2","BACKEND","Backend","PdfBackendAnnotation,"
"knexwriter\src\modules\Knexread\native-pdf-reader\knex-pdf-engine\backends\future-pdfium\PdfiumAnnotationExtractor.ts","3","BACKEND","Backend","PdfBackendExtractAnnotationsInput,"
"knexwriter\src\modules\Knexread\native-pdf-reader\knex-pdf-engine\backends\future-pdfium\PdfiumAnnotationExtractor.ts","4","BACKEND","Backend","} from ""../PdfRenderBackend"";"
"knexwriter\src\modules\Knexread\native-pdf-reader\knex-pdf-engine\backends\future-pdfium\PdfiumAnnotationExtractor.ts","5","PDFIUM","Pdfium","import { PdfiumRuntimeLoader } from ""./PdfiumRuntimeLoader"";"
"knexwriter\src\modules\Knexread\native-pdf-reader\knex-pdf-engine\backends\future-pdfium\PdfiumAnnotationExtractor.ts","5","BACKEND","Runtime","import { PdfiumRuntimeLoader } from ""./PdfiumRuntimeLoader"";"
"knexwriter\src\modules\Knexread\native-pdf-reader\knex-pdf-engine\backends\future-pdfium\PdfiumAnnotationExtractor.ts","5","PDFIUM","Pdfium","import { PdfiumRuntimeLoader } from ""./PdfiumRuntimeLoader"";"
"knexwriter\src\modules\Knexread\native-pdf-reader\knex-pdf-engine\backends\future-pdfium\PdfiumAnnotationExtractor.ts","5","BACKEND","Runtime","import { PdfiumRuntimeLoader } from ""./PdfiumRuntimeLoader"";"
"knexwriter\src\modules\Knexread\native-pdf-reader\knex-pdf-engine\backends\future-pdfium\PdfiumAnnotationExtractor.ts","7","PDFIUM","Pdfium","export class PdfiumAnnotationExtractor {"
"knexwriter\src\modules\Knexread\native-pdf-reader\knex-pdf-engine\backends\future-pdfium\PdfiumAnnotationExtractor.ts","8","BACKEND","Runtime","constructor(private readonly runtimeLoader: PdfiumRuntimeLoader) {}"
"knexwriter\src\modules\Knexread\native-pdf-reader\knex-pdf-engine\backends\future-pdfium\PdfiumAnnotationExtractor.ts","8","BACKEND","runtime","constructor(private readonly runtimeLoader: PdfiumRuntimeLoader) {}"
"knexwriter\src\modules\Knexread\native-pdf-reader\knex-pdf-engine\backends\future-pdfium\PdfiumAnnotationExtractor.ts","8","PDFIUM","Pdfium","constructor(private readonly runtimeLoader: PdfiumRuntimeLoader) {}"
"knexwriter\src\modules\Knexread\native-pdf-reader\knex-pdf-engine\backends\future-pdfium\PdfiumAnnotationExtractor.ts","11","BACKEND","Backend","input: PdfBackendExtractAnnotationsInput,"
"knexwriter\src\modules\Knexread\native-pdf-reader\knex-pdf-engine\backends\future-pdfium\PdfiumAnnotationExtractor.ts","12","BACKEND","Backend","): Promise<PdfBackendAnnotation[]> {"
"knexwriter\src\modules\Knexread\native-pdf-reader\knex-pdf-engine\backends\future-pdfium\PdfiumAnnotationExtractor.ts","13","BACKEND","runtime","const runtime = await this.runtimeLoader.getRuntime();"
"knexwriter\src\modules\Knexread\native-pdf-reader\knex-pdf-engine\backends\future-pdfium\PdfiumBackend.ts","3","TEXT","SemanticText","KnexPdfSemanticTextBlock,"
"knexwriter\src\modules\Knexread\native-pdf-reader\knex-pdf-engine\backends\future-pdfium\PdfiumBackend.ts","4","BACKEND","engine","} from ""../../core/engineTypes"";"
"knexwriter\src\modules\Knexread\native-pdf-reader\knex-pdf-engine\backends\future-pdfium\PdfiumBackend.ts","6","BACKEND","Backend","PdfBackendAnnotation,"
"knexwriter\src\modules\Knexread\native-pdf-reader\knex-pdf-engine\backends\future-pdfium\PdfiumBackend.ts","7","BACKEND","Backend","PdfBackendCapabilities,"
"knexwriter\src\modules\Knexread\native-pdf-reader\knex-pdf-engine\backends\future-pdfium\PdfiumBackend.ts","8","BACKEND","Backend","PdfBackendDocumentHandle,"
"knexwriter\src\modules\Knexread\native-pdf-reader\knex-pdf-engine\backends\future-pdfium\PdfiumBackend.ts","9","BACKEND","Backend","PdfBackendDocumentSource,"
"knexwriter\src\modules\Knexread\native-pdf-reader\knex-pdf-engine\backends\future-pdfium\PdfiumBackend.ts","10","BACKEND","Backend","PdfBackendPageHandle,"
"knexwriter\src\modules\Knexread\native-pdf-reader\knex-pdf-engine\backends\future-pdfium\PdfiumBackend.ts","11","BACKEND","Backend","PdfBackendRenderPageInput,"
"knexwriter\src\modules\Knexread\native-pdf-reader\knex-pdf-engine\backends\future-pdfium\PdfiumBackend.ts","11","RENDER","RenderPage","PdfBackendRenderPageInput,"
"knexwriter\src\modules\Knexread\native-pdf-reader\knex-pdf-engine\backends\future-pdfium\PdfiumBackend.ts","12","TILES","RenderTile","PdfBackendRenderTileInput,"
"knexwriter\src\modules\Knexread\native-pdf-reader\knex-pdf-engine\backends\future-pdfium\PdfiumBackend.ts","12","BACKEND","Backend","PdfBackendRenderTileInput,"
"knexwriter\src\modules\Knexread\native-pdf-reader\knex-pdf-engine\backends\future-pdfium\PdfiumBackend.ts","12","SERVER","PdfBackendRenderTile","PdfBackendRenderTileInput,"
"knexwriter\src\modules\Knexread\native-pdf-reader\knex-pdf-engine\backends\future-pdfium\PdfiumBackend.ts","13","BACKEND","Backend","PdfRenderBackend,"
"knexwriter\src\modules\Knexread\native-pdf-reader\knex-pdf-engine\backends\future-pdfium\PdfiumBackend.ts","14","BACKEND","Backend","} from ""../PdfRenderBackend"";"
"knexwriter\src\modules\Knexread\native-pdf-reader\knex-pdf-engine\backends\future-pdfium\PdfiumBackend.ts","15","PDFIUM","Pdfium","import { PdfiumAnnotationExtractor } from ""./PdfiumAnnotationExtractor"";"
"knexwriter\src\modules\Knexread\native-pdf-reader\knex-pdf-engine\backends\future-pdfium\PdfiumBackend.ts","15","PDFIUM","Pdfium","import { PdfiumAnnotationExtractor } from ""./PdfiumAnnotationExtractor"";"
"knexwriter\src\modules\Knexread\native-pdf-reader\knex-pdf-engine\backends\future-pdfium\PdfiumBackend.ts","16","PDFIUM","Pdfium","import { PdfiumPageRenderer } from ""./PdfiumPageRenderer"";"
"knexwriter\src\modules\Knexread\native-pdf-reader\knex-pdf-engine\backends\future-pdfium\PdfiumBackend.ts","16","PDFIUM","Pdfium","import { PdfiumPageRenderer } from ""./PdfiumPageRenderer"";"
"knexwriter\src\modules\Knexread\native-pdf-reader\knex-pdf-engine\backends\future-pdfium\PdfiumBackend.ts","17","PDFIUM","Pdfium","import { PdfiumRuntimeLoader } from ""./PdfiumRuntimeLoader"";"
"knexwriter\src\modules\Knexread\native-pdf-reader\knex-pdf-engine\backends\future-pdfium\PdfiumBackend.ts","17","PDFIUM","Pdfium","import { PdfiumRuntimeLoader } from ""./PdfiumRuntimeLoader"";"
"knexwriter\src\modules\Knexread\native-pdf-reader\knex-pdf-engine\backends\future-pdfium\PdfiumBackend.ts","18","PDFIUM","Pdfium","import { PdfiumTextExtractor } from ""./PdfiumTextExtractor"";"
"knexwriter\src\modules\Knexread\native-pdf-reader\knex-pdf-engine\backends\future-pdfium\PdfiumBackend.ts","18","PDFIUM","Pdfium","import { PdfiumTextExtractor } from ""./PdfiumTextExtractor"";"
"knexwriter\src\modules\Knexread\native-pdf-reader\knex-pdf-engine\backends\future-pdfium\PdfiumBackend.ts","24","PDFIUM","Pdfium","export class PdfiumBackend implements PdfRenderBackend {"
"knexwriter\src\modules\Knexread\native-pdf-reader\knex-pdf-engine\backends\future-pdfium\PdfiumBackend.ts","25","PDFIUM","pdfium","readonly id = ""pdfium"" as const;"
"knexwriter\src\modules\Knexread\native-pdf-reader\knex-pdf-engine\backends\future-pdfium\PdfiumBackend.ts","57","RENDER","renderPage","renderPage("
"knexwriter\src\modules\Knexread\native-pdf-reader\knex-pdf-engine\backends\future-pdfium\PdfiumBackend.ts","58","RENDER","RenderPage","input: PdfBackendRenderPageInput,"
"knexwriter\src\modules\Knexread\native-pdf-reader\knex-pdf-engine\backends\future-pdfium\PdfiumBackend.ts","66","TILES","renderTile","renderTile("
"knexwriter\src\modules\Knexread\native-pdf-reader\knex-pdf-engine\backends\future-pdfium\PdfiumBackend.ts","67","TILES","RenderTile","input: PdfBackendRenderTileInput,"
"knexwriter\src\modules\Knexread\native-pdf-reader\knex-pdf-engine\backends\future-pdfium\PdfiumBackend.ts","67","SERVER","PdfBackendRenderTile","input: PdfBackendRenderTileInput,"
"knexwriter\src\modules\Knexread\native-pdf-reader\knex-pdf-engine\backends\future-pdfium\PdfiumBackend.ts","69","TILES","renderTile","return this.pageRenderer.renderTile({"
"knexwriter\src\modules\Knexread\native-pdf-reader\knex-pdf-engine\backends\future-pdfium\PdfiumBackend.ts","78","TEXT","SemanticText","): Promise<KnexPdfSemanticTextBlock[]> {"
"knexwriter\src\modules\Knexread\native-pdf-reader\knex-pdf-engine\backends\future-pdfium\PdfiumBackend.ts","88","LIFECYCLE","Abort","signal?: AbortSignal;"
"knexwriter\src\modules\Knexread\native-pdf-reader\knex-pdf-engine\backends\future-pdfium\PdfiumBackend.ts","89","TEXT","SemanticText","}): Promise<KnexPdfSemanticTextBlock[]> {"
"knexwriter\src\modules\Knexread\native-pdf-reader\knex-pdf-engine\backends\future-pdfium\PdfiumBackend.ts","109","LIFECYCLE","Abort","signal?: AbortSignal;"
"knexwriter\src\modules\Knexread\native-pdf-reader\knex-pdf-engine\backends\future-pdfium\PdfiumBackend.ts","117","LIFECYCLE","destroy","async destroyDocument(document: PdfBackendDocumentHandle): Promise<void> {"
"knexwriter\src\modules\Knexread\native-pdf-reader\knex-pdf-engine\backends\future-pdfium\PdfiumBackend.ts","119","LIFECYCLE","destroy","await runtime.destroyDocument?.(document);"
"knexwriter\src\modules\Knexread\native-pdf-reader\knex-pdf-engine\backends\future-pdfium\PdfiumBackend.ts","122","LIFECYCLE","destroy","async destroy(): Promise<void> {"
"knexwriter\src\modules\Knexread\native-pdf-reader\knex-pdf-engine\backends\future-pdfium\PdfiumBackend.ts","124","LIFECYCLE","destroy","await runtime.destroy?.();"
"knexwriter\src\modules\Knexread\native-pdf-reader\knex-pdf-engine\backends\future-pdfium\PdfiumEmbedPdfRuntime.ts","3","TEXT","SemanticText","KnexPdfSemanticTextBlock,"
"knexwriter\src\modules\Knexread\native-pdf-reader\knex-pdf-engine\backends\future-pdfium\PdfiumEmbedPdfRuntime.ts","4","BACKEND","engine","} from ""../../core/engineTypes"";"
"knexwriter\src\modules\Knexread\native-pdf-reader\knex-pdf-engine\backends\future-pdfium\PdfiumEmbedPdfRuntime.ts","6","PDFIUM","PDFIUM","PDFIUM_FINAL_RENDER_WARNING_MS,"
"knexwriter\src\modules\Knexread\native-pdf-reader\knex-pdf-engine\backends\future-pdfium\PdfiumEmbedPdfRuntime.ts","8","SERVER","Controller","} from ""../../rendering/RenderQualityController"";"
"knexwriter\src\modules\Knexread\native-pdf-reader\knex-pdf-engine\backends\future-pdfium\PdfiumEmbedPdfRuntime.ts","11","BACKEND","Backend","PdfBackendAnnotation,"
"knexwriter\src\modules\Knexread\native-pdf-reader\knex-pdf-engine\backends\future-pdfium\PdfiumEmbedPdfRuntime.ts","12","BACKEND","Backend","PdfBackendCanvasTextMode,"
"knexwriter\src\modules\Knexread\native-pdf-reader\knex-pdf-engine\backends\future-pdfium\PdfiumEmbedPdfRuntime.ts","13","BACKEND","Backend","PdfBackendCapabilities,"
"knexwriter\src\modules\Knexread\native-pdf-reader\knex-pdf-engine\backends\future-pdfium\PdfiumEmbedPdfRuntime.ts","14","BACKEND","Backend","PdfBackendDocumentHandle,"
"knexwriter\src\modules\Knexread\native-pdf-reader\knex-pdf-engine\backends\future-pdfium\PdfiumEmbedPdfRuntime.ts","15","BACKEND","Backend","PdfBackendDocumentSource,"
"knexwriter\src\modules\Knexread\native-pdf-reader\knex-pdf-engine\backends\future-pdfium\PdfiumEmbedPdfRuntime.ts","16","BACKEND","Backend","PdfBackendExtractAnnotationsInput,"
"knexwriter\src\modules\Knexread\native-pdf-reader\knex-pdf-engine\backends\future-pdfium\PdfiumEmbedPdfRuntime.ts","17","BACKEND","Backend","PdfBackendExtractTextInput,"
"knexwriter\src\modules\Knexread\native-pdf-reader\knex-pdf-engine\backends\future-pdfium\PdfiumEmbedPdfRuntime.ts","18","BACKEND","Backend","PdfBackendPageHandle,"
"knexwriter\src\modules\Knexread\native-pdf-reader\knex-pdf-engine\backends\future-pdfium\PdfiumEmbedPdfRuntime.ts","19","RENDER","RenderPage","PdfBackendRenderPageInput,"
"knexwriter\src\modules\Knexread\native-pdf-reader\knex-pdf-engine\backends\future-pdfium\PdfiumEmbedPdfRuntime.ts","19","BACKEND","Backend","PdfBackendRenderPageInput,"
"knexwriter\src\modules\Knexread\native-pdf-reader\knex-pdf-engine\backends\future-pdfium\PdfiumEmbedPdfRuntime.ts","21","PDFIUM","Pdfium","import type { PdfiumRuntime } from ""./PdfiumRuntimeLoader"";"
"knexwriter\src\modules\Knexread\native-pdf-reader\knex-pdf-engine\backends\future-pdfium\PdfiumEmbedPdfRuntime.ts","21","PDFIUM","Pdfium","import type { PdfiumRuntime } from ""./PdfiumRuntimeLoader"";"
"knexwriter\src\modules\Knexread\native-pdf-reader\knex-pdf-engine\backends\future-pdfium\PdfiumEmbedPdfRuntime.ts","23","PDFIUM","pdfium","export const EMBED_PDF_PDFIUM_PACKAGE = ""@embedpdf/pdfium"";"
"knexwriter\src\modules\Knexread\native-pdf-reader\knex-pdf-engine\backends\future-pdfium\PdfiumEmbedPdfRuntime.ts","23","PDFIUM","PDFIUM","export const EMBED_PDF_PDFIUM_PACKAGE = ""@embedpdf/pdfium"";"
"knexwriter\src\modules\Knexread\native-pdf-reader\knex-pdf-engine\backends\future-pdfium\PdfiumEmbedPdfRuntime.ts","24","PDFIUM","pdfium","export const DEFAULT_LOCAL_PDFIUM_WASM_URL = ""/vendor/pdfium/pdfium.wasm"";"
"knexwriter\src\modules\Knexread\native-pdf-reader\knex-pdf-engine\backends\future-pdfium\PdfiumEmbedPdfRuntime.ts","24","PDFIUM","PDFIUM","export const DEFAULT_LOCAL_PDFIUM_WASM_URL = ""/vendor/pdfium/pdfium.wasm"";"
"knexwriter\src\modules\Knexread\native-pdf-reader\knex-pdf-engine\backends\future-pdfium\PdfiumEmbedPdfRuntime.ts","24","PDFIUM",".wasm","export const DEFAULT_LOCAL_PDFIUM_WASM_URL = ""/vendor/pdfium/pdfium.wasm"";"
"knexwriter\src\modules\Knexread\native-pdf-reader\knex-pdf-engine\backends\future-pdfium\PdfiumEmbedPdfRuntime.ts","24","PDFIUM","pdfium","export const DEFAULT_LOCAL_PDFIUM_WASM_URL = ""/vendor/pdfium/pdfium.wasm"";"
"knexwriter\src\modules\Knexread\native-pdf-reader\knex-pdf-engine\backends\future-pdfium\PdfiumEmbedPdfRuntime.ts","26","PDFIUM","PDFIUM","const PDFIUM_FORMAT_BGRA = 4;"
"knexwriter\src\modules\Knexread\native-pdf-reader\knex-pdf-engine\backends\future-pdfium\PdfiumEmbedPdfRuntime.ts","86","RENDER","RenderPage","FPDF_RenderPageBitmap: ("
"knexwriter\src\modules\Knexread\native-pdf-reader\knex-pdf-engine\backends\future-pdfium\PdfiumEmbedPdfRuntime.ts","103","LIFECYCLE","Destroy","FPDFBitmap_Destroy: (bitmapPtr: number) => null;"
"knexwriter\src\modules\Knexread\native-pdf-reader\knex-pdf-engine\backends\future-pdfium\PdfiumEmbedPdfRuntime.ts","205","SCALE","scaleX","scaleX: number;"
"knexwriter\src\modules\Knexread\native-pdf-reader\knex-pdf-engine\backends\future-pdfium\PdfiumEmbedPdfRuntime.ts","267","RENDER","RenderCanvas","function shouldRenderCanvasText(input: {"
"knexwriter\src\modules\Knexread\native-pdf-reader\knex-pdf-engine\backends\future-pdfium\PdfiumEmbedPdfRuntime.ts","341","SCALE","OutputScale","function getPdfiumMinimumOutputScale(input: {"
"knexwriter\src\modules\Knexread\native-pdf-reader\knex-pdf-engine\backends\future-pdfium\PdfiumEmbedPdfRuntime.ts","671","SCALE","outputScale","outputScale: number;"
"knexwriter\src\modules\Knexread\native-pdf-reader\knex-pdf-engine\backends\future-pdfium\PdfiumEmbedPdfRuntime.ts","672","SCALE","OutputScale","requestedOutputScale: number;"
"knexwriter\src\modules\Knexread\native-pdf-reader\knex-pdf-engine\backends\future-pdfium\PdfiumEmbedPdfRuntime.ts","673","SCALE","OutputScale","wasOutputScaleClamped: boolean;"
"knexwriter\src\modules\Knexread\native-pdf-reader\knex-pdf-engine\backends\future-pdfium\PdfiumEmbedPdfRuntime.ts","684","SCALE","outputScale","const outputScaleX = input.width / Math.max(1, input.cssWidth);"
"knexwriter\src\modules\Knexread\native-pdf-reader\knex-pdf-engine\backends\future-pdfium\PdfiumEmbedPdfRuntime.ts","685","SCALE","outputScale","const outputScaleY = input.height / Math.max(1, input.cssHeight);"
"knexwriter\src\modules\Knexread\native-pdf-reader\knex-pdf-engine\backends\future-pdfium\PdfiumEmbedPdfRuntime.ts","686","SCALE","outputScale","const bitmapCssRatio = Math.min(outputScaleX, outputScaleY);"
"knexwriter\src\modules\Knexread\native-pdf-reader\knex-pdf-engine\backends\future-pdfium\PdfiumEmbedPdfRuntime.ts","686","SCALE","outputScale","const bitmapCssRatio = Math.min(outputScaleX, outputScaleY);"
"knexwriter\src\modules\Knexread\native-pdf-reader\knex-pdf-engine\backends\future-pdfium\PdfiumEmbedPdfRuntime.ts","688","SCALE","canvas.width","canvas.width = input.width;"
"knexwriter\src\modules\Knexread\native-pdf-reader\knex-pdf-engine\backends\future-pdfium\PdfiumEmbedPdfRuntime.ts","1110","TILES","Gap","function getWordGapThreshold(input: {"
"knexwriter\src\modules\Knexread\native-pdf-reader\knex-pdf-engine\backends\future-pdfium\PdfiumEmbedPdfRuntime.ts","1120","TILES","Gap","* Gap mínimo para separar palavras quando o PDF não entrega caractere de"
"knexwriter\src\modules\Knexread\native-pdf-reader\knex-pdf-engine\backends\future-pdfium\PdfiumEmbedPdfRuntime.ts","1152","TILES","gap","const gap = char.x - previousRight;"
"knexwriter\src\modules\Knexread\native-pdf-reader\knex-pdf-engine\backends\future-pdfium\PdfiumEmbedPdfRuntime.ts","1153","TILES","Gap","const threshold = getWordGapThreshold({"
"knexwriter\src\modules\Knexread\native-pdf-reader\knex-pdf-engine\backends\future-pdfium\PdfiumEmbedPdfRuntime.ts","1158","TILES","gap","if (gap > threshold) {"
"knexwriter\src\modules\Knexread\native-pdf-reader\knex-pdf-engine\backends\future-pdfium\PdfiumEmbedPdfRuntime.ts","1208","TEXT","SemanticText","}): KnexPdfSemanticTextBlock {"
"knexwriter\src\modules\Knexread\native-pdf-reader\knex-pdf-engine\backends\future-pdfium\PdfiumEmbedPdfRuntime.ts","1225","TEXT","fontFamily","fontFamily: ""Arial, Helvetica, sans-serif"","
"knexwriter\src\modules\Knexread\native-pdf-reader\knex-pdf-engine\backends\future-pdfium\PdfiumEmbedPdfRuntime.ts","1226","TEXT","fontName","fontName: ""pdfium-word-inferred"","
"knexwriter\src\modules\Knexread\native-pdf-reader\knex-pdf-engine\backends\future-pdfium\PdfiumEmbedPdfRuntime.ts","1238","TEXT","textRenderMode","textRenderMode: ""semantic"","
"knexwriter\src\modules\Knexread\native-pdf-reader\knex-pdf-engine\backends\future-pdfium\PdfiumEmbedPdfRuntime.ts","1307","RENDER","renderPage","renderPage: true,"
"knexwriter\src\modules\Knexread\native-pdf-reader\knex-pdf-engine\backends\future-pdfium\PdfiumEmbedPdfRuntime.ts","1322","RENDER","renderPage","renderPage: false,"
"knexwriter\src\modules\Knexread\native-pdf-reader\knex-pdf-engine\backends\future-pdfium\PdfiumEmbedPdfRuntime.ts","1423","RENDER","renderPage","async renderPage("
"knexwriter\src\modules\Knexread\native-pdf-reader\knex-pdf-engine\backends\future-pdfium\PdfiumEmbedPdfRuntime.ts","1424","RENDER","RenderPage","input: PdfBackendRenderPageInput,"
"knexwriter\src\modules\Knexread\native-pdf-reader\knex-pdf-engine\backends\future-pdfium\PdfiumEmbedPdfRuntime.ts","1434","RENDER","RenderCanvas","const renderText = shouldRenderCanvasText({"
"knexwriter\src\modules\Knexread\native-pdf-reader\knex-pdf-engine\backends\future-pdfium\PdfiumEmbedPdfRuntime.ts","1549","LIFECYCLE","abort","if (input.signal?.aborted) {"
"knexwriter\src\modules\Knexread\native-pdf-reader\knex-pdf-engine\backends\future-pdfium\PdfiumEmbedPdfRuntime.ts","1550","LIFECYCLE","Abort","throw new DOMException(""Render aborted"", ""AbortError"");"
"knexwriter\src\modules\Knexread\native-pdf-reader\knex-pdf-engine\backends\future-pdfium\PdfiumEmbedPdfRuntime.ts","1550","LIFECYCLE","abort","throw new DOMException(""Render aborted"", ""AbortError"");"
"knexwriter\src\modules\Knexread\native-pdf-reader\knex-pdf-engine\backends\future-pdfium\PdfiumEmbedPdfRuntime.ts","1589","RENDER","RenderPage","pageState.pdfium.FPDF_RenderPageBitmap("
"knexwriter\src\modules\Knexread\native-pdf-reader\knex-pdf-engine\backends\future-pdfium\PdfiumEmbedPdfRuntime.ts","1600","LIFECYCLE","abort","if (input.signal?.aborted) {"
"knexwriter\src\modules\Knexread\native-pdf-reader\knex-pdf-engine\backends\future-pdfium\PdfiumEmbedPdfRuntime.ts","1601","LIFECYCLE","Abort","throw new DOMException(""Render aborted"", ""AbortError"");"
"knexwriter\src\modules\Knexread\native-pdf-reader\knex-pdf-engine\backends\future-pdfium\PdfiumEmbedPdfRuntime.ts","1601","LIFECYCLE","abort","throw new DOMException(""Render aborted"", ""AbortError"");"
"knexwriter\src\modules\Knexread\native-pdf-reader\knex-pdf-engine\backends\future-pdfium\PdfiumEmbedPdfRuntime.ts","1648","LIFECYCLE","Destroy","if (bitmapPtr) pageState.pdfium.FPDFBitmap_Destroy(bitmapPtr);"
"knexwriter\src\modules\Knexread\native-pdf-reader\knex-pdf-engine\backends\future-pdfium\PdfiumEmbedPdfRuntime.ts","1689","TEXT","textLayer","textLayerMode: ""semantic"","
"knexwriter\src\modules\Knexread\native-pdf-reader\knex-pdf-engine\backends\future-pdfium\PdfiumEmbedPdfRuntime.ts","1695","TEXT","SemanticText","): Promise<KnexPdfSemanticTextBlock[]> {"
"knexwriter\src\modules\Knexread\native-pdf-reader\knex-pdf-engine\backends\future-pdfium\PdfiumEmbedPdfRuntime.ts","1884","LIFECYCLE","destroy","async destroyDocument(document: PdfBackendDocumentHandle): Promise<void> {"
"knexwriter\src\modules\Knexread\native-pdf-reader\knex-pdf-engine\backends\future-pdfium\PdfiumPageRenderer.ts","1","BACKEND","engine","import type { KnexPdfCanvasRenderResult } from ""../../core/engineTypes"";"
"knexwriter\src\modules\Knexread\native-pdf-reader\knex-pdf-engine\backends\future-pdfium\PdfiumPageRenderer.ts","2","SERVER","Controller","import type { KnexPdfRenderPhase } from ""../../rendering/RenderQualityController"";"
"knexwriter\src\modules\Knexread\native-pdf-reader\knex-pdf-engine\backends\future-pdfium\PdfiumPageRenderer.ts","4","BACKEND","Backend","PdfBackendRenderPageInput,"
"knexwriter\src\modules\Knexread\native-pdf-reader\knex-pdf-engine\backends\future-pdfium\PdfiumPageRenderer.ts","4","RENDER","RenderPage","PdfBackendRenderPageInput,"
"knexwriter\src\modules\Knexread\native-pdf-reader\knex-pdf-engine\backends\future-pdfium\PdfiumPageRenderer.ts","5","BACKEND","Backend","PdfBackendRenderTileInput,"
"knexwriter\src\modules\Knexread\native-pdf-reader\knex-pdf-engine\backends\future-pdfium\PdfiumPageRenderer.ts","5","SERVER","PdfBackendRenderTile","PdfBackendRenderTileInput,"
"knexwriter\src\modules\Knexread\native-pdf-reader\knex-pdf-engine\backends\future-pdfium\PdfiumPageRenderer.ts","5","TILES","RenderTile","PdfBackendRenderTileInput,"
"knexwriter\src\modules\Knexread\native-pdf-reader\knex-pdf-engine\backends\future-pdfium\PdfiumPageRenderer.ts","6","BACKEND","Backend","} from ""../PdfRenderBackend"";"
"knexwriter\src\modules\Knexread\native-pdf-reader\knex-pdf-engine\backends\future-pdfium\PdfiumPageRenderer.ts","7","BACKEND","Runtime","import { PdfiumRuntimeLoader } from ""./PdfiumRuntimeLoader"";"
"knexwriter\src\modules\Knexread\native-pdf-reader\knex-pdf-engine\backends\future-pdfium\PdfiumPageRenderer.ts","7","BACKEND","Runtime","import { PdfiumRuntimeLoader } from ""./PdfiumRuntimeLoader"";"
"knexwriter\src\modules\Knexread\native-pdf-reader\knex-pdf-engine\backends\future-pdfium\PdfiumPageRenderer.ts","7","PDFIUM","Pdfium","import { PdfiumRuntimeLoader } from ""./PdfiumRuntimeLoader"";"
"knexwriter\src\modules\Knexread\native-pdf-reader\knex-pdf-engine\backends\future-pdfium\PdfiumPageRenderer.ts","7","PDFIUM","Pdfium","import { PdfiumRuntimeLoader } from ""./PdfiumRuntimeLoader"";"
"knexwriter\src\modules\Knexread\native-pdf-reader\knex-pdf-engine\backends\future-pdfium\PdfiumPageRenderer.ts","9","RENDER","RenderTask","type PdfiumRenderTaskMetadata = {"
"knexwriter\src\modules\Knexread\native-pdf-reader\knex-pdf-engine\backends\future-pdfium\PdfiumPageRenderer.ts","9","PDFIUM","Pdfium","type PdfiumRenderTaskMetadata = {"
"knexwriter\src\modules\Knexread\native-pdf-reader\knex-pdf-engine\backends\future-pdfium\PdfiumPageRenderer.ts","14","LIFECYCLE","Abort","signal?: AbortSignal;"
"knexwriter\src\modules\Knexread\native-pdf-reader\knex-pdf-engine\backends\future-pdfium\PdfiumPageRenderer.ts","17","PDFIUM","Pdfium","type PdfiumRenderQueueEntry = {"
"knexwriter\src\modules\Knexread\native-pdf-reader\knex-pdf-engine\backends\future-pdfium\PdfiumPageRenderer.ts","20","LIFECYCLE","Abort","signal?: AbortSignal;"
"knexwriter\src\modules\Knexread\native-pdf-reader\knex-pdf-engine\backends\future-pdfium\PdfiumPageRenderer.ts","26","SERVER","PdfiumRenderInput = PdfBackendRenderPageInput | PdfBackendRenderTile","type PdfiumRenderInput = PdfBackendRenderPageInput | PdfBackendRenderTileInput;"
"knexwriter\src\modules\Knexread\native-pdf-reader\knex-pdf-engine\backends\future-pdfium\PdfiumPageRenderer.ts","26","TILES","RenderTile","type PdfiumRenderInput = PdfBackendRenderPageInput | PdfBackendRenderTileInput;"
"knexwriter\src\modules\Knexread\native-pdf-reader\knex-pdf-engine\backends\future-pdfium\PdfiumPageRenderer.ts","26","PDFIUM","Pdfium","type PdfiumRenderInput = PdfBackendRenderPageInput | PdfBackendRenderTileInput;"
"knexwriter\src\modules\Knexread\native-pdf-reader\knex-pdf-engine\backends\future-pdfium\PdfiumPageRenderer.ts","26","BACKEND","Backend","type PdfiumRenderInput = PdfBackendRenderPageInput | PdfBackendRenderTileInput;"
"knexwriter\src\modules\Knexread\native-pdf-reader\knex-pdf-engine\backends\future-pdfium\PdfiumPageRenderer.ts","26","BACKEND","Backend","type PdfiumRenderInput = PdfBackendRenderPageInput | PdfBackendRenderTileInput;"
"knexwriter\src\modules\Knexread\native-pdf-reader\knex-pdf-engine\backends\future-pdfium\PdfiumPageRenderer.ts","26","RENDER","RenderPage","type PdfiumRenderInput = PdfBackendRenderPageInput | PdfBackendRenderTileInput;"
"knexwriter\src\modules\Knexread\native-pdf-reader\knex-pdf-engine\backends\future-pdfium\PdfiumPageRenderer.ts","28","PDFIUM","PDFIUM","const PDFIUM_MAX_CONCURRENT_RENDERS = 1;"
"knexwriter\src\modules\Knexread\native-pdf-reader\knex-pdf-engine\backends\future-pdfium\PdfiumPageRenderer.ts","34","PDFIUM","PDFIUM","const PDFIUM_ACTIVE_RENDER_PRIORITY = 90;"
"knexwriter\src\modules\Knexread\native-pdf-reader\knex-pdf-engine\backends\future-pdfium\PdfiumPageRenderer.ts","35","PDFIUM","PDFIUM","const PDFIUM_IDLE_RENDER_TIMEOUT_MS = 700;"
"knexwriter\src\modules\Knexread\native-pdf-reader\knex-pdf-engine\backends\future-pdfium\PdfiumPageRenderer.ts","37","PDFIUM","pdfium","let pdfiumQueueSequence = 0;"
"knexwriter\src\modules\Knexread\native-pdf-reader\knex-pdf-engine\backends\future-pdfium\PdfiumPageRenderer.ts","39","LIFECYCLE","Abort","function createAbortError(): DOMException {"
"knexwriter\src\modules\Knexread\native-pdf-reader\knex-pdf-engine\backends\future-pdfium\PdfiumPageRenderer.ts","40","LIFECYCLE","Abort","return new DOMException(""PDFium render aborted."", ""AbortError"");"
"knexwriter\src\modules\Knexread\native-pdf-reader\knex-pdf-engine\backends\future-pdfium\PdfiumPageRenderer.ts","40","LIFECYCLE","abort","return new DOMException(""PDFium render aborted."", ""AbortError"");"
"knexwriter\src\modules\Knexread\native-pdf-reader\knex-pdf-engine\backends\future-pdfium\PdfiumPageRenderer.ts","40","PDFIUM","PDFium","return new DOMException(""PDFium render aborted."", ""AbortError"");"
"knexwriter\src\modules\Knexread\native-pdf-reader\knex-pdf-engine\backends\future-pdfium\PdfiumPageRenderer.ts","43","LIFECYCLE","Abort","function isAbortSignalAborted(signal?: AbortSignal): boolean {"
"knexwriter\src\modules\Knexread\native-pdf-reader\knex-pdf-engine\backends\future-pdfium\PdfiumPageRenderer.ts","43","LIFECYCLE","Abort","function isAbortSignalAborted(signal?: AbortSignal): boolean {"
"knexwriter\src\modules\Knexread\native-pdf-reader\knex-pdf-engine\backends\future-pdfium\PdfiumPageRenderer.ts","43","LIFECYCLE","Abort","function isAbortSignalAborted(signal?: AbortSignal): boolean {"
"knexwriter\src\modules\Knexread\native-pdf-reader\knex-pdf-engine\backends\future-pdfium\PdfiumPageRenderer.ts","44","LIFECYCLE","abort","return Boolean(signal?.aborted);"
"knexwriter\src\modules\Knexread\native-pdf-reader\knex-pdf-engine\backends\future-pdfium\PdfiumPageRenderer.ts","49","RENDER","RenderTask","): PdfiumRenderTaskMetadata {"
"knexwriter\src\modules\Knexread\native-pdf-reader\knex-pdf-engine\backends\future-pdfium\PdfiumPageRenderer.ts","50","RENDER","RenderTask","return input as PdfiumRenderInput & PdfiumRenderTaskMetadata;"
"knexwriter\src\modules\Knexread\native-pdf-reader\knex-pdf-engine\backends\future-pdfium\PdfiumPageRenderer.ts","68","LIFECYCLE","Abort","function getRenderSignal(input: PdfiumRenderInput): AbortSignal | undefined {"
"knexwriter\src\modules\Knexread\native-pdf-reader\knex-pdf-engine\backends\future-pdfium\PdfiumPageRenderer.ts","89","RENDER","cleanup()","cleanup();"
"knexwriter\src\modules\Knexread\native-pdf-reader\knex-pdf-engine\backends\future-pdfium\PdfiumPageRenderer.ts","97","RENDER","cleanup()","cleanup();"
"knexwriter\src\modules\Knexread\native-pdf-reader\knex-pdf-engine\backends\future-pdfium\PdfiumPageRenderer.ts","135","BACKEND","runtime","const runtimeGlobal = globalThis as typeof globalThis & {"
"knexwriter\src\modules\Knexread\native-pdf-reader\knex-pdf-engine\backends\future-pdfium\PdfiumPageRenderer.ts","147","BACKEND","runtime","if (idleId && typeof runtimeGlobal.cancelIdleCallback === ""function"") {"
"knexwriter\src\modules\Knexread\native-pdf-reader\knex-pdf-engine\backends\future-pdfium\PdfiumPageRenderer.ts","159","RENDER","cleanup()","cleanup();"
"knexwriter\src\modules\Knexread\native-pdf-reader\knex-pdf-engine\backends\future-pdfium\PdfiumPageRenderer.ts","168","RENDER","cleanup()","cleanup();"
"knexwriter\src\modules\Knexread\native-pdf-reader\knex-pdf-engine\backends\future-pdfium\PdfiumPageRenderer.ts","177","RENDER","cleanup()","cleanup();"
"knexwriter\src\modules\Knexread\native-pdf-reader\knex-pdf-engine\backends\future-pdfium\PdfiumPageRenderer.ts","330","TILES","renderTile","async renderTile("
"knexwriter\src\modules\Knexread\native-pdf-reader\knex-pdf-engine\backends\future-pdfium\PdfiumPageRenderer.ts","331","SERVER","PdfBackendRenderTile","input: PdfBackendRenderTileInput,"
"knexwriter\src\modules\Knexread\native-pdf-reader\knex-pdf-engine\backends\future-pdfium\PdfiumPageRenderer.ts","331","TILES","RenderTile","input: PdfBackendRenderTileInput,"
"knexwriter\src\modules\Knexread\native-pdf-reader\knex-pdf-engine\backends\future-pdfium\PdfiumPageRenderer.ts","359","TILES","renderTile","if (typeof runtime.renderTile !== ""function"") {"
"knexwriter\src\modules\Knexread\native-pdf-reader\knex-pdf-engine\backends\future-pdfium\PdfiumPageRenderer.ts","360","SERVER","PDFium runtime does not expose renderTile","throw new Error(""PDFium runtime does not expose renderTile."");"
"knexwriter\src\modules\Knexread\native-pdf-reader\knex-pdf-engine\backends\future-pdfium\PdfiumPageRenderer.ts","360","TILES","renderTile","throw new Error(""PDFium runtime does not expose renderTile."");"
"knexwriter\src\modules\Knexread\native-pdf-reader\knex-pdf-engine\backends\future-pdfium\PdfiumPageRenderer.ts","367","TILES","renderTile","return await runtime.renderTile(input);"
"knexwriter\src\modules\Knexread\native-pdf-reader\knex-pdf-engine\backends\future-pdfium\PdfiumRuntimeLoader.ts","3","TEXT","SemanticText","KnexPdfSemanticTextBlock,"
"knexwriter\src\modules\Knexread\native-pdf-reader\knex-pdf-engine\backends\future-pdfium\PdfiumRuntimeLoader.ts","4","BACKEND","engine","} from ""../../core/engineTypes"";"
"knexwriter\src\modules\Knexread\native-pdf-reader\knex-pdf-engine\backends\future-pdfium\PdfiumRuntimeLoader.ts","6","BACKEND","Backend","PdfBackendAnnotation,"
"knexwriter\src\modules\Knexread\native-pdf-reader\knex-pdf-engine\backends\future-pdfium\PdfiumRuntimeLoader.ts","7","BACKEND","Backend","PdfBackendCapabilities,"
"knexwriter\src\modules\Knexread\native-pdf-reader\knex-pdf-engine\backends\future-pdfium\PdfiumRuntimeLoader.ts","8","BACKEND","Backend","PdfBackendDocumentHandle,"
"knexwriter\src\modules\Knexread\native-pdf-reader\knex-pdf-engine\backends\future-pdfium\PdfiumRuntimeLoader.ts","9","BACKEND","Backend","PdfBackendDocumentSource,"
"knexwriter\src\modules\Knexread\native-pdf-reader\knex-pdf-engine\backends\future-pdfium\PdfiumRuntimeLoader.ts","10","BACKEND","Backend","PdfBackendExtractAnnotationsInput,"
"knexwriter\src\modules\Knexread\native-pdf-reader\knex-pdf-engine\backends\future-pdfium\PdfiumRuntimeLoader.ts","11","BACKEND","Backend","PdfBackendExtractTextInput,"
"knexwriter\src\modules\Knexread\native-pdf-reader\knex-pdf-engine\backends\future-pdfium\PdfiumRuntimeLoader.ts","12","BACKEND","Backend","PdfBackendPageHandle,"
"knexwriter\src\modules\Knexread\native-pdf-reader\knex-pdf-engine\backends\future-pdfium\PdfiumRuntimeLoader.ts","13","RENDER","RenderPage","PdfBackendRenderPageInput,"
"knexwriter\src\modules\Knexread\native-pdf-reader\knex-pdf-engine\backends\future-pdfium\PdfiumRuntimeLoader.ts","13","BACKEND","Backend","PdfBackendRenderPageInput,"
"knexwriter\src\modules\Knexread\native-pdf-reader\knex-pdf-engine\backends\future-pdfium\PdfiumRuntimeLoader.ts","14","SERVER","PdfBackendRenderTile","PdfBackendRenderTileInput,"
"knexwriter\src\modules\Knexread\native-pdf-reader\knex-pdf-engine\backends\future-pdfium\PdfiumRuntimeLoader.ts","14","BACKEND","Backend","PdfBackendRenderTileInput,"
"knexwriter\src\modules\Knexread\native-pdf-reader\knex-pdf-engine\backends\future-pdfium\PdfiumRuntimeLoader.ts","14","TILES","RenderTile","PdfBackendRenderTileInput,"
"knexwriter\src\modules\Knexread\native-pdf-reader\knex-pdf-engine\backends\future-pdfium\PdfiumRuntimeLoader.ts","17","PDFIUM","Pdfium","createEmbedPdfPdfiumRuntime,"
"knexwriter\src\modules\Knexread\native-pdf-reader\knex-pdf-engine\backends\future-pdfium\PdfiumRuntimeLoader.ts","18","PDFIUM","PDFIUM","EMBED_PDF_PDFIUM_PACKAGE,"
"knexwriter\src\modules\Knexread\native-pdf-reader\knex-pdf-engine\backends\future-pdfium\PdfiumRuntimeLoader.ts","19","PDFIUM","Pdfium","} from ""./PdfiumEmbedPdfRuntime"";"
"knexwriter\src\modules\Knexread\native-pdf-reader\knex-pdf-engine\backends\future-pdfium\PdfiumRuntimeLoader.ts","21","PDFIUM","PDFIUM","export const PDFIUM_RUNTIME_NOT_CONFIGURED_REASON ="
"knexwriter\src\modules\Knexread\native-pdf-reader\knex-pdf-engine\backends\future-pdfium\PdfiumRuntimeLoader.ts","22","PDFIUM","PDFium","""PDFium runtime is not installed/configured."";"
"knexwriter\src\modules\Knexread\native-pdf-reader\knex-pdf-engine\backends\future-pdfium\PdfiumRuntimeLoader.ts","24","PDFIUM","PDFIUM","export const PDFIUM_RUNTIME_REQUESTED_BUT_NOT_CONFIGURED ="
"knexwriter\src\modules\Knexread\native-pdf-reader\knex-pdf-engine\backends\future-pdfium\PdfiumRuntimeLoader.ts","25","PDFIUM","PDFium","""PDFium backend requested but runtime is not installed/configured."";"
"knexwriter\src\modules\Knexread\native-pdf-reader\knex-pdf-engine\backends\future-pdfium\PdfiumRuntimeLoader.ts","27","PDFIUM","Pdfium","export type PdfiumRuntime = {"
"knexwriter\src\modules\Knexread\native-pdf-reader\knex-pdf-engine\backends\future-pdfium\PdfiumRuntimeLoader.ts","38","RENDER","renderPage","renderPage: ("
"knexwriter\src\modules\Knexread\native-pdf-reader\knex-pdf-engine\backends\future-pdfium\PdfiumRuntimeLoader.ts","39","RENDER","RenderPage","input: PdfBackendRenderPageInput,"
"knexwriter\src\modules\Knexread\native-pdf-reader\knex-pdf-engine\backends\future-pdfium\PdfiumRuntimeLoader.ts","41","TILES","renderTile","renderTile?: ("
"knexwriter\src\modules\Knexread\native-pdf-reader\knex-pdf-engine\backends\future-pdfium\PdfiumRuntimeLoader.ts","42","TILES","RenderTile","input: PdfBackendRenderTileInput,"
"knexwriter\src\modules\Knexread\native-pdf-reader\knex-pdf-engine\backends\future-pdfium\PdfiumRuntimeLoader.ts","42","SERVER","PdfBackendRenderTile","input: PdfBackendRenderTileInput,"
"knexwriter\src\modules\Knexread\native-pdf-reader\knex-pdf-engine\backends\future-pdfium\PdfiumRuntimeLoader.ts","46","TEXT","SemanticText",") => Promise<KnexPdfSemanticTextBlock[]>;"
"knexwriter\src\modules\Knexread\native-pdf-reader\knex-pdf-engine\backends\future-pdfium\PdfiumRuntimeLoader.ts","50","LIFECYCLE","destroy","destroyDocument?: ("
"knexwriter\src\modules\Knexread\native-pdf-reader\knex-pdf-engine\backends\future-pdfium\PdfiumRuntimeLoader.ts","53","LIFECYCLE","destroy","destroy?: () => Promise<void> | void;"
"knexwriter\src\modules\Knexread\native-pdf-reader\knex-pdf-engine\backends\future-pdfium\PdfiumRuntimeLoader.ts","56","PDFIUM","Pdfium","export type PdfiumRuntimeLoaderOptions = {"
"knexwriter\src\modules\Knexread\native-pdf-reader\knex-pdf-engine\backends\future-pdfium\PdfiumRuntimeLoader.ts","57","PDFIUM","Pdfium","runtime?: PdfiumRuntime;"
"knexwriter\src\modules\Knexread\native-pdf-reader\knex-pdf-engine\backends\future-pdfium\PdfiumRuntimeLoader.ts","62","LIFECYCLE","lRu","globalRuntimeKeys?: string[];"
"knexwriter\src\modules\Knexread\native-pdf-reader\knex-pdf-engine\backends\future-pdfium\PdfiumRuntimeLoader.ts","82","RENDER","renderPage","renderPage: false,"
"knexwriter\src\modules\Knexread\native-pdf-reader\knex-pdf-engine\backends\future-pdfium\PdfiumRuntimeLoader.ts","104","RENDER","renderPage","typeof candidate.renderPage === ""function"""
"knexwriter\src\modules\Knexread\native-pdf-reader\knex-pdf-engine\backends\future-pdfium\PdfiumRuntimeLoader.ts","146","LIFECYCLE","lRu","this.getGlobalRuntime() ||"
"knexwriter\src\modules\Knexread\native-pdf-reader\knex-pdf-engine\backends\future-pdfium\PdfiumRuntimeLoader.ts","162","RENDER","renderPage","renderPage: runtimeCapabilities?.renderPage ?? true,"
"knexwriter\src\modules\Knexread\native-pdf-reader\knex-pdf-engine\backends\future-pdfium\PdfiumRuntimeLoader.ts","162","RENDER","renderPage","renderPage: runtimeCapabilities?.renderPage ?? true,"
"knexwriter\src\modules\Knexread\native-pdf-reader\knex-pdf-engine\backends\future-pdfium\PdfiumRuntimeLoader.ts","173","TILES","renderTile","typeof runtime.renderTile === ""function"","
"knexwriter\src\modules\Knexread\native-pdf-reader\knex-pdf-engine\backends\future-pdfium\PdfiumRuntimeLoader.ts","209","LIFECYCLE","lRu","const globalRuntime = this.getGlobalRuntime();"
"knexwriter\src\modules\Knexread\native-pdf-reader\knex-pdf-engine\backends\future-pdfium\PdfiumRuntimeLoader.ts","209","LIFECYCLE","lRu","const globalRuntime = this.getGlobalRuntime();"
"knexwriter\src\modules\Knexread\native-pdf-reader\knex-pdf-engine\backends\future-pdfium\PdfiumRuntimeLoader.ts","210","LIFECYCLE","lRu","if (globalRuntime) {"
"knexwriter\src\modules\Knexread\native-pdf-reader\knex-pdf-engine\backends\future-pdfium\PdfiumRuntimeLoader.ts","211","LIFECYCLE","lRu","return globalRuntime;"
"knexwriter\src\modules\Knexread\native-pdf-reader\knex-pdf-engine\backends\future-pdfium\PdfiumRuntimeLoader.ts","237","LIFECYCLE","lRu","private getGlobalRuntime(): PdfiumRuntime | null {"
"knexwriter\src\modules\Knexread\native-pdf-reader\knex-pdf-engine\backends\future-pdfium\PdfiumRuntimeLoader.ts","238","LIFECYCLE","lRu","const keys = this.options.globalRuntimeKeys ?? DEFAULT_GLOBAL_RUNTIME_KEYS;"
"knexwriter\src\modules\Knexread\native-pdf-reader\knex-pdf-engine\backends\future-pdfium\PdfiumTextExtractor.ts","1","TEXT","SemanticText","import type { KnexPdfSemanticTextBlock } from ""../../core/engineTypes"";"
"knexwriter\src\modules\Knexread\native-pdf-reader\knex-pdf-engine\backends\future-pdfium\PdfiumTextExtractor.ts","1","BACKEND","engine","import type { KnexPdfSemanticTextBlock } from ""../../core/engineTypes"";"
"knexwriter\src\modules\Knexread\native-pdf-reader\knex-pdf-engine\backends\future-pdfium\PdfiumTextExtractor.ts","2","BACKEND","Backend","import type { PdfBackendExtractTextInput } from ""../PdfRenderBackend"";"
"knexwriter\src\modules\Knexread\native-pdf-reader\knex-pdf-engine\backends\future-pdfium\PdfiumTextExtractor.ts","2","BACKEND","Backend","import type { PdfBackendExtractTextInput } from ""../PdfRenderBackend"";"
"knexwriter\src\modules\Knexread\native-pdf-reader\knex-pdf-engine\backends\future-pdfium\PdfiumTextExtractor.ts","3","PDFIUM","Pdfium","import { PdfiumRuntimeLoader } from ""./PdfiumRuntimeLoader"";"
"knexwriter\src\modules\Knexread\native-pdf-reader\knex-pdf-engine\backends\future-pdfium\PdfiumTextExtractor.ts","3","BACKEND","Runtime","import { PdfiumRuntimeLoader } from ""./PdfiumRuntimeLoader"";"
"knexwriter\src\modules\Knexread\native-pdf-reader\knex-pdf-engine\backends\future-pdfium\PdfiumTextExtractor.ts","3","PDFIUM","Pdfium","import { PdfiumRuntimeLoader } from ""./PdfiumRuntimeLoader"";"
"knexwriter\src\modules\Knexread\native-pdf-reader\knex-pdf-engine\backends\future-pdfium\PdfiumTextExtractor.ts","3","BACKEND","Runtime","import { PdfiumRuntimeLoader } from ""./PdfiumRuntimeLoader"";"
"knexwriter\src\modules\Knexread\native-pdf-reader\knex-pdf-engine\backends\future-pdfium\PdfiumTextExtractor.ts","5","PDFIUM","Pdfium","export class PdfiumTextExtractor {"
"knexwriter\src\modules\Knexread\native-pdf-reader\knex-pdf-engine\backends\future-pdfium\PdfiumTextExtractor.ts","6","BACKEND","Runtime","constructor(private readonly runtimeLoader: PdfiumRuntimeLoader) {}"
"knexwriter\src\modules\Knexread\native-pdf-reader\knex-pdf-engine\backends\future-pdfium\PdfiumTextExtractor.ts","6","BACKEND","runtime","constructor(private readonly runtimeLoader: PdfiumRuntimeLoader) {}"
"knexwriter\src\modules\Knexread\native-pdf-reader\knex-pdf-engine\backends\future-pdfium\PdfiumTextExtractor.ts","6","PDFIUM","Pdfium","constructor(private readonly runtimeLoader: PdfiumRuntimeLoader) {}"
"knexwriter\src\modules\Knexread\native-pdf-reader\knex-pdf-engine\backends\future-pdfium\PdfiumTextExtractor.ts","9","BACKEND","Backend","input: PdfBackendExtractTextInput,"
"knexwriter\src\modules\Knexread\native-pdf-reader\knex-pdf-engine\backends\future-pdfium\PdfiumTextExtractor.ts","10","TEXT","SemanticText","): Promise<KnexPdfSemanticTextBlock[]> {"
"knexwriter\src\modules\Knexread\native-pdf-reader\knex-pdf-engine\backends\future-pdfium\PdfiumTextExtractor.ts","11","BACKEND","runtime","const runtime = await this.runtimeLoader.getRuntime();"
"knexwriter\src\modules\Knexread\native-pdf-reader\knex-pdf-engine\backends\future-pdfium\PdfiumTextExtractor.ts","11","BACKEND","runtime","const runtime = await this.runtimeLoader.getRuntime();"
"knexwriter\src\modules\Knexread\native-pdf-reader\knex-pdf-engine\backends\pdfjs\PdfJsAnnotationExtractor.ts","1","BACKEND","Backend","import type { PdfBackendAnnotation, PdfBackendPageHandle } from ""../PdfRenderBackend"";"
"knexwriter\src\modules\Knexread\native-pdf-reader\knex-pdf-engine\backends\pdfjs\PdfJsAnnotationExtractor.ts","1","BACKEND","Backend","import type { PdfBackendAnnotation, PdfBackendPageHandle } from ""../PdfRenderBackend"";"
"knexwriter\src\modules\Knexread\native-pdf-reader\knex-pdf-engine\backends\pdfjs\PdfJsAnnotationExtractor.ts","1","BACKEND","Backend","import type { PdfBackendAnnotation, PdfBackendPageHandle } from ""../PdfRenderBackend"";"
"knexwriter\src\modules\Knexread\native-pdf-reader\knex-pdf-engine\backends\pdfjs\PdfJsAnnotationExtractor.ts","4","BACKEND","Backend","async extract(page: PdfBackendPageHandle, scale: number): Promise<PdfBackendAnnotation[]> {"
"knexwriter\src\modules\Knexread\native-pdf-reader\knex-pdf-engine\backends\pdfjs\PdfJsAnnotationExtractor.ts","4","BACKEND","Backend","async extract(page: PdfBackendPageHandle, scale: number): Promise<PdfBackendAnnotation[]> {"
"knexwriter\src\modules\Knexread\native-pdf-reader\knex-pdf-engine\backends\pdfjs\PdfJsAnnotationExtractor.ts","5","BACKEND","backend","const backendPage = page.backendPage as {"
"knexwriter\src\modules\Knexread\native-pdf-reader\knex-pdf-engine\backends\pdfjs\PdfJsAnnotationExtractor.ts","5","BACKEND","backend","const backendPage = page.backendPage as {"
"knexwriter\src\modules\Knexread\native-pdf-reader\knex-pdf-engine\backends\pdfjs\PdfJsAnnotationExtractor.ts","6","RENDER","getViewport","getViewport: (params: { scale: number }) => {"
"knexwriter\src\modules\Knexread\native-pdf-reader\knex-pdf-engine\backends\pdfjs\PdfJsAnnotationExtractor.ts","20","RENDER","getViewport","const viewport = backendPage.getViewport({ scale });"
"knexwriter\src\modules\Knexread\native-pdf-reader\knex-pdf-engine\backends\pdfjs\PdfJsAnnotationExtractor.ts","20","BACKEND","backend","const viewport = backendPage.getViewport({ scale });"
"knexwriter\src\modules\Knexread\native-pdf-reader\knex-pdf-engine\backends\pdfjs\PdfJsAnnotationExtractor.ts","21","BACKEND","backend","const annotations = (await backendPage.getAnnotations?.({ intent: ""display"" })) ?? [];"
"knexwriter\src\modules\Knexread\native-pdf-reader\knex-pdf-engine\backends\pdfjs\PdfJsAnnotationExtractor.ts","25","BACKEND","Backend",".map((annotation, index): PdfBackendAnnotation | null => {"
"knexwriter\src\modules\Knexread\native-pdf-reader\knex-pdf-engine\backends\pdfjs\PdfJsBackend.ts","2","BACKEND","Backend","PdfBackendAnnotation,"
"knexwriter\src\modules\Knexread\native-pdf-reader\knex-pdf-engine\backends\pdfjs\PdfJsBackend.ts","3","BACKEND","Backend","PdfBackendDocumentHandle,"
"knexwriter\src\modules\Knexread\native-pdf-reader\knex-pdf-engine\backends\pdfjs\PdfJsBackend.ts","4","BACKEND","Backend","PdfBackendPageHandle,"
"knexwriter\src\modules\Knexread\native-pdf-reader\knex-pdf-engine\backends\pdfjs\PdfJsBackend.ts","5","BACKEND","Backend","PdfRenderBackend,"
"knexwriter\src\modules\Knexread\native-pdf-reader\knex-pdf-engine\backends\pdfjs\PdfJsBackend.ts","6","BACKEND","Backend","} from ""../PdfRenderBackend"";"
"knexwriter\src\modules\Knexread\native-pdf-reader\knex-pdf-engine\backends\pdfjs\PdfJsBackend.ts","10","TEXT","SemanticText","KnexPdfSemanticTextBlock,"
"knexwriter\src\modules\Knexread\native-pdf-reader\knex-pdf-engine\backends\pdfjs\PdfJsBackend.ts","11","BACKEND","engine","} from ""../../core/engineTypes"";"
"knexwriter\src\modules\Knexread\native-pdf-reader\knex-pdf-engine\backends\pdfjs\PdfJsBackend.ts","12","SERVER","Controller","import type { KnexPdfRenderPhase } from ""../../rendering/RenderQualityController"";"
"knexwriter\src\modules\Knexread\native-pdf-reader\knex-pdf-engine\backends\pdfjs\PdfJsBackend.ts","14","BACKEND","Renderer","import { PdfJsPageRenderer } from ""./PdfJsPageRenderer"";"
"knexwriter\src\modules\Knexread\native-pdf-reader\knex-pdf-engine\backends\pdfjs\PdfJsBackend.ts","14","BACKEND","Renderer","import { PdfJsPageRenderer } from ""./PdfJsPageRenderer"";"
"knexwriter\src\modules\Knexread\native-pdf-reader\knex-pdf-engine\backends\pdfjs\PdfJsBackend.ts","22","BACKEND","Backend","export type PdfJsDocumentHandle = PdfBackendDocumentHandle & {"
"knexwriter\src\modules\Knexread\native-pdf-reader\knex-pdf-engine\backends\pdfjs\PdfJsBackend.ts","28","BACKEND","fallback","fallback = 0,"
"knexwriter\src\modules\Knexread\native-pdf-reader\knex-pdf-engine\backends\pdfjs\PdfJsBackend.ts","60","RENDER","renderPage","renderPage: true,"
"knexwriter\src\modules\Knexread\native-pdf-reader\knex-pdf-engine\backends\pdfjs\PdfJsBackend.ts","103","RENDER","renderPage","renderPage(input: {"
"knexwriter\src\modules\Knexread\native-pdf-reader\knex-pdf-engine\backends\pdfjs\PdfJsBackend.ts","108","LIFECYCLE","Abort","signal?: AbortSignal;"
"knexwriter\src\modules\Knexread\native-pdf-reader\knex-pdf-engine\backends\pdfjs\PdfJsBackend.ts","109","LIFECYCLE","renderVersion","renderVersion?: number;"
"knexwriter\src\modules\Knexread\native-pdf-reader\knex-pdf-engine\backends\pdfjs\PdfJsBackend.ts","125","TEXT","SemanticText","): Promise<KnexPdfSemanticTextBlock[]> {"
"knexwriter\src\modules\Knexread\native-pdf-reader\knex-pdf-engine\backends\pdfjs\PdfJsBackend.ts","132","LIFECYCLE","Abort","signal?: AbortSignal;"
"knexwriter\src\modules\Knexread\native-pdf-reader\knex-pdf-engine\backends\pdfjs\PdfJsBackend.ts","133","TEXT","SemanticText","}): Promise<KnexPdfSemanticTextBlock[]> {"
"knexwriter\src\modules\Knexread\native-pdf-reader\knex-pdf-engine\backends\pdfjs\PdfJsBackend.ts","147","LIFECYCLE","Abort","signal?: AbortSignal;"
"knexwriter\src\modules\Knexread\native-pdf-reader\knex-pdf-engine\backends\pdfjs\PdfJsBackend.ts","152","LIFECYCLE","destroy","async destroyDocument(document: PdfBackendDocumentHandle): Promise<void> {"
"knexwriter\src\modules\Knexread\native-pdf-reader\knex-pdf-engine\backends\pdfjs\PdfJsBackend.ts","155","LIFECYCLE","destroy","destroy?: () => Promise<void> | void;"
"knexwriter\src\modules\Knexread\native-pdf-reader\knex-pdf-engine\backends\pdfjs\PdfJsBackend.ts","162","RENDER","cleanup()","await pdfDocument.pdf.cleanup();"
"knexwriter\src\modules\Knexread\native-pdf-reader\knex-pdf-engine\backends\pdfjs\PdfJsBackend.ts","165","LIFECYCLE","destroy","if (typeof pdfDocument.pdf?.destroy === ""function"") {"
"knexwriter\src\modules\Knexread\native-pdf-reader\knex-pdf-engine\backends\pdfjs\PdfJsBackend.ts","166","LIFECYCLE","destroy","await pdfDocument.pdf.destroy();"
"knexwriter\src\modules\Knexread\native-pdf-reader\knex-pdf-engine\backends\pdfjs\PdfJsPageRenderer.ts","1","BACKEND","Backend","import type { PdfBackendPageHandle } from ""../PdfRenderBackend"";"
"knexwriter\src\modules\Knexread\native-pdf-reader\knex-pdf-engine\backends\pdfjs\PdfJsPageRenderer.ts","1","BACKEND","Backend","import type { PdfBackendPageHandle } from ""../PdfRenderBackend"";"
"knexwriter\src\modules\Knexread\native-pdf-reader\knex-pdf-engine\backends\pdfjs\PdfJsPageRenderer.ts","5","BACKEND","engine","} from ""../../core/engineTypes"";"
"knexwriter\src\modules\Knexread\native-pdf-reader\knex-pdf-engine\backends\pdfjs\PdfJsPageRenderer.ts","6","SERVER","Controller","import type { KnexPdfRenderPhase } from ""../../rendering/RenderQualityController"";"
"knexwriter\src\modules\Knexread\native-pdf-reader\knex-pdf-engine\backends\pdfjs\PdfJsPageRenderer.ts","10","BACKEND","Renderer","} from ""../../rendering/HiDpiCanvasRenderer"";"
"knexwriter\src\modules\Knexread\native-pdf-reader\knex-pdf-engine\backends\pdfjs\PdfJsPageRenderer.ts","14","BACKEND","fallback","fallback = 0,"
"knexwriter\src\modules\Knexread\native-pdf-reader\knex-pdf-engine\backends\pdfjs\PdfJsPageRenderer.ts","18","BACKEND","fallback",": fallback;"
"knexwriter\src\modules\Knexread\native-pdf-reader\knex-pdf-engine\backends\pdfjs\PdfJsPageRenderer.ts","30","SCALE","devicePixelRatio","* - Não aplicar devicePixelRatio aqui."
"knexwriter\src\modules\Knexread\native-pdf-reader\knex-pdf-engine\backends\pdfjs\PdfJsPageRenderer.ts","32","SCALE","outputScale","* - Não usar outputScale aqui."
"knexwriter\src\modules\Knexread\native-pdf-reader\knex-pdf-engine\backends\pdfjs\PdfJsPageRenderer.ts","34","BACKEND","Renderer","* A nitidez real deve ser resolvida dentro do HiDpiCanvasRenderer,"
"knexwriter\src\modules\Knexread\native-pdf-reader\knex-pdf-engine\backends\pdfjs\PdfJsPageRenderer.ts","35","SCALE","outputScale","* usando outputScale."
"knexwriter\src\modules\Knexread\native-pdf-reader\knex-pdf-engine\backends\pdfjs\PdfJsPageRenderer.ts","45","RENDER","getViewport","typeof maybePage.getViewport !== ""function"" ||"
"knexwriter\src\modules\Knexread\native-pdf-reader\knex-pdf-engine\backends\pdfjs\PdfJsPageRenderer.ts","46","RENDER","Page.render","typeof maybePage.render !== ""function"""
"knexwriter\src\modules\Knexread\native-pdf-reader\knex-pdf-engine\backends\pdfjs\PdfJsPageRenderer.ts","48","BACKEND","Renderer","throw new Error(""Invalid PDF.js page object received by PdfJsPageRenderer."");"
"knexwriter\src\modules\Knexread\native-pdf-reader\knex-pdf-engine\backends\pdfjs\PdfJsPageRenderer.ts","53","BACKEND","Renderer","* PdfJsPageRenderer"
"knexwriter\src\modules\Knexread\native-pdf-reader\knex-pdf-engine\backends\pdfjs\PdfJsPageRenderer.ts","55","BACKEND","backend","* Este arquivo é apenas a ponte entre o backend PDF.js e o HiDPI renderer."
"knexwriter\src\modules\Knexread\native-pdf-reader\knex-pdf-engine\backends\pdfjs\PdfJsPageRenderer.ts","58","SCALE","devicePixelRatio","* - calcular devicePixelRatio;"
"knexwriter\src\modules\Knexread\native-pdf-reader\knex-pdf-engine\backends\pdfjs\PdfJsPageRenderer.ts","63","SCALE","outputScale","* - decidir outputScale."
"knexwriter\src\modules\Knexread\native-pdf-reader\knex-pdf-engine\backends\pdfjs\PdfJsPageRenderer.ts","77","LIFECYCLE","Abort","signal?: AbortSignal;"
"knexwriter\src\modules\Knexread\native-pdf-reader\knex-pdf-engine\backends\pdfjs\PdfJsTextExtractor.ts","1","BACKEND","Backend","import type { PdfBackendPageHandle } from ""../PdfRenderBackend"";"
"knexwriter\src\modules\Knexread\native-pdf-reader\knex-pdf-engine\backends\pdfjs\PdfJsTextExtractor.ts","1","BACKEND","Backend","import type { PdfBackendPageHandle } from ""../PdfRenderBackend"";"
"knexwriter\src\modules\Knexread\native-pdf-reader\knex-pdf-engine\backends\pdfjs\PdfJsTextExtractor.ts","2","TEXT","SemanticText","import type { KnexPdfSemanticTextBlock } from ""../../core/engineTypes"";"
"knexwriter\src\modules\Knexread\native-pdf-reader\knex-pdf-engine\backends\pdfjs\PdfJsTextExtractor.ts","2","BACKEND","engine","import type { KnexPdfSemanticTextBlock } from ""../../core/engineTypes"";"
"knexwriter\src\modules\Knexread\native-pdf-reader\knex-pdf-engine\backends\pdfjs\PdfJsTextExtractor.ts","8","TEXT","fontFamily","fontFamily?: string;"
"knexwriter\src\modules\Knexread\native-pdf-reader\knex-pdf-engine\backends\pdfjs\PdfJsTextExtractor.ts","19","TEXT","fontName","fontName?: string;"
"knexwriter\src\modules\Knexread\native-pdf-reader\knex-pdf-engine\backends\pdfjs\PdfJsTextExtractor.ts","36","RENDER","getViewport","getViewport: (params: { scale: number }) => PdfJsViewportLike;"
"knexwriter\src\modules\Knexread\native-pdf-reader\knex-pdf-engine\backends\pdfjs\PdfJsTextExtractor.ts","37","TEXT","getTextContent","getTextContent: (params?: {"
"knexwriter\src\modules\Knexread\native-pdf-reader\knex-pdf-engine\backends\pdfjs\PdfJsTextExtractor.ts","49","TEXT","fontFamily","fontFamily: string;"
"knexwriter\src\modules\Knexread\native-pdf-reader\knex-pdf-engine\backends\pdfjs\PdfJsTextExtractor.ts","74","BACKEND","Backend","page: PdfBackendPageHandle,"
"knexwriter\src\modules\Knexread\native-pdf-reader\knex-pdf-engine\backends\pdfjs\PdfJsTextExtractor.ts","76","TEXT","SemanticText","): Promise<KnexPdfSemanticTextBlock[]> {"
"knexwriter\src\modules\Knexread\native-pdf-reader\knex-pdf-engine\backends\pdfjs\PdfJsTextExtractor.ts","77","BACKEND","backend","const backendPage = page.backendPage as PdfJsPageLike;"
"knexwriter\src\modules\Knexread\native-pdf-reader\knex-pdf-engine\backends\pdfjs\PdfJsTextExtractor.ts","77","BACKEND","backend","const backendPage = page.backendPage as PdfJsPageLike;"
"knexwriter\src\modules\Knexread\native-pdf-reader\knex-pdf-engine\backends\pdfjs\PdfJsTextExtractor.ts","78","RENDER","getViewport","const viewport = backendPage.getViewport({"
"knexwriter\src\modules\Knexread\native-pdf-reader\knex-pdf-engine\backends\pdfjs\PdfJsTextExtractor.ts","78","BACKEND","backend","const viewport = backendPage.getViewport({"
"knexwriter\src\modules\Knexread\native-pdf-reader\knex-pdf-engine\backends\pdfjs\PdfJsTextExtractor.ts","90","TEXT","getTextContent","const textContent = await backendPage.getTextContent({"
"knexwriter\src\modules\Knexread\native-pdf-reader\knex-pdf-engine\backends\pdfjs\PdfJsTextExtractor.ts","90","BACKEND","backend","const textContent = await backendPage.getTextContent({"
"knexwriter\src\modules\Knexread\native-pdf-reader\knex-pdf-engine\backends\pdfjs\PdfJsTextExtractor.ts","124","TEXT","fontFamily","fontFamily: candidate.fontFamily,"
"knexwriter\src\modules\Knexread\native-pdf-reader\knex-pdf-engine\backends\pdfjs\PdfJsTextExtractor.ts","124","TEXT","fontFamily","fontFamily: candidate.fontFamily,"
"knexwriter\src\modules\Knexread\native-pdf-reader\knex-pdf-engine\backends\pdfjs\PdfJsTextExtractor.ts","168","TEXT","fontName","const style = styles[item.fontName ?? """"] ?? {};"
"knexwriter\src\modules\Knexread\native-pdf-reader\knex-pdf-engine\backends\pdfjs\PdfJsTextExtractor.ts","242","BACKEND","fallback","fallback = 0,"
"knexwriter\src\modules\Knexread\native-pdf-reader\knex-pdf-engine\backends\pdfjs\PdfJsTextExtractor.ts","246","BACKEND","fallback",": fallback;"
"knexwriter\src\modules\Knexread\native-pdf-reader\knex-pdf-engine\backends\PdfRenderBackend.ts","2","BACKEND","Backend","KnexPdfBackendId,"
"knexwriter\src\modules\Knexread\native-pdf-reader\knex-pdf-engine\backends\PdfRenderBackend.ts","6","TEXT","SemanticText","KnexPdfSemanticTextBlock,"
"knexwriter\src\modules\Knexread\native-pdf-reader\knex-pdf-engine\backends\PdfRenderBackend.ts","7","BACKEND","engine","} from ""../core/engineTypes"";"
"knexwriter\src\modules\Knexread\native-pdf-reader\knex-pdf-engine\backends\PdfRenderBackend.ts","8","SERVER","Controller","import type { KnexPdfRenderPhase } from ""../rendering/RenderQualityController"";"
"knexwriter\src\modules\Knexread\native-pdf-reader\knex-pdf-engine\backends\PdfRenderBackend.ts","9","TILES","TileGrid","import type { KnexPdfPageTile } from ""../rendering/TileGridCalculator"";"
"knexwriter\src\modules\Knexread\native-pdf-reader\knex-pdf-engine\backends\PdfRenderBackend.ts","9","SERVER","PdfPageTile } from ""../rendering/Tile","import type { KnexPdfPageTile } from ""../rendering/TileGridCalculator"";"
"knexwriter\src\modules\Knexread\native-pdf-reader\knex-pdf-engine\backends\PdfRenderBackend.ts","12","BACKEND","backend","* Origem comum para abertura de documento em qualquer backend."
"knexwriter\src\modules\Knexread\native-pdf-reader\knex-pdf-engine\backends\PdfRenderBackend.ts","15","PDFIUM","PDFium","* PDFium/MuPDF devem usar preferencialmente `data`."
"knexwriter\src\modules\Knexread\native-pdf-reader\knex-pdf-engine\backends\PdfRenderBackend.ts","17","BACKEND","Backend","export type PdfBackendDocumentSource = {"
"knexwriter\src\modules\Knexread\native-pdf-reader\knex-pdf-engine\backends\PdfRenderBackend.ts","25","PDFIUM","PDFium","* Use Uint8Array porque PDFium/MuPDF/WASM normalmente trabalham melhor assim."
"knexwriter\src\modules\Knexread\native-pdf-reader\knex-pdf-engine\backends\PdfRenderBackend.ts","30","BACKEND","runtime","* Documento já aberto por um runtime específico."
"knexwriter\src\modules\Knexread\native-pdf-reader\knex-pdf-engine\backends\PdfRenderBackend.ts","41","BACKEND","Backend","export type PdfBackendCapabilities = {"
"knexwriter\src\modules\Knexread\native-pdf-reader\knex-pdf-engine\backends\PdfRenderBackend.ts","43","BACKEND","runtime","* Indica se o backend está realmente disponível no runtime atual."
"knexwriter\src\modules\Knexread\native-pdf-reader\knex-pdf-engine\backends\PdfRenderBackend.ts","43","BACKEND","backend","* Indica se o backend está realmente disponível no runtime atual."
"knexwriter\src\modules\Knexread\native-pdf-reader\knex-pdf-engine\backends\PdfRenderBackend.ts","44","PDFIUM","PDFium","* Exemplo: PDFium WASM carregado, MuPDF instalado, PDF.js importado etc."
"knexwriter\src\modules\Knexread\native-pdf-reader\knex-pdf-engine\backends\PdfRenderBackend.ts","51","RENDER","renderPage","renderPage: boolean;"
"knexwriter\src\modules\Knexread\native-pdf-reader\knex-pdf-engine\backends\PdfRenderBackend.ts","69","SCALE","outputScale","* Suporte a HiDPI/outputScale."
"knexwriter\src\modules\Knexread\native-pdf-reader\knex-pdf-engine\backends\PdfRenderBackend.ts","87","BACKEND","backend","* Indica se o backend sabe renderizar a página sem texto rasterizado."
"knexwriter\src\modules\Knexread\native-pdf-reader\knex-pdf-engine\backends\PdfRenderBackend.ts","106","BACKEND","Backend","export type PdfBackendDocumentHandle = {"
"knexwriter\src\modules\Knexread\native-pdf-reader\knex-pdf-engine\backends\PdfRenderBackend.ts","114","PDFIUM","PDFium","* - PDFium document;"
"knexwriter\src\modules\Knexread\native-pdf-reader\knex-pdf-engine\backends\PdfRenderBackend.ts","157","RENDER","RenderPage","export type PdfBackendRenderPageInput = {"
"knexwriter\src\modules\Knexread\native-pdf-reader\knex-pdf-engine\backends\PdfRenderBackend.ts","164","SCALE","outputScale","* Não confundir com outputScale."
"knexwriter\src\modules\Knexread\native-pdf-reader\knex-pdf-engine\backends\PdfRenderBackend.ts","173","SCALE","outputScale","* O backend deve converter isso para outputScale/HiDPI internamente."
"knexwriter\src\modules\Knexread\native-pdf-reader\knex-pdf-engine\backends\PdfRenderBackend.ts","215","LIFECYCLE","Abort","signal?: AbortSignal;"
"knexwriter\src\modules\Knexread\native-pdf-reader\knex-pdf-engine\backends\PdfRenderBackend.ts","219","LIFECYCLE","cache","* Útil para logs/cache/fila."
"knexwriter\src\modules\Knexread\native-pdf-reader\knex-pdf-engine\backends\PdfRenderBackend.ts","221","LIFECYCLE","renderVersion","renderVersion?: number;"
"knexwriter\src\modules\Knexread\native-pdf-reader\knex-pdf-engine\backends\PdfRenderBackend.ts","225","TILES","RenderTile","export type PdfBackendRenderTileInput = {"
"knexwriter\src\modules\Knexread\native-pdf-reader\knex-pdf-engine\backends\PdfRenderBackend.ts","225","SERVER","PdfBackendRenderTile","export type PdfBackendRenderTileInput = {"
"knexwriter\src\modules\Knexread\native-pdf-reader\knex-pdf-engine\backends\PdfRenderBackend.ts","236","TILES","TileGrid","* Recorte em coordenadas CSS/bitmap normalizadas pelo TileGridCalculator."
"knexwriter\src\modules\Knexread\native-pdf-reader\knex-pdf-engine\backends\PdfRenderBackend.ts","238","SERVER","PdfPageTile","tile: KnexPdfPageTile;"
"knexwriter\src\modules\Knexread\native-pdf-reader\knex-pdf-engine\backends\PdfRenderBackend.ts","248","LIFECYCLE","Abort","signal?: AbortSignal;"
"knexwriter\src\modules\Knexread\native-pdf-reader\knex-pdf-engine\backends\PdfRenderBackend.ts","249","LIFECYCLE","renderVersion","renderVersion?: number;"
"knexwriter\src\modules\Knexread\native-pdf-reader\knex-pdf-engine\backends\PdfRenderBackend.ts","256","LIFECYCLE","Abort","signal?: AbortSignal;"
"knexwriter\src\modules\Knexread\native-pdf-reader\knex-pdf-engine\backends\PdfRenderBackend.ts","262","LIFECYCLE","Abort","signal?: AbortSignal;"
"knexwriter\src\modules\Knexread\native-pdf-reader\knex-pdf-engine\backends\PdfRenderBackend.ts","270","PDFIUM","PDFium","* Exemplo: ""PDF.js"", ""PDFium WASM"", ""MuPDF WASM""."
"knexwriter\src\modules\Knexread\native-pdf-reader\knex-pdf-engine\backends\PdfRenderBackend.ts","279","PDFIUM","pdfium","* pdfium: 90"
"knexwriter\src\modules\Knexread\native-pdf-reader\knex-pdf-engine\backends\PdfRenderBackend.ts","298","PDFIUM","PDFium","* Para PDFium/MuPDF:"
"knexwriter\src\modules\Knexread\native-pdf-reader\knex-pdf-engine\backends\PdfRenderBackend.ts","321","RENDER","RenderPage","renderPage(input: PdfBackendRenderPageInput): Promise<KnexPdfCanvasRenderResult>;"
"knexwriter\src\modules\Knexread\native-pdf-reader\knex-pdf-engine\backends\PdfRenderBackend.ts","321","RENDER","renderPage","renderPage(input: PdfBackendRenderPageInput): Promise<KnexPdfCanvasRenderResult>;"
"knexwriter\src\modules\Knexread\native-pdf-reader\knex-pdf-engine\backends\PdfRenderBackend.ts","329","TILES","renderTile","renderTile?("
"knexwriter\src\modules\Knexread\native-pdf-reader\knex-pdf-engine\backends\PdfRenderBackend.ts","330","TILES","RenderTile","input: PdfBackendRenderTileInput,"
"knexwriter\src\modules\Knexread\native-pdf-reader\knex-pdf-engine\backends\PdfRenderBackend.ts","330","SERVER","PdfBackendRenderTile","input: PdfBackendRenderTileInput,"
"knexwriter\src\modules\Knexread\native-pdf-reader\knex-pdf-engine\backends\PdfRenderBackend.ts","339","TEXT","SemanticText","): Promise<KnexPdfSemanticTextBlock[]>;"
"knexwriter\src\modules\Knexread\native-pdf-reader\knex-pdf-engine\backends\PdfRenderBackend.ts","347","TEXT","SemanticText","): Promise<KnexPdfSemanticTextBlock[]>;"
"knexwriter\src\modules\Knexread\native-pdf-reader\knex-pdf-engine\backends\PdfRenderBackend.ts","367","PDFIUM","PDFium","* Importante para PDFium/MuPDF/WASM."
"knexwriter\src\modules\Knexread\native-pdf-reader\knex-pdf-engine\backends\PdfRenderBackend.ts","369","LIFECYCLE","destroy","destroyDocument?(document: PdfBackendDocumentHandle): Promise<void> | void;"
"knexwriter\src\modules\Knexread\native-pdf-reader\knex-pdf-engine\backends\PdfRenderBackend.ts","375","LIFECYCLE","destroy","destroy?(): Promise<void> | void;"
"knexwriter\src\modules\Knexread\native-pdf-reader\knex-pdf-engine\backends\PdfRenderBackend.ts","386","LIFECYCLE","Abort","signal?: AbortSignal;"
"knexwriter\src\modules\Knexread\native-pdf-reader\knex-pdf-engine\backends\PdfRenderBackend.ts","416","TILES","renderTile","export async function renderTileWithBackend(input: {"
"knexwriter\src\modules\Knexread\native-pdf-reader\knex-pdf-engine\backends\PdfRenderBackend.ts","421","SERVER","PdfPageTile","tile: KnexPdfPageTile;"
"knexwriter\src\modules\Knexread\native-pdf-reader\knex-pdf-engine\backends\PdfRenderBackend.ts","430","TILES","renderTile","if (!input.backend.renderTile) {"
"knexwriter\src\modules\Knexread\native-pdf-reader\knex-pdf-engine\backends\PdfRenderBackend.ts","432","SERVER","PDF tile","`Backend ${input.backend.id} does not support PDF tile rendering.`,"
"knexwriter\src\modules\Knexread\native-pdf-reader\knex-pdf-engine\backends\PdfRenderBackend.ts","436","TILES","renderTile","return input.backend.renderTile({"
"knexwriter\src\modules\Knexread\native-pdf-reader\knex-pdf-engine\cache\CachePolicy.ts","1","LIFECYCLE","Cache","export type CachePolicy = {"
"knexwriter\src\modules\Knexread\native-pdf-reader\knex-pdf-engine\cache\CachePolicy.ts","3","TILES","TileCount","maxTileCount: number;"
"knexwriter\src\modules\Knexread\native-pdf-reader\knex-pdf-engine\cache\CachePolicy.ts","7","LIFECYCLE","Cache","export function createDefaultCachePolicy(performanceClass: ""low"" | ""medium"" | ""high""): CachePolicy {"
"knexwriter\src\modules\Knexread\native-pdf-reader\knex-pdf-engine\cache\CachePolicy.ts","7","LIFECYCLE","Cache","export function createDefaultCachePolicy(performanceClass: ""low"" | ""medium"" | ""high""): CachePolicy {"
"knexwriter\src\modules\Knexread\native-pdf-reader\knex-pdf-engine\cache\CachePolicy.ts","9","TILES","TileCount","return { maxBitmapPages: 12, maxTileCount: 256, maxTextMaps: 80 };"
"knexwriter\src\modules\Knexread\native-pdf-reader\knex-pdf-engine\cache\CachePolicy.ts","12","TILES","TileCount","return { maxBitmapPages: 6, maxTileCount: 128, maxTextMaps: 40 };"
"knexwriter\src\modules\Knexread\native-pdf-reader\knex-pdf-engine\cache\CachePolicy.ts","14","TILES","TileCount","return { maxBitmapPages: 3, maxTileCount: 64, maxTextMaps: 20 };"
"knexwriter\src\modules\Knexread\native-pdf-reader\knex-pdf-engine\cache\PageBitmapCache.ts","1","LIFECYCLE","Cache","export type PageBitmapCacheKeyInput = {"
"knexwriter\src\modules\Knexread\native-pdf-reader\knex-pdf-engine\cache\PageBitmapCache.ts","4","LIFECYCLE","cache","* Use quando o cache puder sobreviver à troca de PDF."
"knexwriter\src\modules\Knexread\native-pdf-reader\knex-pdf-engine\cache\PageBitmapCache.ts","8","BACKEND","backend","backend?: string;"
"knexwriter\src\modules\Knexread\native-pdf-reader\knex-pdf-engine\cache\PageBitmapCache.ts","17","PDFIUM","PDFium","* Escala lógica do PDF.js/PDFium."
"knexwriter\src\modules\Knexread\native-pdf-reader\knex-pdf-engine\cache\PageBitmapCache.ts","29","SCALE","devicePixelRatio","devicePixelRatio?: number;"
"knexwriter\src\modules\Knexread\native-pdf-reader\knex-pdf-engine\cache\PageBitmapCache.ts","35","SCALE","outputScale","* cssWidth 1000, width 3000 => outputScale 3."
"knexwriter\src\modules\Knexread\native-pdf-reader\knex-pdf-engine\cache\PageBitmapCache.ts","37","SCALE","outputScale","outputScale: number;"
"knexwriter\src\modules\Knexread\native-pdf-reader\knex-pdf-engine\cache\PageBitmapCache.ts","72","LIFECYCLE","renderVersion","renderVersion?: number;"
"knexwriter\src\modules\Knexread\native-pdf-reader\knex-pdf-engine\cache\PageBitmapCache.ts","75","BACKEND","backend","* Versão do backend ativo. Impede reaproveitar bitmap depois de troca ou"
"knexwriter\src\modules\Knexread\native-pdf-reader\knex-pdf-engine\cache\PageBitmapCache.ts","76","BACKEND","backend","* recuperação de backend."
"knexwriter\src\modules\Knexread\native-pdf-reader\knex-pdf-engine\cache\PageBitmapCache.ts","78","BACKEND","backend","backendVersion?: number;"
"knexwriter\src\modules\Knexread\native-pdf-reader\knex-pdf-engine\cache\PageBitmapCache.ts","81","LIFECYCLE","Cache","export type PageBitmapCacheKeyMetadata = {"
"knexwriter\src\modules\Knexread\native-pdf-reader\knex-pdf-engine\cache\PageBitmapCache.ts","83","BACKEND","backend","backend: string;"
"knexwriter\src\modules\Knexread\native-pdf-reader\knex-pdf-engine\cache\PageBitmapCache.ts","91","SCALE","devicePixelRatio","devicePixelRatio: number;"
"knexwriter\src\modules\Knexread\native-pdf-reader\knex-pdf-engine\cache\PageBitmapCache.ts","93","SCALE","outputScale","outputScale: number;"
"knexwriter\src\modules\Knexread\native-pdf-reader\knex-pdf-engine\cache\PageBitmapCache.ts","104","LIFECYCLE","renderVersion","renderVersion: number;"
"knexwriter\src\modules\Knexread\native-pdf-reader\knex-pdf-engine\cache\PageBitmapCache.ts","105","BACKEND","backend","backendVersion: number;"
"knexwriter\src\modules\Knexread\native-pdf-reader\knex-pdf-engine\cache\PageBitmapCache.ts","108","LIFECYCLE","Cache","export type PageBitmapCacheEntry<TValue> = {"
"knexwriter\src\modules\Knexread\native-pdf-reader\knex-pdf-engine\cache\PageBitmapCache.ts","115","LIFECYCLE","Cache","metadata?: PageBitmapCacheKeyMetadata;"
"knexwriter\src\modules\Knexread\native-pdf-reader\knex-pdf-engine\cache\PageBitmapCache.ts","118","LIFECYCLE","Cache","export type PageBitmapCacheEntryRequirements = {"
"knexwriter\src\modules\Knexread\native-pdf-reader\knex-pdf-engine\cache\PageBitmapCache.ts","120","BACKEND","backend","backend?: string;"
"knexwriter\src\modules\Knexread\native-pdf-reader\knex-pdf-engine\cache\PageBitmapCache.ts","128","SCALE","devicePixelRatio","devicePixelRatio?: number;"
"knexwriter\src\modules\Knexread\native-pdf-reader\knex-pdf-engine\cache\PageBitmapCache.ts","130","SCALE","outputScale","outputScale?: number;"
"knexwriter\src\modules\Knexread\native-pdf-reader\knex-pdf-engine\cache\PageBitmapCache.ts","138","LIFECYCLE","renderVersion","renderVersion?: number;"
"knexwriter\src\modules\Knexread\native-pdf-reader\knex-pdf-engine\cache\PageBitmapCache.ts","139","BACKEND","backend","backendVersion?: number;"
"knexwriter\src\modules\Knexread\native-pdf-reader\knex-pdf-engine\cache\PageBitmapCache.ts","142","SCALE","outputScale","* Quando informado, impede devolver bitmap com outputScale menor."
"knexwriter\src\modules\Knexread\native-pdf-reader\knex-pdf-engine\cache\PageBitmapCache.ts","144","SCALE","OutputScale","minOutputScale?: number;"
"knexwriter\src\modules\Knexread\native-pdf-reader\knex-pdf-engine\cache\PageBitmapCache.ts","168","LIFECYCLE","renderVersion","* Quando true, exige renderVersion exatamente igual."
"knexwriter\src\modules\Knexread\native-pdf-reader\knex-pdf-engine\cache\PageBitmapCache.ts","173","BACKEND","backend","* Quando true, exige backendVersion exatamente igual."
"knexwriter\src\modules\Knexread\native-pdf-reader\knex-pdf-engine\cache\PageBitmapCache.ts","175","BACKEND","Backend","exactBackendVersion?: boolean;"
"knexwriter\src\modules\Knexread\native-pdf-reader\knex-pdf-engine\cache\PageBitmapCache.ts","178","SCALE","outputScale","* Tolerância para renderScale/outputScale."
"knexwriter\src\modules\Knexread\native-pdf-reader\knex-pdf-engine\core\engineConfig.ts","1","BACKEND","engine","import type { KnexPdfRenderQuality } from ""./engineTypes"";"
"knexwriter\src\modules\Knexread\native-pdf-reader\knex-pdf-engine\core\engineConfig.ts","3","BACKEND","PDF_ENGINE","export const KNEX_PDF_ENGINE_NAME = ""KnexPDF Engine"";"
"knexwriter\src\modules\Knexread\native-pdf-reader\knex-pdf-engine\core\engineConfig.ts","3","BACKEND","Engine","export const KNEX_PDF_ENGINE_NAME = ""KnexPDF Engine"";"
"knexwriter\src\modules\Knexread\native-pdf-reader\knex-pdf-engine\core\engineConfig.ts","51","TILES","GAP","export const KNEX_PDF_DEFAULT_PAGE_GAP = 24;"
"knexwriter\src\modules\Knexread\native-pdf-reader\knex-pdf-engine\core\engineErrors.ts","1","BACKEND","PdfEngine","export class KnexPdfEngineError extends Error {"
"knexwriter\src\modules\Knexread\native-pdf-reader\knex-pdf-engine\core\engineErrors.ts","8","BACKEND","PdfEngine","this.name = ""KnexPdfEngineError"";"
"knexwriter\src\modules\Knexread\native-pdf-reader\knex-pdf-engine\core\engineErrors.ts","18","LIFECYCLE","Abort","name === ""AbortError"" ||"
"knexwriter\src\modules\Knexread\native-pdf-reader\knex-pdf-engine\core\engineErrors.ts","19","LIFECYCLE","Cancelled","name === ""RenderingCancelledException"" ||"
"knexwriter\src\modules\Knexread\native-pdf-reader\knex-pdf-engine\core\engineErrors.ts","20","LIFECYCLE","canceled","/rendering cancelled|render canceled|abort|cancel/i.test(message)"
"knexwriter\src\modules\Knexread\native-pdf-reader\knex-pdf-engine\core\engineErrors.ts","20","LIFECYCLE","cancelled","/rendering cancelled|render canceled|abort|cancel/i.test(message)"
"knexwriter\src\modules\Knexread\native-pdf-reader\knex-pdf-engine\core\engineErrors.ts","20","LIFECYCLE","abort","/rendering cancelled|render canceled|abort|cancel/i.test(message)"
"knexwriter\src\modules\Knexread\native-pdf-reader\knex-pdf-engine\core\engineEvents.ts","2","BACKEND","Backend","KnexPdfBackendId,"
"knexwriter\src\modules\Knexread\native-pdf-reader\knex-pdf-engine\core\engineEvents.ts","5","BACKEND","engine","} from ""./engineTypes"";"
"knexwriter\src\modules\Knexread\native-pdf-reader\knex-pdf-engine\core\engineEvents.ts","6","BACKEND","Backend","import type { KnexPdfBackendSelectionMode } from ""./engineState"";"
"knexwriter\src\modules\Knexread\native-pdf-reader\knex-pdf-engine\core\engineEvents.ts","6","BACKEND","engine","import type { KnexPdfBackendSelectionMode } from ""./engineState"";"
"knexwriter\src\modules\Knexread\native-pdf-reader\knex-pdf-engine\core\engineEvents.ts","8","BACKEND","PdfEngine","export type KnexPdfEngineEvent ="
"knexwriter\src\modules\Knexread\native-pdf-reader\knex-pdf-engine\core\engineEvents.ts","16","LIFECYCLE","renderVersion","renderVersion: number;"
"knexwriter\src\modules\Knexread\native-pdf-reader\knex-pdf-engine\core\engineEvents.ts","21","LIFECYCLE","renderVersion","renderVersion: number;"
"knexwriter\src\modules\Knexread\native-pdf-reader\knex-pdf-engine\core\engineEvents.ts","37","BACKEND","backend","type: ""backend-changed"";"
"knexwriter\src\modules\Knexread\native-pdf-reader\knex-pdf-engine\core\engineEvents.ts","38","BACKEND","preferredBackend: KnexPdfBackend","preferredBackend: KnexPdfBackendSelectionMode;"
"knexwriter\src\modules\Knexread\native-pdf-reader\knex-pdf-engine\core\engineEvents.ts","39","BACKEND","Backend","activeBackend: KnexPdfBackendId;"
"knexwriter\src\modules\Knexread\native-pdf-reader\knex-pdf-engine\core\engineEvents.ts","39","BACKEND","Backend","activeBackend: KnexPdfBackendId;"
"knexwriter\src\modules\Knexread\native-pdf-reader\knex-pdf-engine\core\engineEvents.ts","40","BACKEND","Backend","previousBackend?: KnexPdfBackendId;"
"knexwriter\src\modules\Knexread\native-pdf-reader\knex-pdf-engine\core\engineEvents.ts","41","LIFECYCLE","renderVersion","renderVersion: number;"
"knexwriter\src\modules\Knexread\native-pdf-reader\knex-pdf-engine\core\engineEvents.ts","49","LIFECYCLE","renderVersion","renderVersion: number;"
"knexwriter\src\modules\Knexread\native-pdf-reader\knex-pdf-engine\core\engineEvents.ts","56","LIFECYCLE","renderVersion","renderVersion: number;"
"knexwriter\src\modules\Knexread\native-pdf-reader\knex-pdf-engine\core\engineLogger.ts","1","BACKEND","PdfEngine","export type KnexPdfEngineLogLevel = ""debug"" | ""info"" | ""warn"" | ""error"";"
"knexwriter\src\modules\Knexread\native-pdf-reader\knex-pdf-engine\core\engineLogger.ts","3","BACKEND","PdfEngine","export type KnexPdfEngineLogger = {"
"knexwriter\src\modules\Knexread\native-pdf-reader\knex-pdf-engine\core\engineLogger.ts","4","BACKEND","PdfEngine","log: (level: KnexPdfEngineLogLevel, message: string, context?: unknown) => void;"
"knexwriter\src\modules\Knexread\native-pdf-reader\knex-pdf-engine\core\engineLogger.ts","7","BACKEND","PdfEngine","export const silentKnexPdfLogger: KnexPdfEngineLogger = {"
"knexwriter\src\modules\Knexread\native-pdf-reader\knex-pdf-engine\core\engineLogger.ts","11","BACKEND","PdfEngine","export const consoleKnexPdfLogger: KnexPdfEngineLogger = {"
"knexwriter\src\modules\Knexread\native-pdf-reader\knex-pdf-engine\core\engineState.ts","2","BACKEND","Backend","KnexPdfBackendId,"
"knexwriter\src\modules\Knexread\native-pdf-reader\knex-pdf-engine\core\engineState.ts","6","BACKEND","engine","} from ""./engineTypes"";"
"knexwriter\src\modules\Knexread\native-pdf-reader\knex-pdf-engine\core\engineState.ts","9","BACKEND","backend","* Modo de seleção de backend."
"knexwriter\src\modules\Knexread\native-pdf-reader\knex-pdf-engine\core\engineState.ts","12","PDFIUM","PDFium","* - ""pdfium"": força PDFium, quando disponível."
"knexwriter\src\modules\Knexread\native-pdf-reader\knex-pdf-engine\core\engineState.ts","12","PDFIUM","pdfium","* - ""pdfium"": força PDFium, quando disponível."
"knexwriter\src\modules\Knexread\native-pdf-reader\knex-pdf-engine\core\engineState.ts","14","BACKEND","engine","* - ""auto"": deixa o engine escolher o melhor backend disponível."
"knexwriter\src\modules\Knexread\native-pdf-reader\knex-pdf-engine\core\engineState.ts","14","BACKEND","backend","* - ""auto"": deixa o engine escolher o melhor backend disponível."
"knexwriter\src\modules\Knexread\native-pdf-reader\knex-pdf-engine\core\engineState.ts","16","BACKEND","Backend","export type KnexPdfBackendSelectionMode = KnexPdfBackendId | ""auto"";"
"knexwriter\src\modules\Knexread\native-pdf-reader\knex-pdf-engine\core\engineState.ts","16","BACKEND","Backend","export type KnexPdfBackendSelectionMode = KnexPdfBackendId | ""auto"";"
"knexwriter\src\modules\Knexread\native-pdf-reader\knex-pdf-engine\core\engineState.ts","18","BACKEND","Backend","export type KnexPdfBackendRuntimeState = {"
"knexwriter\src\modules\Knexread\native-pdf-reader\knex-pdf-engine\core\engineState.ts","18","BACKEND","Runtime","export type KnexPdfBackendRuntimeState = {"
"knexwriter\src\modules\Knexread\native-pdf-reader\knex-pdf-engine\core\engineState.ts","20","BACKEND","Backend","* Backend solicitado pelo usuário/configuração."
"knexwriter\src\modules\Knexread\native-pdf-reader\knex-pdf-engine\core\engineState.ts","27","PDFIUM","pdfium","* No modo auto, pode ser ""pdfium"" quando disponível ou ""pdfjs"" como fallback."
"knexwriter\src\modules\Knexread\native-pdf-reader\knex-pdf-engine\core\engineState.ts","40","LIFECYCLE","cache","* Contador para invalidar renders/cache quando o backend muda."
"knexwriter\src\modules\Knexread\native-pdf-reader\knex-pdf-engine\core\engineState.ts","63","LIFECYCLE","renderVersion","renderVersion: number;"
"knexwriter\src\modules\Knexread\native-pdf-reader\knex-pdf-engine\core\engineState.ts","72","PDFIUM","PDFium","* Quando PDFium estiver implementado, o valor poderá ser ""auto""."
"knexwriter\src\modules\Knexread\native-pdf-reader\knex-pdf-engine\core\engineState.ts","95","LIFECYCLE","renderVersion","renderVersion: 0,"
"knexwriter\src\modules\Knexread\native-pdf-reader\knex-pdf-engine\core\engineState.ts","137","LIFECYCLE","cache","* que caches e métricas dependentes de backend não reaproveitem estado antigo."
"knexwriter\src\modules\Knexread\native-pdf-reader\knex-pdf-engine\core\engineState.ts","141","LIFECYCLE","renderVersion","renderVersion: state.renderVersion + 1,"
"knexwriter\src\modules\Knexread\native-pdf-reader\knex-pdf-engine\core\engineState.ts","141","LIFECYCLE","renderVersion","renderVersion: state.renderVersion + 1,"
"knexwriter\src\modules\Knexread\native-pdf-reader\knex-pdf-engine\core\engineTypes.ts","14","PDFIUM","pdfium","export type KnexPdfBackendId = ""pdfjs"" | ""mupdf"" | ""pdfium"";"
"knexwriter\src\modules\Knexread\native-pdf-reader\knex-pdf-engine\core\engineTypes.ts","14","BACKEND","Backend","export type KnexPdfBackendId = ""pdfjs"" | ""mupdf"" | ""pdfium"";"
"knexwriter\src\modules\Knexread\native-pdf-reader\knex-pdf-engine\core\engineTypes.ts","16","BACKEND","Runtime","export type KnexPdfRuntimePlatform = ""web"" | ""pwa"" | ""desktop"" | ""mobile"";"
"knexwriter\src\modules\Knexread\native-pdf-reader\knex-pdf-engine\core\engineTypes.ts","31","TEXT","PdfTextLayer","export type KnexPdfTextLayerRenderMode ="
"knexwriter\src\modules\Knexread\native-pdf-reader\knex-pdf-engine\core\engineTypes.ts","40","SCALE","outputScale","outputScale: number;"
"knexwriter\src\modules\Knexread\native-pdf-reader\knex-pdf-engine\core\engineTypes.ts","41","SCALE","devicePixelRatio","devicePixelRatio?: number;"
"knexwriter\src\modules\Knexread\native-pdf-reader\knex-pdf-engine\core\engineTypes.ts","79","SCALE","devicePixelRatio","devicePixelRatio: number;"
"knexwriter\src\modules\Knexread\native-pdf-reader\knex-pdf-engine\core\engineTypes.ts","89","SCALE","outputScale","outputScale: number;"
"knexwriter\src\modules\Knexread\native-pdf-reader\knex-pdf-engine\core\engineTypes.ts","90","SCALE","outputScale","outputScaleX: number;"
"knexwriter\src\modules\Knexread\native-pdf-reader\knex-pdf-engine\core\engineTypes.ts","91","SCALE","outputScale","outputScaleY: number;"
"knexwriter\src\modules\Knexread\native-pdf-reader\knex-pdf-engine\core\engineTypes.ts","101","SCALE","OutputScale","requestedOutputScale: number;"
"knexwriter\src\modules\Knexread\native-pdf-reader\knex-pdf-engine\core\engineTypes.ts","102","SCALE","OutputScale","requestedMinimumOutputScale: number;"
"knexwriter\src\modules\Knexread\native-pdf-reader\knex-pdf-engine\core\engineTypes.ts","103","SCALE","OutputScale","targetOutputScale: number;"
"knexwriter\src\modules\Knexread\native-pdf-reader\knex-pdf-engine\core\engineTypes.ts","104","SCALE","OutputScale","phaseClampedOutputScale: number;"
"knexwriter\src\modules\Knexread\native-pdf-reader\knex-pdf-engine\core\engineTypes.ts","136","BACKEND","backend","* Matriz de transformação do viewport, quando fornecida pelo backend."
"knexwriter\src\modules\Knexread\native-pdf-reader\knex-pdf-engine\core\engineTypes.ts","168","BACKEND","backend","* Fonte unica de geometria quando fornecida pelo backend."
"knexwriter\src\modules\Knexread\native-pdf-reader\knex-pdf-engine\core\engineTypes.ts","240","TEXT","PdfTextLayer","textLayerMode?: KnexPdfTextLayerRenderMode;"
"knexwriter\src\modules\Knexread\native-pdf-reader\knex-pdf-engine\core\engineTypes.ts","240","TEXT","textLayer","textLayerMode?: KnexPdfTextLayerRenderMode;"
"knexwriter\src\modules\Knexread\native-pdf-reader\knex-pdf-engine\core\engineTypes.ts","252","BACKEND","Runtime","platform: KnexPdfRuntimePlatform;"
"knexwriter\src\modules\Knexread\native-pdf-reader\knex-pdf-engine\core\engineTypes.ts","300","TEXT","SemanticText","export type KnexPdfSemanticTextBlock = {"
"knexwriter\src\modules\Knexread\native-pdf-reader\knex-pdf-engine\core\engineTypes.ts","323","BACKEND","backend","* Quando o backend não souber a fonte real, deve preencher com fallback seguro,"
"knexwriter\src\modules\Knexread\native-pdf-reader\knex-pdf-engine\core\engineTypes.ts","323","BACKEND","fallback","* Quando o backend não souber a fonte real, deve preencher com fallback seguro,"
"knexwriter\src\modules\Knexread\native-pdf-reader\knex-pdf-engine\core\engineTypes.ts","326","TEXT","fontFamily","fontFamily: string;"
"knexwriter\src\modules\Knexread\native-pdf-reader\knex-pdf-engine\core\engineTypes.ts","329","BACKEND","backend","* Nome bruto extraído do backend PDF."
"knexwriter\src\modules\Knexread\native-pdf-reader\knex-pdf-engine\core\engineTypes.ts","335","TEXT","fontName","fontName?: string;"
"knexwriter\src\modules\Knexread\native-pdf-reader\knex-pdf-engine\core\engineTypes.ts","386","BACKEND","Backend","* Backend de origem."
"knexwriter\src\modules\Knexread\native-pdf-reader\knex-pdf-engine\core\engineTypes.ts","388","BACKEND","Backend","sourceBackend?: KnexPdfBackendId;"
"knexwriter\src\modules\Knexread\native-pdf-reader\knex-pdf-engine\core\engineTypes.ts","410","TEXT","textRenderMode","textRenderMode?: ""semantic"" | ""visual"" | ""hybrid"";"
"knexwriter\src\modules\Knexread\native-pdf-reader\knex-pdf-engine\core\engineTypes.ts","456","TEXT","SemanticText","export type KnexPdfTextBlock = KnexPdfSemanticTextBlock;"
"knexwriter\src\modules\Knexread\native-pdf-reader\knex-pdf-engine\core\engineTypes.ts","543","TEXT","TextLayer","hasTextLayer?: boolean;"
"knexwriter\src\modules\Knexread\native-pdf-reader\knex-pdf-engine\core\engineTypes.ts","558","TEXT","textLayer","textLayerMode?: KnexPdfTextLayerRenderMode;"
"knexwriter\src\modules\Knexread\native-pdf-reader\knex-pdf-engine\diagnostics\PdfEngineDebugPanel.tsx","5","BACKEND","PdfEngine","export function PdfEngineDebugPanel({"
"knexwriter\src\modules\Knexread\native-pdf-reader\knex-pdf-engine\diagnostics\PdfEngineDebugPanel.tsx","16","BACKEND","Engine","<p className=""font-semibold"">KnexPDF Engine</p>"
"knexwriter\src\modules\Knexread\native-pdf-reader\knex-pdf-engine\diagnostics\PdfEngineDebugPanel.tsx","17","TILES","gap","<dl className=""mt-2 grid grid-cols-[auto_1fr] gap-x-2 gap-y-1"">"
"knexwriter\src\modules\Knexread\native-pdf-reader\knex-pdf-engine\diagnostics\PdfEngineDebugPanel.tsx","17","TILES","gap","<dl className=""mt-2 grid grid-cols-[auto_1fr] gap-x-2 gap-y-1"">"
"knexwriter\src\modules\Knexread\native-pdf-reader\knex-pdf-engine\diagnostics\PdfEngineDebugPanel.tsx","18","BACKEND","Backend","<dt>Backend</dt>"
"knexwriter\src\modules\Knexread\native-pdf-reader\knex-pdf-engine\diagnostics\PdfEngineDebugPanel.tsx","19","BACKEND","backend","<dd>{info.backend}</dd>"
"knexwriter\src\modules\Knexread\native-pdf-reader\knex-pdf-engine\diagnostics\PdfEngineDebugPanel.tsx","27","SCALE","outputScale","<dd>{info.outputScale.toFixed(2)}</dd>"
"knexwriter\src\modules\Knexread\native-pdf-reader\knex-pdf-engine\diagnostics\RenderDebugInfo.ts","7","SCALE","outputScale","outputScale: number;"
"knexwriter\src\modules\Knexread\native-pdf-reader\knex-pdf-engine\diagnostics\RenderDebugInfo.ts","9","BACKEND","backend","backend: string;"
"knexwriter\src\modules\Knexread\native-pdf-reader\knex-pdf-engine\document\PdfDocumentController.ts","5","SERVER","Controller","export class PdfDocumentController {"
"knexwriter\src\modules\Knexread\native-pdf-reader\knex-pdf-engine\document\PdfPageModel.ts","1","BACKEND","engine","import type { KnexPdfPageRenderNature } from ""../core/engineTypes"";"
"knexwriter\src\modules\Knexread\native-pdf-reader\knex-pdf-engine\index.ts","1","BACKEND","PdfEngine","export * from ""./KnexPdfEngine"";"
"knexwriter\src\modules\Knexread\native-pdf-reader\knex-pdf-engine\index.ts","2","BACKEND","PdfEngine","export * from ""./KnexPdfEngineProvider"";"
"knexwriter\src\modules\Knexread\native-pdf-reader\knex-pdf-engine\index.ts","3","BACKEND","engine","export * from ""./core/engineConfig"";"
"knexwriter\src\modules\Knexread\native-pdf-reader\knex-pdf-engine\index.ts","4","BACKEND","engine","export * from ""./core/engineErrors"";"
"knexwriter\src\modules\Knexread\native-pdf-reader\knex-pdf-engine\index.ts","5","BACKEND","engine","export * from ""./core/engineEvents"";"
"knexwriter\src\modules\Knexread\native-pdf-reader\knex-pdf-engine\index.ts","6","BACKEND","engine","export * from ""./core/engineLogger"";"
"knexwriter\src\modules\Knexread\native-pdf-reader\knex-pdf-engine\index.ts","7","BACKEND","engine","export * from ""./core/engineState"";"
"knexwriter\src\modules\Knexread\native-pdf-reader\knex-pdf-engine\index.ts","8","BACKEND","engine","export * from ""./core/engineTypes"";"
"knexwriter\src\modules\Knexread\native-pdf-reader\knex-pdf-engine\index.ts","9","SERVER","Controller","export * from ""./document/PdfDocumentController"";"
"knexwriter\src\modules\Knexread\native-pdf-reader\knex-pdf-engine\index.ts","13","SERVER","Controller","export * from ""./annotations/AnnotationController"";"
"knexwriter\src\modules\Knexread\native-pdf-reader\knex-pdf-engine\index.ts","14","BACKEND","Backend","export * from ""./backends/BackendRegistry"";"
"knexwriter\src\modules\Knexread\native-pdf-reader\knex-pdf-engine\index.ts","14","BACKEND","backend","export * from ""./backends/BackendRegistry"";"
"knexwriter\src\modules\Knexread\native-pdf-reader\knex-pdf-engine\index.ts","22","PDFIUM","future-pdfium","export * from ""./backends/future-pdfium"";"
"knexwriter\src\modules\Knexread\native-pdf-reader\knex-pdf-engine\index.ts","26","SERVER","Controller","export * from ""./rendering/RenderQualityController"";"
"knexwriter\src\modules\Knexread\native-pdf-reader\knex-pdf-engine\index.ts","29","RENDER","RenderTask","export * from ""./rendering/RenderTaskToken"";"
"knexwriter\src\modules\Knexread\native-pdf-reader\knex-pdf-engine\index.ts","30","TILES","TileGrid","export * from ""./rendering/TileGridCalculator"";"
"knexwriter\src\modules\Knexread\native-pdf-reader\knex-pdf-engine\index.ts","31","LIFECYCLE","Cache","export * from ""./rendering/PageTileCache"";"
"knexwriter\src\modules\Knexread\native-pdf-reader\knex-pdf-engine\index.ts","32","SERVER","PdfJsTile","export * from ""./rendering/PdfJsTileRenderer"";"
"knexwriter\src\modules\Knexread\native-pdf-reader\knex-pdf-engine\index.ts","35","SERVER","PdfResolvedTile","KnexPdfResolvedTileRenderMode,"
"knexwriter\src\modules\Knexread\native-pdf-reader\knex-pdf-engine\index.ts","36","SERVER","PdfServerTile","KnexPdfServerTileFallbackReason,"
"knexwriter\src\modules\Knexread\native-pdf-reader\knex-pdf-engine\index.ts","37","SERVER","PdfTile","KnexPdfTileGeometry,"
"knexwriter\src\modules\Knexread\native-pdf-reader\knex-pdf-engine\index.ts","38","SERVER","PdfTile","KnexPdfTileIdentity,"
"knexwriter\src\modules\Knexread\native-pdf-reader\knex-pdf-engine\index.ts","39","SERVER","PdfTile","KnexPdfTileRect,"
"knexwriter\src\modules\Knexread\native-pdf-reader\knex-pdf-engine\index.ts","40","SERVER","PdfTile","KnexPdfTileStatus,"
"knexwriter\src\modules\Knexread\native-pdf-reader\knex-pdf-engine\index.ts","43","LIFECYCLE","Cache","export * from ""./tiles/TileBitmapCache"";"
"knexwriter\src\modules\Knexread\native-pdf-reader\knex-pdf-engine\index.ts","126","LIFECYCLE","cache","export * from ""./cache/CachePolicy"";"
"knexwriter\src\modules\Knexread\native-pdf-reader\knex-pdf-engine\index.ts","126","LIFECYCLE","Cache","export * from ""./cache/CachePolicy"";"
"knexwriter\src\modules\Knexread\native-pdf-reader\knex-pdf-engine\index.ts","127","LIFECYCLE","Cache","export * from ""./cache/PageBitmapCache"";"
"knexwriter\src\modules\Knexread\native-pdf-reader\knex-pdf-engine\index.ts","127","LIFECYCLE","cache","export * from ""./cache/PageBitmapCache"";"
"knexwriter\src\modules\Knexread\native-pdf-reader\knex-pdf-engine\integration\KnexPdfViewerRuntime.ts","6","BACKEND","engine","} from ""../core/engineTypes"";"
"knexwriter\src\modules\Knexread\native-pdf-reader\knex-pdf-engine\integration\KnexPdfViewerRuntime.ts","8","BACKEND","Backend","PdfBackendCanvasTextMode,"
"knexwriter\src\modules\Knexread\native-pdf-reader\knex-pdf-engine\integration\KnexPdfViewerRuntime.ts","9","BACKEND","Backend","PdfBackendDocumentHandle,"
"knexwriter\src\modules\Knexread\native-pdf-reader\knex-pdf-engine\integration\KnexPdfViewerRuntime.ts","10","BACKEND","Backend","PdfBackendDocumentSource,"
"knexwriter\src\modules\Knexread\native-pdf-reader\knex-pdf-engine\integration\KnexPdfViewerRuntime.ts","11","BACKEND","Backend","PdfRenderBackend,"
"knexwriter\src\modules\Knexread\native-pdf-reader\knex-pdf-engine\integration\KnexPdfViewerRuntime.ts","12","BACKEND","backend","} from ""../backends/PdfRenderBackend"";"
"knexwriter\src\modules\Knexread\native-pdf-reader\knex-pdf-engine\integration\KnexPdfViewerRuntime.ts","12","BACKEND","Backend","} from ""../backends/PdfRenderBackend"";"
"knexwriter\src\modules\Knexread\native-pdf-reader\knex-pdf-engine\integration\KnexPdfViewerRuntime.ts","14","BACKEND","Backend","extractAnnotationsWithBackend,"
"knexwriter\src\modules\Knexread\native-pdf-reader\knex-pdf-engine\integration\KnexPdfViewerRuntime.ts","15","BACKEND","Backend","extractTextWithBackend,"
"knexwriter\src\modules\Knexread\native-pdf-reader\knex-pdf-engine\integration\KnexPdfViewerRuntime.ts","16","BACKEND","backend","} from ""../backends/PdfRenderBackend"";"
"knexwriter\src\modules\Knexread\native-pdf-reader\knex-pdf-engine\integration\KnexPdfViewerRuntime.ts","23","SERVER","Controller","import type { KnexPdfRenderPhase } from ""../rendering/RenderQualityController"";"
"knexwriter\src\modules\Knexread\native-pdf-reader\knex-pdf-engine\integration\KnexPdfViewerRuntime.ts","43","LIFECYCLE","WeakMap","const backendDocumentCache = new WeakMap<"
"knexwriter\src\modules\Knexread\native-pdf-reader\knex-pdf-engine\integration\KnexPdfViewerRuntime.ts","43","LIFECYCLE","Cache","const backendDocumentCache = new WeakMap<"
"knexwriter\src\modules\Knexread\native-pdf-reader\knex-pdf-engine\integration\KnexPdfViewerRuntime.ts","45","LIFECYCLE","Map<","Map<string, Promise<PdfBackendDocumentHandle>>"
"knexwriter\src\modules\Knexread\native-pdf-reader\knex-pdf-engine\integration\KnexPdfViewerRuntime.ts","81","SCALE","canvas.width","const width = Math.max(1, canvas.width);"
"knexwriter\src\modules\Knexread\native-pdf-reader\knex-pdf-engine\integration\KnexPdfViewerRuntime.ts","82","SCALE","canvas.height","const height = Math.max(1, canvas.height);"
"knexwriter\src\modules\Knexread\native-pdf-reader\knex-pdf-engine\integration\KnexPdfViewerRuntime.ts","130","RENDER","page.render","renderScale: input.page.renderScale,"
"knexwriter\src\modules\Knexread\native-pdf-reader\knex-pdf-engine\integration\KnexPdfViewerRuntime.ts","131","SCALE","outputScale","outputScale: input.page.outputScale,"
"knexwriter\src\modules\Knexread\native-pdf-reader\knex-pdf-engine\integration\KnexPdfViewerRuntime.ts","131","SCALE","outputScale","outputScale: input.page.outputScale,"
"knexwriter\src\modules\Knexread\native-pdf-reader\knex-pdf-engine\integration\KnexPdfViewerRuntime.ts","146","SCALE","canvas.width","const bitmapWidth = Math.max(1, input.rendered.width || input.canvas.width);"
"knexwriter\src\modules\Knexread\native-pdf-reader\knex-pdf-engine\integration\KnexPdfViewerRuntime.ts","147","SCALE","canvas.height","const bitmapHeight = Math.max(1, input.rendered.height || input.canvas.height);"
"knexwriter\src\modules\Knexread\native-pdf-reader\knex-pdf-engine\integration\KnexPdfViewerRuntime.ts","162","SCALE","outputScale","outputScale: input.rendered.outputScale,"
"knexwriter\src\modules\Knexread\native-pdf-reader\knex-pdf-engine\integration\KnexPdfViewerRuntime.ts","162","SCALE","outputScale","outputScale: input.rendered.outputScale,"
"knexwriter\src\modules\Knexread\native-pdf-reader\knex-pdf-engine\integration\KnexPdfViewerRuntime.ts","167","SCALE","devicePixelRatio","devicePixelRatio: input.rendered.devicePixelRatio,"
"knexwriter\src\modules\Knexread\native-pdf-reader\knex-pdf-engine\integration\KnexPdfViewerRuntime.ts","167","SCALE","devicePixelRatio","devicePixelRatio: input.rendered.devicePixelRatio,"
"knexwriter\src\modules\Knexread\native-pdf-reader\knex-pdf-engine\integration\KnexPdfViewerRuntime.ts","170","TEXT","textLayer","textLayerMode: input.rendered.textLayerMode,"
"knexwriter\src\modules\Knexread\native-pdf-reader\knex-pdf-engine\integration\KnexPdfViewerRuntime.ts","170","TEXT","textLayer","textLayerMode: input.rendered.textLayerMode,"
"knexwriter\src\modules\Knexread\native-pdf-reader\knex-pdf-engine\integration\KnexPdfViewerRuntime.ts","225","LIFECYCLE","cache","const cacheOwner = input.session as object;"
"knexwriter\src\modules\Knexread\native-pdf-reader\knex-pdf-engine\integration\KnexPdfViewerRuntime.ts","226","LIFECYCLE","cache","const cacheKey = String(input.backend.id);"
"knexwriter\src\modules\Knexread\native-pdf-reader\knex-pdf-engine\integration\KnexPdfViewerRuntime.ts","227","LIFECYCLE","Cache","const sessionCache ="
"knexwriter\src\modules\Knexread\native-pdf-reader\knex-pdf-engine\integration\KnexPdfViewerRuntime.ts","228","LIFECYCLE","Cache","backendDocumentCache.get(cacheOwner) ??"
"knexwriter\src\modules\Knexread\native-pdf-reader\knex-pdf-engine\integration\KnexPdfViewerRuntime.ts","228","LIFECYCLE","cache","backendDocumentCache.get(cacheOwner) ??"
"knexwriter\src\modules\Knexread\native-pdf-reader\knex-pdf-engine\integration\KnexPdfViewerRuntime.ts","229","LIFECYCLE","Map<","new Map<string, Promise<PdfBackendDocumentHandle>>();"
"knexwriter\src\modules\Knexread\native-pdf-reader\knex-pdf-engine\integration\KnexPdfViewerRuntime.ts","231","LIFECYCLE","Cache","if (!backendDocumentCache.has(cacheOwner)) {"
"knexwriter\src\modules\Knexread\native-pdf-reader\knex-pdf-engine\integration\KnexPdfViewerRuntime.ts","359","RENDER","renderPage","const rendered = await input.backend.renderPage({"
"knexwriter\src\modules\Knexread\native-pdf-reader\knex-pdf-engine\integration\KnexReadIntegration.ts","2","SERVER","Controller","import { computeHorizontalOverflow } from ""../viewport/HorizontalOverflowController"";"
"knexwriter\src\modules\Knexread\native-pdf-reader\knex-pdf-engine\KnexPdfEngine.ts","1","BACKEND","Backend","import { PdfJsBackend } from ""./backends/pdfjs/PdfJsBackend"";"
"knexwriter\src\modules\Knexread\native-pdf-reader\knex-pdf-engine\KnexPdfEngine.ts","1","BACKEND","backend","import { PdfJsBackend } from ""./backends/pdfjs/PdfJsBackend"";"
"knexwriter\src\modules\Knexread\native-pdf-reader\knex-pdf-engine\KnexPdfEngine.ts","1","BACKEND","Backend","import { PdfJsBackend } from ""./backends/pdfjs/PdfJsBackend"";"
"knexwriter\src\modules\Knexread\native-pdf-reader\knex-pdf-engine\KnexPdfEngine.ts","3","BACKEND","Backend","BackendSelector,"
"knexwriter\src\modules\Knexread\native-pdf-reader\knex-pdf-engine\KnexPdfEngine.ts","4","BACKEND","Backend","type BackendSelectionResult,"
"knexwriter\src\modules\Knexread\native-pdf-reader\knex-pdf-engine\KnexPdfEngine.ts","5","BACKEND","backend","} from ""./backends/BackendSelector"";"
"knexwriter\src\modules\Knexread\native-pdf-reader\knex-pdf-engine\KnexPdfEngine.ts","5","BACKEND","Backend","} from ""./backends/BackendSelector"";"
"knexwriter\src\modules\Knexread\native-pdf-reader\knex-pdf-engine\KnexPdfEngine.ts","7","BACKEND","Backend","BackendRegistry,"
"knexwriter\src\modules\Knexread\native-pdf-reader\knex-pdf-engine\KnexPdfEngine.ts","8","BACKEND","Backend","createDefaultBackendRegistry,"
"knexwriter\src\modules\Knexread\native-pdf-reader\knex-pdf-engine\KnexPdfEngine.ts","9","BACKEND","backend","} from ""./backends/BackendRegistry"";"
"knexwriter\src\modules\Knexread\native-pdf-reader\knex-pdf-engine\KnexPdfEngine.ts","28","SERVER","Controller","import { normalizeKnexPdfRenderQuality } from ""./rendering/RenderQualityController"";"
"knexwriter\src\modules\Knexread\native-pdf-reader\knex-pdf-engine\KnexPdfEngine.ts","43","SERVER","Controller","} from ""./viewport/ZoomController"";"
"knexwriter\src\modules\Knexread\native-pdf-reader\knex-pdf-engine\KnexPdfEngine.ts","50","SERVER","Controller","* - wheel-zoom: ScrollCoordinator deve preservar âncora e HorizontalOverflowController"
"knexwriter\src\modules\Knexread\native-pdf-reader\knex-pdf-engine\KnexPdfEngine.ts","67","LIFECYCLE","renderVersion","renderVersion: number;"
"knexwriter\src\modules\Knexread\native-pdf-reader\knex-pdf-engine\KnexPdfEngine.ts","97","LIFECYCLE","renderVersion","* - impedir incrementos desnecessários de layoutVersion/renderVersion;"
"knexwriter\src\modules\Knexread\native-pdf-reader\knex-pdf-engine\KnexPdfEngine.ts","112","SERVER","Controller","* 5. HorizontalOverflowController atualiza overflow sem sobrescrever wheel-zoom;"
"knexwriter\src\modules\Knexread\native-pdf-reader\knex-pdf-engine\KnexPdfEngine.ts","113","SERVER","Controller","* 6. RulerScrollSyncController sincroniza a régua."
"knexwriter\src\modules\Knexread\native-pdf-reader\knex-pdf-engine\KnexPdfEngine.ts","148","LIFECYCLE","renderVersion","renderVersion: this.state.renderVersion,"
"knexwriter\src\modules\Knexread\native-pdf-reader\knex-pdf-engine\KnexPdfEngine.ts","148","LIFECYCLE","renderVersion","renderVersion: this.state.renderVersion,"
"knexwriter\src\modules\Knexread\native-pdf-reader\knex-pdf-engine\KnexPdfEngine.ts","161","LIFECYCLE","RenderVersion","getRenderVersion(): number {"
"knexwriter\src\modules\Knexread\native-pdf-reader\knex-pdf-engine\KnexPdfEngine.ts","162","LIFECYCLE","renderVersion","return this.state.renderVersion;"
"knexwriter\src\modules\Knexread\native-pdf-reader\knex-pdf-engine\KnexPdfEngine.ts","238","LIFECYCLE","renderVersion","renderVersion: this.state.renderVersion,"
"knexwriter\src\modules\Knexread\native-pdf-reader\knex-pdf-engine\KnexPdfEngine.ts","238","LIFECYCLE","renderVersion","renderVersion: this.state.renderVersion,"
"knexwriter\src\modules\Knexread\native-pdf-reader\knex-pdf-engine\KnexPdfEngine.ts","247","LIFECYCLE","renderVersion","renderVersion: this.state.renderVersion,"
"knexwriter\src\modules\Knexread\native-pdf-reader\knex-pdf-engine\KnexPdfEngine.ts","247","LIFECYCLE","renderVersion","renderVersion: this.state.renderVersion,"
"knexwriter\src\modules\Knexread\native-pdf-reader\knex-pdf-engine\KnexPdfEngine.ts","651","SERVER","Controller","*     horizontalOverflowController.updateFromContentElement({"
"knexwriter\src\modules\Knexread\native-pdf-reader\knex-pdf-engine\KnexPdfEngineProvider.tsx","11","BACKEND","PdfEngine","import { KnexPdfEngine } from ""./KnexPdfEngine"";"
"knexwriter\src\modules\Knexread\native-pdf-reader\knex-pdf-engine\KnexPdfEngineProvider.tsx","11","BACKEND","PdfEngine","import { KnexPdfEngine } from ""./KnexPdfEngine"";"
"knexwriter\src\modules\Knexread\native-pdf-reader\knex-pdf-engine\KnexPdfEngineProvider.tsx","13","BACKEND","Backend","KnexPdfBackendSelectionMode,"
"knexwriter\src\modules\Knexread\native-pdf-reader\knex-pdf-engine\KnexPdfEngineProvider.tsx","14","BACKEND","PdfEngine","KnexPdfEngineState,"
"knexwriter\src\modules\Knexread\native-pdf-reader\knex-pdf-engine\KnexPdfEngineProvider.tsx","15","BACKEND","engine","} from ""./core/engineState"";"
"knexwriter\src\modules\Knexread\native-pdf-reader\knex-pdf-engine\KnexPdfEngineProvider.tsx","17","BACKEND","PdfEngine","const KnexPdfEngineContext = createContext<KnexPdfEngine | null>(null);"
"knexwriter\src\modules\Knexread\native-pdf-reader\knex-pdf-engine\KnexPdfEngineProvider.tsx","17","BACKEND","PdfEngine","const KnexPdfEngineContext = createContext<KnexPdfEngine | null>(null);"
"knexwriter\src\modules\Knexread\native-pdf-reader\knex-pdf-engine\KnexPdfEngineProvider.tsx","19","BACKEND","Backend","const BACKEND_SELECTION_MODES = new Set<KnexPdfBackendSelectionMode>(["
"knexwriter\src\modules\Knexread\native-pdf-reader\knex-pdf-engine\KnexPdfEngineProvider.tsx","19","BACKEND","BACKEND","const BACKEND_SELECTION_MODES = new Set<KnexPdfBackendSelectionMode>(["
"knexwriter\src\modules\Knexread\native-pdf-reader\knex-pdf-engine\KnexPdfEngineProvider.tsx","22","PDFIUM","pdfium","""pdfium"","
"knexwriter\src\modules\Knexread\native-pdf-reader\knex-pdf-engine\KnexPdfEngineProvider.tsx","29","PDFIUM","PDFium","* Como o PDFium já está em settled-final/extreme/ratio alto e mesmo assim"
"knexwriter\src\modules\Knexread\native-pdf-reader\knex-pdf-engine\KnexPdfEngineProvider.tsx","33","BACKEND","fallback","* Este fallback força o backend padrão para PDF.js quando nenhum valor foi"
"knexwriter\src\modules\Knexread\native-pdf-reader\knex-pdf-engine\KnexPdfEngineProvider.tsx","40","PDFIUM","pdfium","* Para voltar ao comportamento antigo, troque para ""auto"" ou ""pdfium""."
"knexwriter\src\modules\Knexread\native-pdf-reader\knex-pdf-engine\KnexPdfEngineProvider.tsx","74","PDFIUM","PDFium","* Para testar PDFium:"
"knexwriter\src\modules\Knexread\native-pdf-reader\knex-pdf-engine\KnexPdfEngineProvider.tsx","75","PDFIUM","pdfium","* localStorage.setItem(""KNEX_PDF_DEFAULT_BACKEND"", ""pdfium"");"
"knexwriter\src\modules\Knexread\native-pdf-reader\knex-pdf-engine\layout\ContentWidthCalculator.ts","1","BACKEND","engine","import { KNEX_PDF_DEFAULT_PAGE_GAP } from ""../core/engineConfig"";"
"knexwriter\src\modules\Knexread\native-pdf-reader\knex-pdf-engine\layout\ContentWidthCalculator.ts","1","TILES","GAP","import { KNEX_PDF_DEFAULT_PAGE_GAP } from ""../core/engineConfig"";"
"knexwriter\src\modules\Knexread\native-pdf-reader\knex-pdf-engine\layout\ContentWidthCalculator.ts","7","TILES","gap","gap?: number;"
"knexwriter\src\modules\Knexread\native-pdf-reader\knex-pdf-engine\layout\ContentWidthCalculator.ts","12","TILES","GAP","(input.gap ?? KNEX_PDF_DEFAULT_PAGE_GAP) +"
"knexwriter\src\modules\Knexread\native-pdf-reader\knex-pdf-engine\layout\ContentWidthCalculator.ts","12","TILES","gap","(input.gap ?? KNEX_PDF_DEFAULT_PAGE_GAP) +"
"knexwriter\src\modules\Knexread\native-pdf-reader\knex-pdf-engine\layout\PagePairLayoutEngine.ts","1","TILES","GAP","import { KNEX_PDF_DEFAULT_PAGE_GAP } from ""../core/engineConfig"";"
"knexwriter\src\modules\Knexread\native-pdf-reader\knex-pdf-engine\layout\PagePairLayoutEngine.ts","1","BACKEND","engine","import { KNEX_PDF_DEFAULT_PAGE_GAP } from ""../core/engineConfig"";"
"knexwriter\src\modules\Knexread\native-pdf-reader\knex-pdf-engine\layout\PagePairLayoutEngine.ts","12","TILES","gap","gap?: number;"
"knexwriter\src\modules\Knexread\native-pdf-reader\knex-pdf-engine\layout\PagePairLayoutEngine.ts","14","TILES","gap","const gap = input.gap ?? KNEX_PDF_DEFAULT_PAGE_GAP;"
"knexwriter\src\modules\Knexread\native-pdf-reader\knex-pdf-engine\layout\PagePairLayoutEngine.ts","14","TILES","gap","const gap = input.gap ?? KNEX_PDF_DEFAULT_PAGE_GAP;"
"knexwriter\src\modules\Knexread\native-pdf-reader\knex-pdf-engine\layout\PagePairLayoutEngine.ts","14","TILES","GAP","const gap = input.gap ?? KNEX_PDF_DEFAULT_PAGE_GAP;"
"knexwriter\src\modules\Knexread\native-pdf-reader\knex-pdf-engine\layout\PagePairLayoutEngine.ts","23","TILES","gap","width: input.sourceWidth + gap + translationWidth,"
"knexwriter\src\modules\Knexread\native-pdf-reader\knex-pdf-engine\layout\PagePairLayoutEngine.ts","34","TILES","gap","left: input.left + input.sourceWidth + gap,"
"knexwriter\src\modules\Knexread\native-pdf-reader\knex-pdf-engine\platform\DeviceCapabilities.ts","1","BACKEND","Runtime","import type { KnexPdfDeviceCapabilities, KnexPdfRuntimePlatform } from ""../core/engineTypes"";"
"knexwriter\src\modules\Knexread\native-pdf-reader\knex-pdf-engine\platform\DeviceCapabilities.ts","1","BACKEND","engine","import type { KnexPdfDeviceCapabilities, KnexPdfRuntimePlatform } from ""../core/engineTypes"";"
"knexwriter\src\modules\Knexread\native-pdf-reader\knex-pdf-engine\platform\DeviceCapabilities.ts","3","BACKEND","Runtime","function detectPlatform(): KnexPdfRuntimePlatform {"
"knexwriter\src\modules\Knexread\native-pdf-reader\knex-pdf-engine\platform\DeviceCapabilities.ts","16","SCALE","devicePixelRatio","devicePixelRatio: number;"
"knexwriter\src\modules\Knexread\native-pdf-reader\knex-pdf-engine\platform\DeviceCapabilities.ts","21","SCALE","devicePixelRatio","const pixels = input.screenWidth * input.screenHeight * input.devicePixelRatio;"
"knexwriter\src\modules\Knexread\native-pdf-reader\knex-pdf-engine\platform\DeviceCapabilities.ts","31","SCALE","devicePixelRatio","devicePixelRatio: 1,"
"knexwriter\src\modules\Knexread\native-pdf-reader\knex-pdf-engine\platform\DeviceCapabilities.ts","34","PDFIUM","WebAssembly","supportsWasm: typeof WebAssembly !== ""undefined"","
"knexwriter\src\modules\Knexread\native-pdf-reader\knex-pdf-engine\platform\DeviceCapabilities.ts","42","SCALE","devicePixelRatio","const devicePixelRatio = Math.max(1, window.devicePixelRatio || 1);"
"knexwriter\src\modules\Knexread\native-pdf-reader\knex-pdf-engine\platform\DeviceCapabilities.ts","42","SCALE","devicePixelRatio","const devicePixelRatio = Math.max(1, window.devicePixelRatio || 1);"
"knexwriter\src\modules\Knexread\native-pdf-reader\knex-pdf-engine\platform\DeviceCapabilities.ts","56","SCALE","devicePixelRatio","devicePixelRatio,"
"knexwriter\src\modules\Knexread\native-pdf-reader\knex-pdf-engine\platform\DeviceCapabilities.ts","60","PDFIUM","WebAssembly","supportsWasm: typeof WebAssembly !== ""undefined"","
"knexwriter\src\modules\Knexread\native-pdf-reader\knex-pdf-engine\platform\DeviceCapabilities.ts","65","SCALE","devicePixelRatio","devicePixelRatio,"
"knexwriter\src\modules\Knexread\native-pdf-reader\knex-pdf-engine\platform\PlatformAdapter.ts","1","BACKEND","Runtime","import type { KnexPdfDeviceCapabilities, KnexPdfRuntimePlatform } from ""../core/engineTypes"";"
"knexwriter\src\modules\Knexread\native-pdf-reader\knex-pdf-engine\platform\PlatformAdapter.ts","1","BACKEND","engine","import type { KnexPdfDeviceCapabilities, KnexPdfRuntimePlatform } from ""../core/engineTypes"";"
"knexwriter\src\modules\Knexread\native-pdf-reader\knex-pdf-engine\platform\PlatformAdapter.ts","4","BACKEND","Runtime","readonly platform: KnexPdfRuntimePlatform;"
"knexwriter\src\modules\Knexread\native-pdf-reader\knex-pdf-engine\platform\WebPlatformAdapter.ts","3","BACKEND","Runtime","import type { KnexPdfRuntimePlatform } from ""../core/engineTypes"";"
"knexwriter\src\modules\Knexread\native-pdf-reader\knex-pdf-engine\platform\WebPlatformAdapter.ts","3","BACKEND","engine","import type { KnexPdfRuntimePlatform } from ""../core/engineTypes"";"
"knexwriter\src\modules\Knexread\native-pdf-reader\knex-pdf-engine\platform\WebPlatformAdapter.ts","6","BACKEND","Runtime","readonly platform: KnexPdfRuntimePlatform = ""web"";"
"knexwriter\src\modules\Knexread\native-pdf-reader\knex-pdf-engine\rendering\HiDpiCanvasRenderer.ts","6","BACKEND","engine","} from ""../core/engineTypes"";"
"knexwriter\src\modules\Knexread\native-pdf-reader\knex-pdf-engine\rendering\HiDpiCanvasRenderer.ts","7","BACKEND","engine","import { isRenderCancellation } from ""../core/engineErrors"";"
"knexwriter\src\modules\Knexread\native-pdf-reader\knex-pdf-engine\rendering\HiDpiCanvasRenderer.ts","10","SERVER","Controller","} from ""./RenderQualityController"";"
"knexwriter\src\modules\Knexread\native-pdf-reader\knex-pdf-engine\rendering\HiDpiCanvasRenderer.ts","22","RENDER","getViewport","getViewport: (params: { scale: number }) => KnexPdfPageViewport;"
"knexwriter\src\modules\Knexread\native-pdf-reader\knex-pdf-engine\rendering\HiDpiCanvasRenderer.ts","27","RENDER","canvasContext","canvasContext: CanvasRenderingContext2D;"
"knexwriter\src\modules\Knexread\native-pdf-reader\knex-pdf-engine\rendering\HiDpiCanvasRenderer.ts","50","SCALE","outputScale","outputScale: number;"
"knexwriter\src\modules\Knexread\native-pdf-reader\knex-pdf-engine\rendering\HiDpiCanvasRenderer.ts","59","SCALE","outputScale","outputScaleX: number;"
"knexwriter\src\modules\Knexread\native-pdf-reader\knex-pdf-engine\rendering\HiDpiCanvasRenderer.ts","60","SCALE","outputScale","outputScaleY: number;"
"knexwriter\src\modules\Knexread\native-pdf-reader\knex-pdf-engine\rendering\HiDpiCanvasRenderer.ts","62","SCALE","OutputScale","requestedOutputScale: number;"
"knexwriter\src\modules\Knexread\native-pdf-reader\knex-pdf-engine\rendering\HiDpiCanvasRenderer.ts","63","SCALE","OutputScale","requestedMinimumOutputScale: number;"
"knexwriter\src\modules\Knexread\native-pdf-reader\knex-pdf-engine\rendering\HiDpiCanvasRenderer.ts","64","SCALE","OutputScale","qualityMaxOutputScale: number;"
"knexwriter\src\modules\Knexread\native-pdf-reader\knex-pdf-engine\rendering\HiDpiCanvasRenderer.ts","66","SCALE","OutputScale","wasOutputScaleClamped: boolean;"
"knexwriter\src\modules\Knexread\native-pdf-reader\knex-pdf-engine\rendering\HiDpiCanvasRenderer.ts","67","SCALE","OutputScale","wasOutputScaleFloorApplied: boolean;"
"knexwriter\src\modules\Knexread\native-pdf-reader\knex-pdf-engine\rendering\HiDpiCanvasRenderer.ts","82","SERVER","Controller","* O limite real por qualidade deve vir do RenderQualityController."
"knexwriter\src\modules\Knexread\native-pdf-reader\knex-pdf-engine\rendering\HiDpiCanvasRenderer.ts","90","BACKEND","fallback","fallback = 0,"
"knexwriter\src\modules\Knexread\native-pdf-reader\knex-pdf-engine\rendering\HiDpiCanvasRenderer.ts","94","BACKEND","fallback",": fallback;"
"knexwriter\src\modules\Knexread\native-pdf-reader\knex-pdf-engine\rendering\HiDpiCanvasRenderer.ts","103","SCALE","OutputScale","minimumOutputScale?: number;"
"knexwriter\src\modules\Knexread\native-pdf-reader\knex-pdf-engine\rendering\HiDpiCanvasRenderer.ts","111","SCALE","OutputScale","minimumOutputScale: input.minimumOutputScale,"
"knexwriter\src\modules\Knexread\native-pdf-reader\knex-pdf-engine\rendering\HiDpiCanvasRenderer.ts","180","RENDER","CanvasContext","function prepareCanvasContext("
"knexwriter\src\modules\Knexread\native-pdf-reader\knex-pdf-engine\rendering\HiDpiCanvasRenderer.ts","257","LIFECYCLE","Abort","signal?: AbortSignal;"
"knexwriter\src\modules\Knexread\native-pdf-reader\knex-pdf-engine\rendering\HiDpiCanvasRenderer.ts","264","RENDER","getViewport","const viewport = input.page.getViewport({ scale: renderScale });"
"knexwriter\src\modules\Knexread\native-pdf-reader\knex-pdf-engine\rendering\HiDpiCanvasRenderer.ts","290","RENDER","CanvasContext","const context = prepareCanvasContext(input.canvas);"
"knexwriter\src\modules\Knexread\native-pdf-reader\knex-pdf-engine\rendering\HiDpiCanvasRenderer.ts","292","LIFECYCLE","abort","if (input.signal?.aborted) {"
"knexwriter\src\modules\Knexread\native-pdf-reader\knex-pdf-engine\rendering\HiDpiCanvasRenderer.ts","293","LIFECYCLE","Abort","throw new DOMException(""Render aborted"", ""AbortError"");"
"knexwriter\src\modules\Knexread\native-pdf-reader\knex-pdf-engine\rendering\HiDpiCanvasRenderer.ts","293","LIFECYCLE","abort","throw new DOMException(""Render aborted"", ""AbortError"");"
"knexwriter\src\modules\Knexread\native-pdf-reader\knex-pdf-engine\rendering\HiDpiCanvasRenderer.ts","303","LIFECYCLE","abort","if (input.signal?.aborted) {"
"knexwriter\src\modules\Knexread\native-pdf-reader\knex-pdf-engine\rendering\HiDpiCanvasRenderer.ts","304","LIFECYCLE","abort","throw new DOMException(""Render aborted"", ""AbortError"");"
"knexwriter\src\modules\Knexread\native-pdf-reader\knex-pdf-engine\rendering\HiDpiCanvasRenderer.ts","304","LIFECYCLE","Abort","throw new DOMException(""Render aborted"", ""AbortError"");"
"knexwriter\src\modules\Knexread\native-pdf-reader\knex-pdf-engine\rendering\HiDpiCanvasRenderer.ts","323","RENDER","renderTask","const renderTask = input.page.render({"
"knexwriter\src\modules\Knexread\native-pdf-reader\knex-pdf-engine\rendering\HiDpiCanvasRenderer.ts","323","RENDER","page.render","const renderTask = input.page.render({"
"knexwriter\src\modules\Knexread\native-pdf-reader\knex-pdf-engine\rendering\HiDpiCanvasRenderer.ts","324","RENDER","canvasContext","canvasContext: context,"
"knexwriter\src\modules\Knexread\native-pdf-reader\knex-pdf-engine\rendering\HiDpiCanvasRenderer.ts","332","RENDER","renderTask","const renderPromise = renderTask.promise.catch((error) => {"
"knexwriter\src\modules\Knexread\native-pdf-reader\knex-pdf-engine\rendering\HiDpiCanvasRenderer.ts","334","LIFECYCLE","Abort","throw new DOMException(""Render aborted"", ""AbortError"");"
"knexwriter\src\modules\Knexread\native-pdf-reader\knex-pdf-engine\rendering\HiDpiCanvasRenderer.ts","334","LIFECYCLE","abort","throw new DOMException(""Render aborted"", ""AbortError"");"
"knexwriter\src\modules\Knexread\native-pdf-reader\knex-pdf-engine\rendering\HiDpiCanvasRenderer.ts","342","RENDER","RenderTask","const cancelRenderTask = () => {"
"knexwriter\src\modules\Knexread\native-pdf-reader\knex-pdf-engine\rendering\HiDpiCanvasRenderer.ts","354","LIFECYCLE","abort","const abortListener = () => {"
"knexwriter\src\modules\Knexread\native-pdf-reader\knex-pdf-engine\rendering\PageGeometry.ts","4","BACKEND","engine","} from ""../core/engineConfig"";"
"knexwriter\src\modules\Knexread\native-pdf-reader\knex-pdf-engine\rendering\PageGeometry.ts","10","BACKEND","engine","} from ""../core/engineTypes"";"
"knexwriter\src\modules\Knexread\native-pdf-reader\knex-pdf-engine\rendering\PageGeometry.ts","12","SCALE","OutputScale","clampKnexPdfOutputScaleForRenderPhase,"
"knexwriter\src\modules\Knexread\native-pdf-reader\knex-pdf-engine\rendering\PageGeometry.ts","13","SCALE","OutputScale","computeKnexPdfOutputScale,"
"knexwriter\src\modules\Knexread\native-pdf-reader\knex-pdf-engine\rendering\PageGeometry.ts","14","SCALE","OutputScale","explainKnexPdfOutputScale,"
"knexwriter\src\modules\Knexread\native-pdf-reader\knex-pdf-engine\rendering\PageGeometry.ts","15","BACKEND","Backend","type KnexPdfRenderBackendKind,"
"knexwriter\src\modules\Knexread\native-pdf-reader\knex-pdf-engine\rendering\PageGeometry.ts","17","SERVER","Controller","} from ""./RenderQualityController"";"
"knexwriter\src\modules\Knexread\native-pdf-reader\knex-pdf-engine\rendering\PageGeometry.ts","27","SCALE","OutputScale","minimumOutputScale?: number;"
"knexwriter\src\modules\Knexread\native-pdf-reader\knex-pdf-engine\rendering\PageGeometry.ts","30","SCALE","OutputScale","maxOutputScale?: number;"
"knexwriter\src\modules\Knexread\native-pdf-reader\knex-pdf-engine\rendering\PageGeometry.ts","31","BACKEND","backend","backend?: KnexPdfRenderBackendKind;"
"knexwriter\src\modules\Knexread\native-pdf-reader\knex-pdf-engine\rendering\PageGeometry.ts","31","BACKEND","Backend","backend?: KnexPdfRenderBackendKind;"
"knexwriter\src\modules\Knexread\native-pdf-reader\knex-pdf-engine\rendering\PageGeometry.ts","42","BACKEND","backend","* The PDF visual layer is a bitmap rendered by the backend. Small letters become"
"knexwriter\src\modules\Knexread\native-pdf-reader\knex-pdf-engine\rendering\PageGeometry.ts","46","SCALE","outputScale","* physical text pixels = text CSS px * outputScale"
"knexwriter\src\modules\Knexread\native-pdf-reader\knex-pdf-engine\rendering\PageGeometry.ts","49","PDFIUM","PDFium","* PDFium and PDF.js should not use the same outputScale policy."
"knexwriter\src\modules\Knexread\native-pdf-reader\knex-pdf-engine\rendering\PageGeometry.ts","49","SCALE","outputScale","* PDFium and PDF.js should not use the same outputScale policy."
"knexwriter\src\modules\Knexread\native-pdf-reader\knex-pdf-engine\rendering\PageGeometry.ts","51","PDFIUM","PDFium","* PDFium needed a very aggressive floor because its WASM rasterization produced"
"knexwriter\src\modules\Knexread\native-pdf-reader\knex-pdf-engine\rendering\PageGeometry.ts","54","PDFIUM","PDFium","* the same scale used for PDFium."
"knexwriter\src\modules\Knexread\native-pdf-reader\knex-pdf-engine\rendering\PageGeometry.ts","57","PDFIUM","PDFium","* - PDFium may keep a high final floor."
"knexwriter\src\modules\Knexread\native-pdf-reader\knex-pdf-engine\rendering\PageGeometry.ts","64","PDFIUM","PDFium","* PDFium policy:"
"knexwriter\src\modules\Knexread\native-pdf-reader\knex-pdf-engine\rendering\PageGeometry.ts","68","PDFIUM","PDFIUM","const KNEX_PDF_PDFIUM_TARGET_TEXT_PHYSICAL_PX_SETTLED = 24;"
"knexwriter\src\modules\Knexread\native-pdf-reader\knex-pdf-engine\rendering\PageGeometry.ts","69","PDFIUM","PDFIUM","const KNEX_PDF_PDFIUM_TARGET_TEXT_PHYSICAL_PX_PREVIEW = 14;"
"knexwriter\src\modules\Knexread\native-pdf-reader\knex-pdf-engine\rendering\PageGeometry.ts","70","PDFIUM","PDFIUM","const KNEX_PDF_PDFIUM_MAX_OUTPUT_SCALE = Math.min("
"knexwriter\src\modules\Knexread\native-pdf-reader\knex-pdf-engine\rendering\PageGeometry.ts","81","PDFIUM","PDFium","* This is intentionally lower than PDFium to reduce scrollzoom stalls, bitmap"
"knexwriter\src\modules\Knexread\native-pdf-reader\knex-pdf-engine\rendering\PageGeometry.ts","93","BACKEND","fallback","* Generic/MuPDF fallback policy."
"knexwriter\src\modules\Knexread\native-pdf-reader\knex-pdf-engine\rendering\PageGeometry.ts","105","SCALE","outputScale","* A very high outputScale can generate huge canvases. These limits keep the"
"knexwriter\src\modules\Knexread\native-pdf-reader\knex-pdf-engine\rendering\PageGeometry.ts","114","PDFIUM","PDFIUM","const KNEX_PDF_PDFIUM_SETTLED_FINAL_MAX_BITMAP_PIXELS = 64_000_000;"
"knexwriter\src\modules\Knexread\native-pdf-reader\knex-pdf-engine\rendering\PageGeometry.ts","126","BACKEND","fallback","fallback = 0,"
"knexwriter\src\modules\Knexread\native-pdf-reader\knex-pdf-engine\rendering\PageGeometry.ts","130","BACKEND","fallback",": fallback;"
"knexwriter\src\modules\Knexread\native-pdf-reader\knex-pdf-engine\rendering\PageGeometry.ts","141","SCALE","OutputScale","function resolveTypographicOutputScaleFloor(input: {"
"knexwriter\src\modules\Knexread\native-pdf-reader\knex-pdf-engine\rendering\PageGeometry.ts","142","BACKEND","backend","backend?: KnexPdfRenderBackendKind;"
"knexwriter\src\modules\Knexread\native-pdf-reader\knex-pdf-engine\rendering\PageGeometry.ts","221","SCALE","OutputScale","function resolveDefaultMaxOutputScale(input: {"
"knexwriter\src\modules\Knexread\native-pdf-reader\knex-pdf-engine\rendering\PageTileCache.ts","2","LIFECYCLE","Cache","PageBitmapCacheEntryRequirements,"
"knexwriter\src\modules\Knexread\native-pdf-reader\knex-pdf-engine\rendering\PageTileCache.ts","3","LIFECYCLE","Cache","PageBitmapCacheKeyInput,"
"knexwriter\src\modules\Knexread\native-pdf-reader\knex-pdf-engine\rendering\PageTileCache.ts","4","LIFECYCLE","Cache","} from ""../cache/PageBitmapCache"";"
"knexwriter\src\modules\Knexread\native-pdf-reader\knex-pdf-engine\rendering\PageTileCache.ts","4","LIFECYCLE","cache","} from ""../cache/PageBitmapCache"";"
"knexwriter\src\modules\Knexread\native-pdf-reader\knex-pdf-engine\rendering\PageTileCache.ts","5","BACKEND","engine","import type { KnexPdfPageGeometry } from ""../core/engineTypes"";"
"knexwriter\src\modules\Knexread\native-pdf-reader\knex-pdf-engine\rendering\PageTileCache.ts","6","SERVER","Controller","import type { KnexPdfRenderPhase } from ""./RenderQualityController"";"
"knexwriter\src\modules\Knexread\native-pdf-reader\knex-pdf-engine\rendering\PageTileCache.ts","7","TILES","TileGrid","import type { KnexPdfPageTile } from ""./TileGridCalculator"";"
"knexwriter\src\modules\Knexread\native-pdf-reader\knex-pdf-engine\rendering\PageTileCache.ts","7","SERVER","PdfPageTile } from ""./Tile","import type { KnexPdfPageTile } from ""./TileGridCalculator"";"
"knexwriter\src\modules\Knexread\native-pdf-reader\knex-pdf-engine\rendering\PageTileCache.ts","9","SERVER","PdfTile","export type BuildKnexPdfTileCacheInputParams = {"
"knexwriter\src\modules\Knexread\native-pdf-reader\knex-pdf-engine\rendering\PageTileCache.ts","9","LIFECYCLE","Cache","export type BuildKnexPdfTileCacheInputParams = {"
"knexwriter\src\modules\Knexread\native-pdf-reader\knex-pdf-engine\rendering\PageTileCache.ts","11","BACKEND","backend","backend: string;"
"knexwriter\src\modules\Knexread\native-pdf-reader\knex-pdf-engine\rendering\PageTileCache.ts","13","SERVER","PdfPageTile","tile: KnexPdfPageTile;"
"knexwriter\src\modules\Knexread\native-pdf-reader\knex-pdf-engine\rendering\PageTileCache.ts","17","BACKEND","backend","backendVersion: number;"
"knexwriter\src\modules\Knexread\native-pdf-reader\knex-pdf-engine\rendering\PageTileCache.ts","20","LIFECYCLE","Cache","export function buildKnexPdfTileCacheInput("
"knexwriter\src\modules\Knexread\native-pdf-reader\knex-pdf-engine\rendering\PageTileCache.ts","20","SERVER","PdfTile","export function buildKnexPdfTileCacheInput("
"knexwriter\src\modules\Knexread\native-pdf-reader\knex-pdf-engine\rendering\PageTileCache.ts","21","LIFECYCLE","Cache","input: BuildKnexPdfTileCacheInputParams,"
"knexwriter\src\modules\Knexread\native-pdf-reader\knex-pdf-engine\rendering\PageTileCache.ts","21","SERVER","PdfTile","input: BuildKnexPdfTileCacheInputParams,"
"knexwriter\src\modules\Knexread\native-pdf-reader\knex-pdf-engine\rendering\PageTileCache.ts","22","LIFECYCLE","Cache","): PageBitmapCacheKeyInput {"
"knexwriter\src\modules\Knexread\native-pdf-reader\knex-pdf-engine\rendering\PageTileCache.ts","25","BACKEND","backend","backend: input.backend,"
"knexwriter\src\modules\Knexread\native-pdf-reader\knex-pdf-engine\rendering\PageTileCache.ts","25","BACKEND","backend","backend: input.backend,"
"knexwriter\src\modules\Knexread\native-pdf-reader\knex-pdf-engine\rendering\PageTileCache.ts","33","SCALE","devicePixelRatio","devicePixelRatio: input.geometry.devicePixelRatio,"
"knexwriter\src\modules\Knexread\native-pdf-reader\knex-pdf-engine\rendering\PageTileCache.ts","33","SCALE","devicePixelRatio","devicePixelRatio: input.geometry.devicePixelRatio,"
"knexwriter\src\modules\Knexread\native-pdf-reader\knex-pdf-engine\rendering\PageTileCache.ts","35","SCALE","outputScale","outputScale: Math.min(input.tile.outputScaleX, input.tile.outputScaleY),"
"knexwriter\src\modules\Knexread\native-pdf-reader\knex-pdf-engine\rendering\PageTileCache.ts","35","SCALE","outputScale","outputScale: Math.min(input.tile.outputScaleX, input.tile.outputScaleY),"
"knexwriter\src\modules\Knexread\native-pdf-reader\knex-pdf-engine\rendering\PageTileCache.ts","35","SCALE","outputScale","outputScale: Math.min(input.tile.outputScaleX, input.tile.outputScaleY),"
"knexwriter\src\modules\Knexread\native-pdf-reader\knex-pdf-engine\rendering\PageTileCache.ts","43","BACKEND","backend","backendVersion: input.backendVersion,"
"knexwriter\src\modules\Knexread\native-pdf-reader\knex-pdf-engine\rendering\PageTileCache.ts","43","BACKEND","backend","backendVersion: input.backendVersion,"
"knexwriter\src\modules\Knexread\native-pdf-reader\knex-pdf-engine\rendering\PageTileCache.ts","47","LIFECYCLE","Cache","export function buildKnexPdfTileCacheRequirements("
"knexwriter\src\modules\Knexread\native-pdf-reader\knex-pdf-engine\rendering\PageTileCache.ts","47","SERVER","PdfTile","export function buildKnexPdfTileCacheRequirements("
"knexwriter\src\modules\Knexread\native-pdf-reader\knex-pdf-engine\rendering\PageTileCache.ts","48","LIFECYCLE","Cache","input: PageBitmapCacheKeyInput,"
"knexwriter\src\modules\Knexread\native-pdf-reader\knex-pdf-engine\rendering\PageTileCache.ts","53","BACKEND","backend","backend: input.backend,"
"knexwriter\src\modules\Knexread\native-pdf-reader\knex-pdf-engine\rendering\PageTileCache.ts","53","BACKEND","backend","backend: input.backend,"
"knexwriter\src\modules\Knexread\native-pdf-reader\knex-pdf-engine\rendering\PageTileCache.ts","61","BACKEND","backend","backendVersion: input.backendVersion,"
"knexwriter\src\modules\Knexread\native-pdf-reader\knex-pdf-engine\rendering\PageTileCache.ts","77","SCALE","devicePixelRatio","devicePixelRatio: input.devicePixelRatio,"
"knexwriter\src\modules\Knexread\native-pdf-reader\knex-pdf-engine\rendering\PageTileCache.ts","77","SCALE","devicePixelRatio","devicePixelRatio: input.devicePixelRatio,"
"knexwriter\src\modules\Knexread\native-pdf-reader\knex-pdf-engine\rendering\PageTileCache.ts","82","SCALE","outputScale","minOutputScale: input.outputScale,"
"knexwriter\src\modules\Knexread\native-pdf-reader\knex-pdf-engine\rendering\PageTileCache.ts","82","SCALE","OutputScale","minOutputScale: input.outputScale,"
"knexwriter\src\modules\Knexread\native-pdf-reader\knex-pdf-engine\rendering\PageTileCache.ts","83","SCALE","outputScale","minBitmapCssRatio: input.outputScale,"
"knexwriter\src\modules\Knexread\native-pdf-reader\knex-pdf-engine\rendering\PdfJsTileRenderer.ts","1","BACKEND","engine","import type { KnexPdfPageGeometry } from ""../core/engineTypes"";"
"knexwriter\src\modules\Knexread\native-pdf-reader\knex-pdf-engine\rendering\PdfJsTileRenderer.ts","2","BACKEND","Renderer","import type { PdfJsPageLike } from ""./HiDpiCanvasRenderer"";"
"knexwriter\src\modules\Knexread\native-pdf-reader\knex-pdf-engine\rendering\PdfJsTileRenderer.ts","3","SERVER","Controller","import type { KnexPdfRenderPhase } from ""./RenderQualityController"";"
"knexwriter\src\modules\Knexread\native-pdf-reader\knex-pdf-engine\rendering\PdfJsTileRenderer.ts","4","SERVER","PdfPageTile } from ""./Tile","import type { KnexPdfPageTile } from ""./TileGridCalculator"";"
"knexwriter\src\modules\Knexread\native-pdf-reader\knex-pdf-engine\rendering\PdfJsTileRenderer.ts","4","TILES","TileGrid","import type { KnexPdfPageTile } from ""./TileGridCalculator"";"
"knexwriter\src\modules\Knexread\native-pdf-reader\knex-pdf-engine\rendering\PdfJsTileRenderer.ts","6","SERVER","PdfTile","export type KnexPdfTileSessionLike = {"
"knexwriter\src\modules\Knexread\native-pdf-reader\knex-pdf-engine\rendering\PdfJsTileRenderer.ts","12","SERVER","PdfTile","export type RenderKnexPdfTileToCanvasInput = {"
"knexwriter\src\modules\Knexread\native-pdf-reader\knex-pdf-engine\rendering\PdfJsTileRenderer.ts","14","SERVER","PdfTile","session: KnexPdfTileSessionLike;"
"knexwriter\src\modules\Knexread\native-pdf-reader\knex-pdf-engine\rendering\PdfJsTileRenderer.ts","18","SERVER","PdfPageTile","tile: KnexPdfPageTile;"
"knexwriter\src\modules\Knexread\native-pdf-reader\knex-pdf-engine\rendering\PdfJsTileRenderer.ts","20","LIFECYCLE","Abort","signal?: AbortSignal;"
"knexwriter\src\modules\Knexread\native-pdf-reader\knex-pdf-engine\rendering\PdfJsTileRenderer.ts","23","SERVER","PdfRenderedTile","export type KnexPdfRenderedTile = {"
"knexwriter\src\modules\Knexread\native-pdf-reader\knex-pdf-engine\rendering\PdfJsTileRenderer.ts","27","BACKEND","backend","backend: ""pdfjs"";"
"knexwriter\src\modules\Knexread\native-pdf-reader\knex-pdf-engine\rendering\PdfJsTileRenderer.ts","30","SCALE","outputScale","outputScale: number;"
"knexwriter\src\modules\Knexread\native-pdf-reader\knex-pdf-engine\rendering\PdfJsTileRenderer.ts","31","SCALE","outputScale","outputScaleX: number;"
"knexwriter\src\modules\Knexread\native-pdf-reader\knex-pdf-engine\rendering\PdfJsTileRenderer.ts","32","SCALE","outputScale","outputScaleY: number;"
"knexwriter\src\modules\Knexread\native-pdf-reader\knex-pdf-engine\rendering\PdfJsTileRenderer.ts","50","LIFECYCLE","Abort","function createAbortError(): DOMException {"
"knexwriter\src\modules\Knexread\native-pdf-reader\knex-pdf-engine\rendering\PdfJsTileRenderer.ts","51","LIFECYCLE","abort","return new DOMException(""Tile render aborted."", ""AbortError"");"
"knexwriter\src\modules\Knexread\native-pdf-reader\knex-pdf-engine\rendering\PdfJsTileRenderer.ts","51","LIFECYCLE","Abort","return new DOMException(""Tile render aborted."", ""AbortError"");"
"knexwriter\src\modules\Knexread\native-pdf-reader\knex-pdf-engine\rendering\PdfJsTileRenderer.ts","54","LIFECYCLE","Abort","function isAbortError(error: unknown): boolean {"
"knexwriter\src\modules\Knexread\native-pdf-reader\knex-pdf-engine\rendering\PdfJsTileRenderer.ts","55","LIFECYCLE","Abort","return error instanceof DOMException && error.name === ""AbortError"";"
"knexwriter\src\modules\Knexread\native-pdf-reader\knex-pdf-engine\rendering\PdfJsTileRenderer.ts","60","SERVER","PDF_TILE",".KNEX_PDF_TILE_DEBUG;"
"knexwriter\src\modules\Knexread\native-pdf-reader\knex-pdf-engine\rendering\PdfJsTileRenderer.ts","65","SERVER","PdfTile","function configureTileCanvas(input: RenderKnexPdfTileToCanvasInput) {"
"knexwriter\src\modules\Knexread\native-pdf-reader\knex-pdf-engine\rendering\PdfJsTileRenderer.ts","68","SCALE","canvas.width","canvas.width = Math.max(1, tile.bitmapWidth);"
"knexwriter\src\modules\Knexread\native-pdf-reader\knex-pdf-engine\rendering\PdfJsTileRenderer.ts","69","SCALE","canvas.height","canvas.height = Math.max(1, tile.bitmapHeight);"
"knexwriter\src\modules\Knexread\native-pdf-reader\knex-pdf-engine\rendering\PdfJsTileRenderer.ts","74","SERVER","PdfTile","canvas.dataset.knexPdfTile = ""true"";"
"knexwriter\src\modules\Knexread\native-pdf-reader\knex-pdf-engine\rendering\PdfJsTileRenderer.ts","79","BACKEND","Backend","canvas.dataset.knexPdfBackend = ""pdfjs"";"
"knexwriter\src\modules\Knexread\native-pdf-reader\knex-pdf-engine\rendering\PdfJsTileRenderer.ts","81","SCALE","OutputScale","canvas.dataset.knexPdfOutputScale = String(geometry.outputScale);"
"knexwriter\src\modules\Knexread\native-pdf-reader\knex-pdf-engine\rendering\PdfJsTileRenderer.ts","81","SCALE","outputScale","canvas.dataset.knexPdfOutputScale = String(geometry.outputScale);"
"knexwriter\src\modules\Knexread\native-pdf-reader\knex-pdf-engine\rendering\PdfJsTileRenderer.ts","82","SCALE","OutputScale","canvas.dataset.knexPdfOutputScaleX = String(tile.outputScaleX);"
"knexwriter\src\modules\Knexread\native-pdf-reader\knex-pdf-engine\rendering\PdfJsTileRenderer.ts","82","SCALE","outputScale","canvas.dataset.knexPdfOutputScaleX = String(tile.outputScaleX);"
"knexwriter\src\modules\Knexread\native-pdf-reader\knex-pdf-engine\rendering\PdfJsTileRenderer.ts","83","SCALE","OutputScale","canvas.dataset.knexPdfOutputScaleY = String(tile.outputScaleY);"
"knexwriter\src\modules\Knexread\native-pdf-reader\knex-pdf-engine\rendering\PdfJsTileRenderer.ts","95","LIFECYCLE","abort","if (input.signal?.aborted) {"
"knexwriter\src\modules\Knexread\native-pdf-reader\knex-pdf-engine\rendering\PdfJsTileRenderer.ts","96","LIFECYCLE","Abort","throw createAbortError();"
"knexwriter\src\modules\Knexread\native-pdf-reader\knex-pdf-engine\rendering\PdfJsTileRenderer.ts","121","LIFECYCLE","abort","if (input.signal?.aborted) {"
"knexwriter\src\modules\Knexread\native-pdf-reader\knex-pdf-engine\rendering\PdfJsTileRenderer.ts","122","LIFECYCLE","Abort","throw createAbortError();"
"knexwriter\src\modules\Knexread\native-pdf-reader\knex-pdf-engine\rendering\PdfJsTileRenderer.ts","125","RENDER","getViewport","const viewport = page.getViewport({ scale: input.geometry.zoom });"
"knexwriter\src\modules\Knexread\native-pdf-reader\knex-pdf-engine\rendering\PdfJsTileRenderer.ts","126","RENDER","page.render","const renderTask = page.render({"
"knexwriter\src\modules\Knexread\native-pdf-reader\knex-pdf-engine\rendering\PdfJsTileRenderer.ts","126","RENDER","renderTask","const renderTask = page.render({"
"knexwriter\src\modules\Knexread\native-pdf-reader\knex-pdf-engine\rendering\PdfJsTileRenderer.ts","127","RENDER","canvasContext","canvasContext: context,"
"knexwriter\src\modules\Knexread\native-pdf-reader\knex-pdf-engine\rendering\PdfJsTileRenderer.ts","141","RENDER","RenderTask","const cancelRenderTask = () => {"
"knexwriter\src\modules\Knexread\native-pdf-reader\knex-pdf-engine\rendering\PdfJsTileRenderer.ts","143","RENDER","renderTask","renderTask.cancel?.();"
"knexwriter\src\modules\Knexread\native-pdf-reader\knex-pdf-engine\rendering\PdfJsTileRenderer.ts","149","RENDER","RenderTask","input.signal?.addEventListener(""abort"", cancelRenderTask, { once: true });"
"knexwriter\src\modules\Knexread\native-pdf-reader\knex-pdf-engine\rendering\PdfJsTileRenderer.ts","152","RENDER","renderTask","await renderTask.promise;"
"knexwriter\src\modules\Knexread\native-pdf-reader\knex-pdf-engine\rendering\PdfJsTileRenderer.ts","164","RENDER","RenderTask","input.signal?.removeEventListener(""abort"", cancelRenderTask);"
"knexwriter\src\modules\Knexread\native-pdf-reader\knex-pdf-engine\rendering\PdfJsTileRenderer.ts","171","BACKEND","backend","backend: ""pdfjs"","
"knexwriter\src\modules\Knexread\native-pdf-reader\knex-pdf-engine\rendering\RenderManager.ts","67","LIFECYCLE","renderVersion","renderVersion: number;"
"knexwriter\src\modules\Knexread\native-pdf-reader\knex-pdf-engine\rendering\RenderManager.ts","81","BACKEND","fallback","fallback = 0,"
"knexwriter\src\modules\Knexread\native-pdf-reader\knex-pdf-engine\rendering\RenderManager.ts","85","BACKEND","fallback",": fallback;"
"knexwriter\src\modules\Knexread\native-pdf-reader\knex-pdf-engine\rendering\RenderManager.ts","168","LIFECYCLE","renderVersion","renderVersion: number;"
"knexwriter\src\modules\Knexread\native-pdf-reader\knex-pdf-engine\rendering\RenderManager.ts","174","LIFECYCLE","renderVersion","input.renderVersion,"
"knexwriter\src\modules\Knexread\native-pdf-reader\knex-pdf-engine\rendering\RenderManager.ts","198","LIFECYCLE","renderVersion","private renderVersion = 0;"
"knexwriter\src\modules\Knexread\native-pdf-reader\knex-pdf-engine\rendering\RenderManager.ts","223","LIFECYCLE","RenderVersion","nextRenderVersion() {"
"knexwriter\src\modules\Knexread\native-pdf-reader\knex-pdf-engine\rendering\RenderManager.ts","224","LIFECYCLE","renderVersion","this.renderVersion += 1;"
"knexwriter\src\modules\Knexread\native-pdf-reader\knex-pdf-engine\rendering\RenderManager.ts","225","LIFECYCLE","renderVersion","this.queue.clearOlderThan(this.renderVersion);"
"knexwriter\src\modules\Knexread\native-pdf-reader\knex-pdf-engine\rendering\RenderManager.ts","228","LIFECYCLE","renderVersion","return this.renderVersion;"
"knexwriter\src\modules\Knexread\native-pdf-reader\knex-pdf-engine\rendering\RenderManager.ts","231","LIFECYCLE","RenderVersion","getCurrentRenderVersion() {"
"knexwriter\src\modules\Knexread\native-pdf-reader\knex-pdf-engine\rendering\RenderManager.ts","232","LIFECYCLE","renderVersion","return this.renderVersion;"
"knexwriter\src\modules\Knexread\native-pdf-reader\knex-pdf-engine\rendering\RenderQualityController.ts","6","BACKEND","engine","} from ""../core/engineConfig"";"
"knexwriter\src\modules\Knexread\native-pdf-reader\knex-pdf-engine\rendering\RenderQualityController.ts","11","BACKEND","engine","} from ""../core/engineTypes"";"
"knexwriter\src\modules\Knexread\native-pdf-reader\knex-pdf-engine\rendering\RenderQualityController.ts","19","SCALE","devicePixelRatio","devicePixelRatio: number;"
"knexwriter\src\modules\Knexread\native-pdf-reader\knex-pdf-engine\rendering\RenderQualityController.ts","29","BACKEND","Backend","export type KnexPdfRenderBackendKind = ""pdfjs"" | ""pdfium"" | ""mupdf"";"
"knexwriter\src\modules\Knexread\native-pdf-reader\knex-pdf-engine\rendering\RenderQualityController.ts","29","PDFIUM","pdfium","export type KnexPdfRenderBackendKind = ""pdfjs"" | ""pdfium"" | ""mupdf"";"
"knexwriter\src\modules\Knexread\native-pdf-reader\knex-pdf-engine\rendering\RenderQualityController.ts","31","PDFIUM","PDFIUM","export const PDFIUM_INTERACTIVE_RENDER_BUDGET_MS = 120;"
"knexwriter\src\modules\Knexread\native-pdf-reader\knex-pdf-engine\rendering\RenderQualityController.ts","32","PDFIUM","PDFIUM","export const PDFIUM_FINAL_RENDER_WARNING_MS = 800;"
"knexwriter\src\modules\Knexread\native-pdf-reader\knex-pdf-engine\rendering\RenderQualityController.ts","35","PDFIUM","PDFium","* PDFium/MuPDF no Knexread passam por:"
"knexwriter\src\modules\Knexread\native-pdf-reader\knex-pdf-engine\rendering\RenderQualityController.ts","41","PDFIUM","PDFIUM","export const PDFIUM_INTERACTIVE_MIN_OUTPUT_SCALE = 1.5;"
"knexwriter\src\modules\Knexread\native-pdf-reader\knex-pdf-engine\rendering\RenderQualityController.ts","42","PDFIUM","PDFIUM","export const PDFIUM_INTERACTIVE_MAX_OUTPUT_SCALE = 2.25;"
"knexwriter\src\modules\Knexread\native-pdf-reader\knex-pdf-engine\rendering\RenderQualityController.ts","43","PDFIUM","PDFIUM","export const PDFIUM_WARMUP_MAX_OUTPUT_SCALE = 3;"
"knexwriter\src\modules\Knexread\native-pdf-reader\knex-pdf-engine\rendering\RenderQualityController.ts","51","SCALE","outputScale","* Se o settled-final voltar com outputScale baixo, o texto volta serrilhado."
"knexwriter\src\modules\Knexread\native-pdf-reader\knex-pdf-engine\rendering\RenderQualityController.ts","53","PDFIUM","PDFIUM","export const PDFIUM_FINAL_MIN_OUTPUT_SCALE = 5;"
"knexwriter\src\modules\Knexread\native-pdf-reader\knex-pdf-engine\rendering\RenderQualityController.ts","59","BACKEND","engine","* Se KNEX_PDF_MAX_OUTPUT_SCALE for 4 no engineConfig, o teto real continuará 4."
"knexwriter\src\modules\Knexread\native-pdf-reader\knex-pdf-engine\rendering\RenderQualityController.ts","61","PDFIUM","PDFIUM","export const PDFIUM_FINAL_MAX_OUTPUT_SCALE = 6;"
"knexwriter\src\modules\Knexread\native-pdf-reader\knex-pdf-engine\rendering\RenderQualityController.ts","64","PDFIUM","PDFium","* Qualidade final padrão para PDFium/MuPDF."
"knexwriter\src\modules\Knexread\native-pdf-reader\knex-pdf-engine\rendering\RenderQualityController.ts","68","LIFECYCLE","cache","* otimizações de memória/cache/tile rendering."
"knexwriter\src\modules\Knexread\native-pdf-reader\knex-pdf-engine\rendering\RenderQualityController.ts","76","SCALE","outputScale","* Esses valores impedem que o cálculo de outputScale economize demais o bitmap"
"knexwriter\src\modules\Knexread\native-pdf-reader\knex-pdf-engine\rendering\RenderQualityController.ts","129","BACKEND","fallback","fallback = 0,"
"knexwriter\src\modules\Knexread\native-pdf-reader\knex-pdf-engine\rendering\RenderQualityController.ts","133","BACKEND","fallback",": fallback;"
"knexwriter\src\modules\Knexread\native-pdf-reader\knex-pdf-engine\rendering\RenderQualityController.ts","144","SCALE","OutputScale","function clampOutputScale(input: {"
"knexwriter\src\modules\Knexread\native-pdf-reader\knex-pdf-engine\rendering\RenderQualityController.ts","195","SCALE","DevicePixelRatio","function getDevicePixelRatio(capabilities: KnexPdfDeviceCapabilities): number {"
"knexwriter\src\modules\Knexread\native-pdf-reader\knex-pdf-engine\rendering\RenderQualityController.ts","196","SCALE","devicePixelRatio","return clamp(safeNumber(capabilities.devicePixelRatio, 1), 1, 4);"
"knexwriter\src\modules\Knexread\native-pdf-reader\knex-pdf-engine\rendering\RenderQualityController.ts","246","SCALE","DevicePixelRatio","const dpr = getDevicePixelRatio(input.capabilities);"
"knexwriter\src\modules\Knexread\native-pdf-reader\knex-pdf-engine\rendering\RenderQualityController.ts","312","BACKEND","Backend","function isWasmPdfBackend(backend: KnexPdfRenderBackendKind): boolean {"
"knexwriter\src\modules\Knexread\native-pdf-reader\knex-pdf-engine\rendering\RenderQualityController.ts","312","BACKEND","backend","function isWasmPdfBackend(backend: KnexPdfRenderBackendKind): boolean {"
"knexwriter\src\modules\Knexread\native-pdf-reader\knex-pdf-engine\rendering\RenderQualityController.ts","312","BACKEND","Backend","function isWasmPdfBackend(backend: KnexPdfRenderBackendKind): boolean {"
"knexwriter\src\modules\Knexread\native-pdf-reader\knex-pdf-engine\rendering\RenderQualityController.ts","313","BACKEND","backend","return backend === ""pdfium"" || backend === ""mupdf"";"
"knexwriter\src\modules\Knexread\native-pdf-reader\knex-pdf-engine\rendering\RenderQualityController.ts","347","SCALE","OutputScale","function resolveWasmMaxOutputScaleForPhase("
"knexwriter\src\modules\Knexread\native-pdf-reader\knex-pdf-engine\rendering\RenderQualityController.ts","382","SCALE","OutputScale","function resolveWasmMinOutputScaleForPhase("
"knexwriter\src\modules\Knexread\native-pdf-reader\knex-pdf-engine\rendering\RenderQualityController.ts","416","SCALE","OutputScale","export function clampKnexPdfOutputScaleForRenderPhase(input: {"
"knexwriter\src\modules\Knexread\native-pdf-reader\knex-pdf-engine\rendering\RenderQueue.ts","1","SERVER","Controller","import type { KnexPdfRenderPhase } from ""./RenderQualityController"";"
"knexwriter\src\modules\Knexread\native-pdf-reader\knex-pdf-engine\rendering\RenderQueue.ts","6","LIFECYCLE","renderVersion","renderVersion: number;"
"knexwriter\src\modules\Knexread\native-pdf-reader\knex-pdf-engine\rendering\RenderQueue.ts","7","BACKEND","backend","backendId?: string;"
"knexwriter\src\modules\Knexread\native-pdf-reader\knex-pdf-engine\rendering\RenderQueue.ts","35","BACKEND","backend","* A fase/prioridade/backend decidem qual pedido vence."
"knexwriter\src\modules\Knexread\native-pdf-reader\knex-pdf-engine\rendering\RenderQueue.ts","39","LIFECYCLE","renderVersion","candidate.renderVersion === item.renderVersion"
"knexwriter\src\modules\Knexread\native-pdf-reader\knex-pdf-engine\rendering\RenderQueue.ts","39","LIFECYCLE","renderVersion","candidate.renderVersion === item.renderVersion"
"knexwriter\src\modules\Knexread\native-pdf-reader\knex-pdf-engine\rendering\RenderQueue.ts","61","BACKEND","backend","* Isso permite atualizar backendId ou metadados sem rebaixar a fila."
"knexwriter\src\modules\Knexread\native-pdf-reader\knex-pdf-engine\rendering\RenderQueue.ts","138","LIFECYCLE","renderVersion","clearOlderThan(renderVersion: number) {"
"knexwriter\src\modules\Knexread\native-pdf-reader\knex-pdf-engine\rendering\RenderQueue.ts","139","LIFECYCLE","renderVersion","this.items = this.items.filter((item) => item.renderVersion >= renderVersion);"
"knexwriter\src\modules\Knexread\native-pdf-reader\knex-pdf-engine\rendering\RenderQueue.ts","139","LIFECYCLE","renderVersion","this.items = this.items.filter((item) => item.renderVersion >= renderVersion);"
"knexwriter\src\modules\Knexread\native-pdf-reader\knex-pdf-engine\rendering\RenderScheduler.ts","2","PDFIUM","PDFIUM","PDFIUM_FINAL_RENDER_WARNING_MS,"
"knexwriter\src\modules\Knexread\native-pdf-reader\knex-pdf-engine\rendering\RenderScheduler.ts","3","PDFIUM","PDFIUM","PDFIUM_INTERACTIVE_RENDER_BUDGET_MS,"
"knexwriter\src\modules\Knexread\native-pdf-reader\knex-pdf-engine\rendering\RenderScheduler.ts","4","SERVER","Controller","} from ""./RenderQualityController"";"
"knexwriter\src\modules\Knexread\native-pdf-reader\knex-pdf-engine\rendering\RenderScheduler.ts","7","PDFIUM","PDFIUM","PDFIUM_FINAL_RENDER_WARNING_MS,"
"knexwriter\src\modules\Knexread\native-pdf-reader\knex-pdf-engine\rendering\RenderScheduler.ts","8","PDFIUM","PDFIUM","PDFIUM_INTERACTIVE_RENDER_BUDGET_MS,"
"knexwriter\src\modules\Knexread\native-pdf-reader\knex-pdf-engine\rendering\RenderScheduler.ts","9","SERVER","Controller","} from ""./RenderQualityController"";"
"knexwriter\src\modules\Knexread\native-pdf-reader\knex-pdf-engine\rendering\RenderScheduler.ts","11","BACKEND","Backend","type KnexPdfQueuedRenderBackend = ""pdfjs"" | ""pdfium"" | ""mupdf"" | string;"
"knexwriter\src\modules\Knexread\native-pdf-reader\knex-pdf-engine\rendering\RenderScheduler.ts","11","PDFIUM","pdfium","type KnexPdfQueuedRenderBackend = ""pdfjs"" | ""pdfium"" | ""mupdf"" | string;"
"knexwriter\src\modules\Knexread\native-pdf-reader\knex-pdf-engine\rendering\RenderScheduler.ts","13","RENDER","RenderTask","type QueuedRenderTask<T> = {"
"knexwriter\src\modules\Knexread\native-pdf-reader\knex-pdf-engine\rendering\RenderScheduler.ts","15","BACKEND","Backend","backend: KnexPdfQueuedRenderBackend;"
"knexwriter\src\modules\Knexread\native-pdf-reader\knex-pdf-engine\rendering\RenderScheduler.ts","15","BACKEND","backend","backend: KnexPdfQueuedRenderBackend;"
"knexwriter\src\modules\Knexread\native-pdf-reader\knex-pdf-engine\rendering\RenderScheduler.ts","18","LIFECYCLE","Abort","signal?: AbortSignal;"
"knexwriter\src\modules\Knexread\native-pdf-reader\knex-pdf-engine\rendering\RenderScheduler.ts","22","LIFECYCLE","abort","abortListener?: () => void;"
"knexwriter\src\modules\Knexread\native-pdf-reader\knex-pdf-engine\rendering\RenderScheduler.ts","32","PDFIUM","PDFIUM","const PDFIUM_MAX_CONCURRENT_RENDERS = 1;"
"knexwriter\src\modules\Knexread\native-pdf-reader\knex-pdf-engine\rendering\RenderScheduler.ts","37","PDFIUM","Pdfium","let activePdfiumRenders = 0;"
"knexwriter\src\modules\Knexread\native-pdf-reader\knex-pdf-engine\rendering\RenderScheduler.ts","41","RENDER","RenderTask","const queue: QueuedRenderTask<unknown>[] = [];"
"knexwriter\src\modules\Knexread\native-pdf-reader\knex-pdf-engine\rendering\RenderScheduler.ts","43","BACKEND","backend","function isPdfiumLikeBackend(backend: string) {"
"knexwriter\src\modules\Knexread\native-pdf-reader\knex-pdf-engine\rendering\RenderScheduler.ts","43","PDFIUM","Pdfium","function isPdfiumLikeBackend(backend: string) {"
"knexwriter\src\modules\Knexread\native-pdf-reader\knex-pdf-engine\rendering\RenderScheduler.ts","43","BACKEND","Backend","function isPdfiumLikeBackend(backend: string) {"
"knexwriter\src\modules\Knexread\native-pdf-reader\knex-pdf-engine\rendering\RenderScheduler.ts","44","BACKEND","backend","return backend === ""pdfium"" || backend === ""mupdf"";"
"knexwriter\src\modules\Knexread\native-pdf-reader\knex-pdf-engine\rendering\RenderScheduler.ts","44","PDFIUM","pdfium","return backend === ""pdfium"" || backend === ""mupdf"";"
"knexwriter\src\modules\Knexread\native-pdf-reader\knex-pdf-engine\rendering\RenderScheduler.ts","44","BACKEND","backend","return backend === ""pdfium"" || backend === ""mupdf"";"
"knexwriter\src\modules\Knexread\native-pdf-reader\knex-pdf-engine\rendering\RenderScheduler.ts","47","BACKEND","backend","function getMaxConcurrentRenders(backend: string) {"
"knexwriter\src\modules\Knexread\native-pdf-reader\knex-pdf-engine\rendering\RenderScheduler.ts","48","BACKEND","Backend","return isPdfiumLikeBackend(backend)"
"knexwriter\src\modules\Knexread\native-pdf-reader\knex-pdf-engine\rendering\RenderScheduler.ts","48","BACKEND","backend","return isPdfiumLikeBackend(backend)"
"knexwriter\src\modules\Knexread\native-pdf-reader\knex-pdf-engine\rendering\RenderScheduler.ts","48","PDFIUM","Pdfium","return isPdfiumLikeBackend(backend)"
"knexwriter\src\modules\Knexread\native-pdf-reader\knex-pdf-engine\rendering\RenderScheduler.ts","77","LIFECYCLE","Abort","function createAbortError() {"
"knexwriter\src\modules\Knexread\native-pdf-reader\knex-pdf-engine\rendering\RenderScheduler.ts","78","LIFECYCLE","Abort","return new DOMException(""Render aborted"", ""AbortError"");"
"knexwriter\src\modules\Knexread\native-pdf-reader\knex-pdf-engine\rendering\RenderScheduler.ts","78","LIFECYCLE","abort","return new DOMException(""Render aborted"", ""AbortError"");"
"knexwriter\src\modules\Knexread\native-pdf-reader\knex-pdf-engine\rendering\RenderScheduler.ts","90","RENDER","RenderTask","function removeTask(task: QueuedRenderTask<unknown>) {"
"knexwriter\src\modules\Knexread\native-pdf-reader\knex-pdf-engine\rendering\RenderScheduler.ts","96","LIFECYCLE","abort","if (task.signal && task.abortListener) {"
"knexwriter\src\modules\Knexread\native-pdf-reader\knex-pdf-engine\rendering\RenderScheduler.ts","97","LIFECYCLE","abort","task.signal.removeEventListener(""abort"", task.abortListener);"
"knexwriter\src\modules\Knexread\native-pdf-reader\knex-pdf-engine\rendering\RenderScheduler.ts","97","LIFECYCLE","abort","task.signal.removeEventListener(""abort"", task.abortListener);"
"knexwriter\src\modules\Knexread\native-pdf-reader\knex-pdf-engine\rendering\RenderScheduler.ts","127","RENDER","RenderTask","function startTask(task: QueuedRenderTask<unknown>) {"
"knexwriter\src\modules\Knexread\native-pdf-reader\knex-pdf-engine\rendering\RenderScheduler.ts","130","LIFECYCLE","abort","if (task.signal?.aborted) {"
"knexwriter\src\modules\Knexread\native-pdf-reader\knex-pdf-engine\rendering\RenderScheduler.ts","131","LIFECYCLE","Abort","task.reject(createAbortError());"
"knexwriter\src\modules\Knexread\native-pdf-reader\knex-pdf-engine\rendering\RenderScheduler.ts","171","RENDER","RenderTask","export function runKnexPdfRenderTask<T>(input: {"
"knexwriter\src\modules\Knexread\native-pdf-reader\knex-pdf-engine\rendering\RenderScheduler.ts","182","RENDER","RenderTask","const task: QueuedRenderTask<T> = {"
"knexwriter\src\modules\Knexread\native-pdf-reader\knex-pdf-engine\rendering\RenderScheduler.ts","197","RENDER","RenderTask","removeTask(task as QueuedRenderTask<unknown>);"
"knexwriter\src\modules\Knexread\native-pdf-reader\knex-pdf-engine\rendering\RenderScheduler.ts","205","RENDER","RenderTask","queue.push(task as QueuedRenderTask<unknown>);"
"knexwriter\src\modules\Knexread\native-pdf-reader\knex-pdf-engine\rendering\RenderTaskToken.ts","1","RENDER","RenderTask","export type RenderTaskToken = {"
"knexwriter\src\modules\Knexread\native-pdf-reader\knex-pdf-engine\rendering\RenderTaskToken.ts","3","LIFECYCLE","renderVersion","renderVersion: number;"
"knexwriter\src\modules\Knexread\native-pdf-reader\knex-pdf-engine\rendering\RenderTaskToken.ts","4","LIFECYCLE","cancelled","cancelled: boolean;"
"knexwriter\src\modules\Knexread\native-pdf-reader\knex-pdf-engine\rendering\RenderTaskToken.ts","7","LIFECYCLE","renderVersion","export function createRenderTaskToken(pageNumber: number, renderVersion: number): RenderTaskToken {"
"knexwriter\src\modules\Knexread\native-pdf-reader\knex-pdf-engine\rendering\RenderTaskToken.ts","7","RENDER","RenderTask","export function createRenderTaskToken(pageNumber: number, renderVersion: number): RenderTaskToken {"
"knexwriter\src\modules\Knexread\native-pdf-reader\knex-pdf-engine\rendering\RenderTaskToken.ts","7","RENDER","RenderTask","export function createRenderTaskToken(pageNumber: number, renderVersion: number): RenderTaskToken {"
"knexwriter\src\modules\Knexread\native-pdf-reader\knex-pdf-engine\rendering\RenderTaskToken.ts","10","LIFECYCLE","renderVersion","renderVersion,"
"knexwriter\src\modules\Knexread\native-pdf-reader\knex-pdf-engine\rendering\RenderTaskToken.ts","11","LIFECYCLE","cancelled","cancelled: false,"
"knexwriter\src\modules\Knexread\native-pdf-reader\knex-pdf-engine\rendering\RenderTaskToken.ts","15","RENDER","RenderTask","export function cancelRenderTaskToken(token: RenderTaskToken) {"
"knexwriter\src\modules\Knexread\native-pdf-reader\knex-pdf-engine\rendering\RenderTaskToken.ts","15","RENDER","RenderTask","export function cancelRenderTaskToken(token: RenderTaskToken) {"
"knexwriter\src\modules\Knexread\native-pdf-reader\knex-pdf-engine\rendering\RenderTaskToken.ts","16","LIFECYCLE","cancelled","token.cancelled = true;"
"knexwriter\src\modules\Knexread\native-pdf-reader\knex-pdf-engine\rendering\RenderTaskToken.ts","19","LIFECYCLE","renderVersion","export function isRenderTaskTokenCurrent(token: RenderTaskToken, renderVersion: number) {"
"knexwriter\src\modules\Knexread\native-pdf-reader\knex-pdf-engine\rendering\RenderTaskToken.ts","19","RENDER","RenderTask","export function isRenderTaskTokenCurrent(token: RenderTaskToken, renderVersion: number) {"
"knexwriter\src\modules\Knexread\native-pdf-reader\knex-pdf-engine\rendering\RenderTaskToken.ts","19","RENDER","RenderTask","export function isRenderTaskTokenCurrent(token: RenderTaskToken, renderVersion: number) {"
"knexwriter\src\modules\Knexread\native-pdf-reader\knex-pdf-engine\rendering\RenderTaskToken.ts","20","LIFECYCLE","renderVersion","return !token.cancelled && token.renderVersion === renderVersion;"
"knexwriter\src\modules\Knexread\native-pdf-reader\knex-pdf-engine\rendering\RenderTaskToken.ts","20","LIFECYCLE","renderVersion","return !token.cancelled && token.renderVersion === renderVersion;"
"knexwriter\src\modules\Knexread\native-pdf-reader\knex-pdf-engine\rendering\RenderTaskToken.ts","20","LIFECYCLE","cancelled","return !token.cancelled && token.renderVersion === renderVersion;"
"knexwriter\src\modules\Knexread\native-pdf-reader\knex-pdf-engine\rendering\TileGridCalculator.ts","1","BACKEND","engine","import type { KnexPdfPageGeometry } from ""../core/engineTypes"";"
"knexwriter\src\modules\Knexread\native-pdf-reader\knex-pdf-engine\rendering\TileGridCalculator.ts","3","TILES","TileGrid","export type TileGridCell = {"
"knexwriter\src\modules\Knexread\native-pdf-reader\knex-pdf-engine\rendering\TileGridCalculator.ts","12","SERVER","PdfTile","export type KnexPdfTilePriority = ""visible"" | ""nearby"" | ""background"";"
"knexwriter\src\modules\Knexread\native-pdf-reader\knex-pdf-engine\rendering\TileGridCalculator.ts","14","SERVER","PdfPageTile","export type KnexPdfPageTile = {"
"knexwriter\src\modules\Knexread\native-pdf-reader\knex-pdf-engine\rendering\TileGridCalculator.ts","29","SCALE","outputScale","outputScaleX: number;"
"knexwriter\src\modules\Knexread\native-pdf-reader\knex-pdf-engine\rendering\TileGridCalculator.ts","30","SCALE","outputScale","outputScaleY: number;"
"knexwriter\src\modules\Knexread\native-pdf-reader\knex-pdf-engine\rendering\TileGridCalculator.ts","32","SERVER","PdfTile","priority: KnexPdfTilePriority;"
"knexwriter\src\modules\Knexread\native-pdf-reader\knex-pdf-engine\rendering\TileGridCalculator.ts","35","SERVER","PdfTile","export type KnexPdfTileRenderPlan = {"
"knexwriter\src\modules\Knexread\native-pdf-reader\knex-pdf-engine\rendering\TileGridCalculator.ts","41","SCALE","outputScale","outputScale: number;"
"knexwriter\src\modules\Knexread\native-pdf-reader\knex-pdf-engine\rendering\TileGridCalculator.ts","42","SCALE","outputScale","outputScaleX: number;"
"knexwriter\src\modules\Knexread\native-pdf-reader\knex-pdf-engine\rendering\TileGridCalculator.ts","43","SCALE","outputScale","outputScaleY: number;"
"knexwriter\src\modules\Knexread\native-pdf-reader\knex-pdf-engine\rendering\TileGridCalculator.ts","45","TILES","tileRows","tileRows: number;"
"knexwriter\src\modules\Knexread\native-pdf-reader\knex-pdf-engine\rendering\TileGridCalculator.ts","46","TILES","tileColumns","tileColumns: number;"
"knexwriter\src\modules\Knexread\native-pdf-reader\knex-pdf-engine\rendering\TileGridCalculator.ts","52","SERVER","PdfPageTile","tiles: KnexPdfPageTile[];"
"knexwriter\src\modules\Knexread\native-pdf-reader\knex-pdf-engine\rendering\TileGridCalculator.ts","55","SERVER","PdfVisibleTile","export type KnexPdfVisibleTileRect = {"
"knexwriter\src\modules\Knexread\native-pdf-reader\knex-pdf-engine\rendering\TileGridCalculator.ts","67","BACKEND","fallback","fallback = 0,"
"knexwriter\src\modules\Knexread\native-pdf-reader\knex-pdf-engine\rendering\TileGridCalculator.ts","71","BACKEND","fallback",": fallback;"
"knexwriter\src\modules\Knexread\native-pdf-reader\knex-pdf-engine\rendering\TileGridCalculator.ts","74","BACKEND","fallback","function normalizePositiveInteger(value: number, fallback = 1): number {"
"knexwriter\src\modules\Knexread\native-pdf-reader\knex-pdf-engine\rendering\TileGridCalculator.ts","75","BACKEND","fallback","return Math.max(1, Math.ceil(safeNumber(value, fallback)));"
"knexwriter\src\modules\Knexread\native-pdf-reader\knex-pdf-engine\rendering\TileGridCalculator.ts","86","SERVER","PdfVisibleTileRect, b: KnexPdfVisibleTile","function intersects(a: KnexPdfVisibleTileRect, b: KnexPdfVisibleTileRect) {"
"knexwriter\src\modules\Knexread\native-pdf-reader\knex-pdf-engine\rendering\TileGridCalculator.ts","96","SERVER","PdfVisibleTile","rect: KnexPdfVisibleTileRect | undefined,"
"knexwriter\src\modules\Knexread\native-pdf-reader\knex-pdf-engine\rendering\TileGridCalculator.ts","98","SERVER","PdfVisibleTile","): KnexPdfVisibleTileRect | undefined {"
"knexwriter\src\modules\Knexread\native-pdf-reader\knex-pdf-engine\rendering\TileGridCalculator.ts","109","TILES","TileGrid","export function calculateTileGrid(input: {"
"knexwriter\src\modules\Knexread\native-pdf-reader\knex-pdf-engine\rendering\TileGridCalculator.ts","113","TILES","tileRows","tileRows?: number;"
"knexwriter\src\modules\Knexread\native-pdf-reader\knex-pdf-engine\rendering\TileGridCalculator.ts","114","TILES","tileColumns","tileColumns?: number;"
"knexwriter\src\modules\Knexread\native-pdf-reader\knex-pdf-engine\rendering\TileGridCalculator.ts","115","TILES","TileGrid","}): TileGridCell[] {"
"knexwriter\src\modules\Knexread\native-pdf-reader\knex-pdf-engine\rendering\TileGridCalculator.ts","116","TILES","tileRows","const fixedRows = normalizeGridInteger(input.tileRows);"
"knexwriter\src\modules\Knexread\native-pdf-reader\knex-pdf-engine\rendering\TileGridCalculator.ts","117","TILES","tileColumns","const fixedColumns = normalizeGridInteger(input.tileColumns);"
"knexwriter\src\modules\Knexread\native-pdf-reader\knex-pdf-engine\rendering\TileGridCalculator.ts","124","TILES","TileGrid","const cells: TileGridCell[] = [];"
"knexwriter\src\modules\Knexread\native-pdf-reader\knex-pdf-engine\rendering\TileGridCalculator.ts","164","SERVER","PdfTile","export function shouldUseKnexPdfTileRendering(input: {"
"knexwriter\src\modules\Knexread\native-pdf-reader\knex-pdf-engine\rendering\TileGridCalculator.ts","175","SCALE","OutputScale","input.geometry.wasOutputScaleClamped"
"knexwriter\src\modules\Knexread\native-pdf-reader\knex-pdf-engine\rendering\TileGridCalculator.ts","216","SCALE","outputScale","const scaleBucket = Math.round(geometry.outputScale * 100) / 100;"
"knexwriter\src\modules\Knexread\native-pdf-reader\knex-pdf-engine\rendering\TileGridCalculator.ts","251","SCALE","outputScale","bitmapX: Math.floor(cell.x * geometry.outputScaleX),"
"knexwriter\src\modules\Knexread\native-pdf-reader\knex-pdf-engine\rendering\TileGridCalculator.ts","252","SCALE","outputScale","bitmapY: Math.floor(cell.y * geometry.outputScaleY),"
"knexwriter\src\modules\Knexread\native-pdf-reader\knex-pdf-engine\rendering\TileGridCalculator.ts","254","SCALE","outputScale","cssWidth * geometry.outputScaleX,"
"knexwriter\src\modules\Knexread\native-pdf-reader\knex-pdf-engine\ruler\RulerScrollSyncController.ts","1","BACKEND","engine","import type { KnexPdfRulerState } from ""../core/engineTypes"";"
"knexwriter\src\modules\Knexread\native-pdf-reader\knex-pdf-engine\ruler\RulerState.ts","1","BACKEND","engine","export type { KnexPdfRulerState } from ""../core/engineTypes"";"
"knexwriter\src\modules\Knexread\native-pdf-reader\knex-pdf-engine\selection\SelectedTextExtractor.ts","1","BACKEND","engine","import type { KnexPdfSemanticTextBlock } from ""../core/engineTypes"";"
"knexwriter\src\modules\Knexread\native-pdf-reader\knex-pdf-engine\selection\SelectedTextExtractor.ts","1","TEXT","SemanticText","import type { KnexPdfSemanticTextBlock } from ""../core/engineTypes"";"
"knexwriter\src\modules\Knexread\native-pdf-reader\knex-pdf-engine\selection\SelectedTextExtractor.ts","3","TEXT","SemanticText","export function extractSelectedText(blocks: KnexPdfSemanticTextBlock[]) {"
"knexwriter\src\modules\Knexread\native-pdf-reader\knex-pdf-engine\selection\SelectionOverlayLayer.ts","1","BACKEND","engine","import type { KnexPdfSelectionRectangle } from ""../core/engineTypes"";"
"knexwriter\src\modules\Knexread\native-pdf-reader\knex-pdf-engine\selection\SelectionRectangleCalculator.ts","1","BACKEND","engine","import type { KnexPdfSelectionRectangle, KnexPdfSemanticTextBlock } from ""../core/engineTypes"";"
"knexwriter\src\modules\Knexread\native-pdf-reader\knex-pdf-engine\selection\SelectionRectangleCalculator.ts","1","TEXT","SemanticText","import type { KnexPdfSelectionRectangle, KnexPdfSemanticTextBlock } from ""../core/engineTypes"";"
"knexwriter\src\modules\Knexread\native-pdf-reader\knex-pdf-engine\selection\SelectionRectangleCalculator.ts","4","TEXT","SemanticText","selectedBlocks: KnexPdfSemanticTextBlock[];"
"knexwriter\src\modules\Knexread\native-pdf-reader\knex-pdf-engine\server-tiles\index.ts","2","SERVER","ServerRender","export * from ""./requestServerRenderedTile"";"
"knexwriter\src\modules\Knexread\native-pdf-reader\knex-pdf-engine\server-tiles\index.ts","3","LIFECYCLE","Cache","export * from ""./ServerTileCacheClient"";"
"knexwriter\src\modules\Knexread\native-pdf-reader\knex-pdf-engine\server-tiles\index.ts","4","BACKEND","Fallback","export * from ""./serverTileFallbackPolicy"";"
"knexwriter\src\modules\Knexread\native-pdf-reader\knex-pdf-engine\server-tiles\NativeServerTileRenderer.ts","10","SERVER","ServerTileRender","export type NativeServerTileRenderResult = {"
"knexwriter\src\modules\Knexread\native-pdf-reader\knex-pdf-engine\server-tiles\NativeServerTileRenderer.ts","15","BACKEND","Fallback","function createFallbackResponse(input: {"
"knexwriter\src\modules\Knexread\native-pdf-reader\knex-pdf-engine\server-tiles\NativeServerTileRenderer.ts","19","SERVER","ServerTileRender","}): NativeServerTileRenderResult {"
"knexwriter\src\modules\Knexread\native-pdf-reader\knex-pdf-engine\server-tiles\NativeServerTileRenderer.ts","24","BACKEND","fallback","status: ""fallback-required"","
"knexwriter\src\modules\Knexread\native-pdf-reader\knex-pdf-engine\server-tiles\NativeServerTileRenderer.ts","25","BACKEND","fallback","fallback: ""tiled-canvas"","
"knexwriter\src\modules\Knexread\native-pdf-reader\knex-pdf-engine\server-tiles\NativeServerTileRenderer.ts","32","BACKEND","Renderer","function getConfiguredRendererEngine(): string {"
"knexwriter\src\modules\Knexread\native-pdf-reader\knex-pdf-engine\server-tiles\NativeServerTileRenderer.ts","32","BACKEND","Engine","function getConfiguredRendererEngine(): string {"
"knexwriter\src\modules\Knexread\native-pdf-reader\knex-pdf-engine\server-tiles\NativeServerTileRenderer.ts","33","PDFIUM","pdfium","return process.env.KNEXREAD_TILE_RENDERER_ENGINE?.trim() || ""pdfium-native"";"
"knexwriter\src\modules\Knexread\native-pdf-reader\knex-pdf-engine\server-tiles\NativeServerTileRenderer.ts","33","BACKEND","RENDERER","return process.env.KNEXREAD_TILE_RENDERER_ENGINE?.trim() || ""pdfium-native"";"
"knexwriter\src\modules\Knexread\native-pdf-reader\knex-pdf-engine\server-tiles\NativeServerTileRenderer.ts","33","BACKEND","ENGINE","return process.env.KNEXREAD_TILE_RENDERER_ENGINE?.trim() || ""pdfium-native"";"
"knexwriter\src\modules\Knexread\native-pdf-reader\knex-pdf-engine\server-tiles\NativeServerTileRenderer.ts","58","RENDER","RenderTask","type PdfJsRenderTask = {"
"knexwriter\src\modules\Knexread\native-pdf-reader\knex-pdf-engine\server-tiles\NativeServerTileRenderer.ts","64","RENDER","getViewport","getViewport: (params: { scale: number; rotation?: number }) => PdfJsViewport;"
"knexwriter\src\modules\Knexread\native-pdf-reader\knex-pdf-engine\server-tiles\NativeServerTileRenderer.ts","66","RENDER","canvasContext","canvasContext: unknown;"
"knexwriter\src\modules\Knexread\native-pdf-reader\knex-pdf-engine\server-tiles\NativeServerTileRenderer.ts","70","RENDER","RenderTask","}) => PdfJsRenderTask;"
"knexwriter\src\modules\Knexread\native-pdf-reader\knex-pdf-engine\server-tiles\NativeServerTileRenderer.ts","75","LIFECYCLE","destroy","destroy?: () => Promise<void> | void;"
"knexwriter\src\modules\Knexread\native-pdf-reader\knex-pdf-engine\server-tiles\NativeServerTileRenderer.ts","81","LIFECYCLE","destroy","destroy?: () => Promise<void> | void;"
"knexwriter\src\modules\Knexread\native-pdf-reader\knex-pdf-engine\server-tiles\NativeServerTileRenderer.ts","95","PDFJS","pdfjs-dist","return (await dynamicImport(""pdfjs-dist/legacy/build/pdf.mjs"")) as PdfJsModule;"
"knexwriter\src\modules\Knexread\native-pdf-reader\knex-pdf-engine\server-tiles\NativeServerTileRenderer.ts","118","BACKEND","RENDERER","process.env.KNEXREAD_TILE_RENDERER_DEFAULT_FORMAT?.trim().toLowerCase();"
"knexwriter\src\modules\Knexread\native-pdf-reader\knex-pdf-engine\server-tiles\NativeServerTileRenderer.ts","128","BACKEND","RENDERER","const configured = Number(process.env.KNEXREAD_TILE_RENDERER_WEBP_QUALITY);"
"knexwriter\src\modules\Knexread\native-pdf-reader\knex-pdf-engine\server-tiles\NativeServerTileRenderer.ts","138","LIFECYCLE","Cache","function createCacheKey(input: KnexReadServerTileRequest) {"
"knexwriter\src\modules\Knexread\native-pdf-reader\knex-pdf-engine\server-tiles\NativeServerTileRenderer.ts","146","SCALE","outputScale","outputScale: input.outputScale,"
"knexwriter\src\modules\Knexread\native-pdf-reader\knex-pdf-engine\server-tiles\NativeServerTileRenderer.ts","146","SCALE","outputScale","outputScale: input.outputScale,"
"knexwriter\src\modules\Knexread\native-pdf-reader\knex-pdf-engine\server-tiles\NativeServerTileRenderer.ts","160","SCALE","outputScale","const scaleBucket = Math.round(input.outputScale * 100);"
"knexwriter\src\modules\Knexread\native-pdf-reader\knex-pdf-engine\server-tiles\NativeServerTileRenderer.ts","192","LIFECYCLE","cache","join(process.cwd(), "".cache"", ""knexread"", ""pdf-sources"");"
"knexwriter\src\modules\Knexread\native-pdf-reader\knex-pdf-engine\server-tiles\NativeServerTileRenderer.ts","197","SERVER","PdfBytes(request: KnexReadServerTile","async function loadPdfBytes(request: KnexReadServerTileRequest) {"
"knexwriter\src\modules\Knexread\native-pdf-reader\knex-pdf-engine\server-tiles\NativeServerTileRenderer.ts","238","SERVER","server-tile-render","reject(new Error(""server-tile-render-timeout""));"
"knexwriter\src\modules\Knexread\native-pdf-reader\knex-pdf-engine\server-tiles\NativeServerTileRenderer.ts","249","SERVER","PdfJsNativeTile","async function renderPdfJsNativeTile("
"knexwriter\src\modules\Knexread\native-pdf-reader\knex-pdf-engine\server-tiles\NativeServerTileRenderer.ts","256","SCALE","outputScale","const outputScale = Math.max(1, request.outputScale);"
"knexwriter\src\modules\Knexread\native-pdf-reader\knex-pdf-engine\server-tiles\NativeServerTileRenderer.ts","256","SCALE","outputScale","const outputScale = Math.max(1, request.outputScale);"
"knexwriter\src\modules\Knexread\native-pdf-reader\knex-pdf-engine\server-tiles\NativeServerTileRenderer.ts","257","SCALE","outputScale","const width = Math.max(1, Math.ceil(request.tile.cssWidth * outputScale));"
"knexwriter\src\modules\Knexread\native-pdf-reader\knex-pdf-engine\server-tiles\NativeServerTileRenderer.ts","258","SCALE","outputScale","const height = Math.max(1, Math.ceil(request.tile.cssHeight * outputScale));"
"knexwriter\src\modules\Knexread\native-pdf-reader\knex-pdf-engine\server-tiles\NativeServerTileRenderer.ts","263","PDFJS","getDocument(","const loadingTask = pdfjs.getDocument({"
"knexwriter\src\modules\Knexread\native-pdf-reader\knex-pdf-engine\server-tiles\NativeServerTileRenderer.ts","269","RENDER","renderTask","let renderTask: PdfJsRenderTask | null = null;"
"knexwriter\src\modules\Knexread\native-pdf-reader\knex-pdf-engine\server-tiles\NativeServerTileRenderer.ts","269","RENDER","RenderTask","let renderTask: PdfJsRenderTask | null = null;"
"knexwriter\src\modules\Knexread\native-pdf-reader\knex-pdf-engine\server-tiles\NativeServerTileRenderer.ts","278","RENDER","getViewport","const viewport = page.getViewport({"
"knexwriter\src\modules\Knexread\native-pdf-reader\knex-pdf-engine\server-tiles\NativeServerTileRenderer.ts","295","RENDER","renderTask","renderTask = page.render({"
"knexwriter\src\modules\Knexread\native-pdf-reader\knex-pdf-engine\server-tiles\NativeServerTileRenderer.ts","295","RENDER","page.render","renderTask = page.render({"
"knexwriter\src\modules\Knexread\native-pdf-reader\knex-pdf-engine\server-tiles\NativeServerTileRenderer.ts","296","RENDER","canvasContext","canvasContext: context,"
"knexwriter\src\modules\Knexread\native-pdf-reader\knex-pdf-engine\server-tiles\NativeServerTileRenderer.ts","299","SCALE","outputScale","outputScale,"
"knexwriter\src\modules\Knexread\native-pdf-reader\knex-pdf-engine\server-tiles\NativeServerTileRenderer.ts","302","SCALE","outputScale","outputScale,"
"knexwriter\src\modules\Knexread\native-pdf-reader\knex-pdf-engine\server-tiles\NativeServerTileRenderer.ts","303","SCALE","outputScale","-request.tile.cssLeft * outputScale,"
"knexwriter\src\modules\Knexread\native-pdf-reader\knex-pdf-engine\server-tiles\NativeServerTileRenderer.ts","323","LIFECYCLE","cache","const cacheKey = createCacheKey(request);"
"knexwriter\src\modules\Knexread\native-pdf-reader\knex-pdf-engine\server-tiles\NativeServerTileRenderer.ts","323","LIFECYCLE","Cache","const cacheKey = createCacheKey(request);"
"knexwriter\src\modules\Knexread\native-pdf-reader\knex-pdf-engine\server-tiles\NativeServerTileRenderer.ts","328","LIFECYCLE","cache","cacheKey,"
"knexwriter\src\modules\Knexread\native-pdf-reader\knex-pdf-engine\server-tiles\NativeServerTileRenderer.ts","340","LIFECYCLE","Cache","fromCache: false,"
"knexwriter\src\modules\Knexread\native-pdf-reader\knex-pdf-engine\server-tiles\NativeServerTileRenderer.ts","341","BACKEND","backend","backend: ""pdfjs-node-native-canvas"","
"knexwriter\src\modules\Knexread\native-pdf-reader\knex-pdf-engine\server-tiles\NativeServerTileRenderer.ts","345","LIFECYCLE","destroy","await document?.destroy?.();"
"knexwriter\src\modules\Knexread\native-pdf-reader\knex-pdf-engine\server-tiles\NativeServerTileRenderer.ts","349","SERVER","renderNativeServer","export async function renderNativeServerTile("
"knexwriter\src\modules\Knexread\native-pdf-reader\knex-pdf-engine\server-tiles\NativeServerTileRenderer.ts","351","SERVER","ServerTileRender","): Promise<NativeServerTileRenderResult> {"
"knexwriter\src\modules\Knexread\native-pdf-reader\knex-pdf-engine\server-tiles\NativeServerTileRenderer.ts","371","SERVER","PdfJsNativeTile","response: await renderPdfJsNativeTile(request),"
"knexwriter\src\modules\Knexread\native-pdf-reader\knex-pdf-engine\server-tiles\NativeServerTileRenderer.ts","377","SERVER","server-tile-render","? `${engine}-server-tile-render-failed:${error.message}`"
"knexwriter\src\modules\Knexread\native-pdf-reader\knex-pdf-engine\server-tiles\NativeServerTileRenderer.ts","378","SERVER","server-tile-render",": `${engine}-server-tile-render-failed`,"
"knexwriter\src\modules\Knexread\native-pdf-reader\knex-pdf-engine\server-tiles\requestServerRenderedTile.ts","8","SERVER","api/","const DEFAULT_TILE_ENDPOINT = ""/api/knexread/render/tile"";"
"knexwriter\src\modules\Knexread\native-pdf-reader\knex-pdf-engine\server-tiles\requestServerRenderedTile.ts","8","SERVER","TILE_ENDPOINT","const DEFAULT_TILE_ENDPOINT = ""/api/knexread/render/tile"";"
"knexwriter\src\modules\Knexread\native-pdf-reader\knex-pdf-engine\server-tiles\requestServerRenderedTile.ts","9","SERVER","api/","const DEFAULT_TILE_BATCH_ENDPOINT = ""/api/knexread/render/tiles/batch"";"
"knexwriter\src\modules\Knexread\native-pdf-reader\knex-pdf-engine\server-tiles\requestServerRenderedTile.ts","9","SERVER","TILE_BATCH_ENDPOINT","const DEFAULT_TILE_BATCH_ENDPOINT = ""/api/knexread/render/tiles/batch"";"
"knexwriter\src\modules\Knexread\native-pdf-reader\knex-pdf-engine\server-tiles\requestServerRenderedTile.ts","11","BACKEND","Fallback","function createFallbackResponse(reason: string): KnexReadServerTileResponse {"
"knexwriter\src\modules\Knexread\native-pdf-reader\knex-pdf-engine\server-tiles\requestServerRenderedTile.ts","14","BACKEND","fallback","status: ""fallback-required"","
"knexwriter\src\modules\Knexread\native-pdf-reader\knex-pdf-engine\server-tiles\requestServerRenderedTile.ts","15","BACKEND","fallback","fallback: ""tiled-canvas"","
"knexwriter\src\modules\Knexread\native-pdf-reader\knex-pdf-engine\server-tiles\requestServerRenderedTile.ts","25","BACKEND","renderer","throw new Error(`Server tile renderer returned HTTP ${response.status}.`);"
"knexwriter\src\modules\Knexread\native-pdf-reader\knex-pdf-engine\server-tiles\requestServerRenderedTile.ts","25","SERVER","Server tile render","throw new Error(`Server tile renderer returned HTTP ${response.status}.`);"
"knexwriter\src\modules\Knexread\native-pdf-reader\knex-pdf-engine\server-tiles\requestServerRenderedTile.ts","31","SERVER","ServerRender","export async function requestServerRenderedTile(input: {"
"knexwriter\src\modules\Knexread\native-pdf-reader\knex-pdf-engine\server-tiles\requestServerRenderedTile.ts","34","LIFECYCLE","Abort","signal?: AbortSignal;"
"knexwriter\src\modules\Knexread\native-pdf-reader\knex-pdf-engine\server-tiles\requestServerRenderedTile.ts","37","SERVER","TILE_ENDPOINT","const response = await fetch(input.endpoint ?? DEFAULT_TILE_ENDPOINT, {"
"knexwriter\src\modules\Knexread\native-pdf-reader\knex-pdf-engine\server-tiles\requestServerRenderedTile.ts","49","LIFECYCLE","abort","if (input.signal?.aborted) {"
"knexwriter\src\modules\Knexread\native-pdf-reader\knex-pdf-engine\server-tiles\requestServerRenderedTile.ts","50","BACKEND","Fallback","return createFallbackResponse(""server-tile-request-aborted"");"
"knexwriter\src\modules\Knexread\native-pdf-reader\knex-pdf-engine\server-tiles\requestServerRenderedTile.ts","50","LIFECYCLE","abort","return createFallbackResponse(""server-tile-request-aborted"");"
"knexwriter\src\modules\Knexread\native-pdf-reader\knex-pdf-engine\server-tiles\requestServerRenderedTile.ts","53","BACKEND","Fallback","return createFallbackResponse("
"knexwriter\src\modules\Knexread\native-pdf-reader\knex-pdf-engine\server-tiles\requestServerRenderedTile.ts","59","SERVER","ServerRender","export async function requestServerRenderedTilesBatch(input: {"
"knexwriter\src\modules\Knexread\native-pdf-reader\knex-pdf-engine\server-tiles\requestServerRenderedTile.ts","62","LIFECYCLE","Abort","signal?: AbortSignal;"
"knexwriter\src\modules\Knexread\native-pdf-reader\knex-pdf-engine\server-tiles\requestServerRenderedTile.ts","66","SERVER","TILE_BATCH_ENDPOINT","input.endpoint ?? DEFAULT_TILE_BATCH_ENDPOINT,"
"knexwriter\src\modules\Knexread\native-pdf-reader\knex-pdf-engine\server-tiles\requestServerRenderedTile.ts","81","BACKEND","fallback","fallback: ""tiled-canvas"","
"knexwriter\src\modules\Knexread\native-pdf-reader\knex-pdf-engine\server-tiles\ServerTileCacheClient.ts","29","LIFECYCLE","Cache","export class ServerTileCacheClient {"
"knexwriter\src\modules\Knexread\native-pdf-reader\knex-pdf-engine\server-tiles\ServerTileCacheClient.ts","30","LIFECYCLE","Map<","private readonly readyTiles = new Map<string, KnexReadServerTileReadyResponse>();"
"knexwriter\src\modules\Knexread\native-pdf-reader\knex-pdf-engine\server-tiles\serverTileFallbackPolicy.ts","2","SERVER","PdfServerTile","KnexPdfServerTileFallbackReason,"
"knexwriter\src\modules\Knexread\native-pdf-reader\knex-pdf-engine\server-tiles\serverTileFallbackPolicy.ts","2","BACKEND","Fallback","KnexPdfServerTileFallbackReason,"
"knexwriter\src\modules\Knexread\native-pdf-reader\knex-pdf-engine\server-tiles\serverTileFallbackPolicy.ts","6","BACKEND","Fallback","export type ServerTileFallbackDecision = {"
"knexwriter\src\modules\Knexread\native-pdf-reader\knex-pdf-engine\server-tiles\serverTileFallbackPolicy.ts","7","SERVER","renderMode: ""server","renderMode: ""server-tiled"" | ""tiled-canvas"";"
"knexwriter\src\modules\Knexread\native-pdf-reader\knex-pdf-engine\server-tiles\serverTileFallbackPolicy.ts","8","BACKEND","fallback","fallbackUsed: boolean;"
"knexwriter\src\modules\Knexread\native-pdf-reader\knex-pdf-engine\server-tiles\serverTileFallbackPolicy.ts","9","SERVER","PdfServerTile","reason?: KnexPdfServerTileFallbackReason | string;"
"knexwriter\src\modules\Knexread\native-pdf-reader\knex-pdf-engine\server-tiles\serverTileFallbackPolicy.ts","9","BACKEND","Fallback","reason?: KnexPdfServerTileFallbackReason | string;"
"knexwriter\src\modules\Knexread\native-pdf-reader\knex-pdf-engine\server-tiles\serverTileFallbackPolicy.ts","12","BACKEND","Fallback","export function resolveServerTileFallbackPolicy(input: {"
"knexwriter\src\modules\Knexread\native-pdf-reader\knex-pdf-engine\server-tiles\serverTileFallbackPolicy.ts","16","BACKEND","Fallback","reason?: KnexPdfServerTileFallbackReason | string;"
"knexwriter\src\modules\Knexread\native-pdf-reader\knex-pdf-engine\server-tiles\serverTileFallbackPolicy.ts","16","SERVER","PdfServerTile","reason?: KnexPdfServerTileFallbackReason | string;"
"knexwriter\src\modules\Knexread\native-pdf-reader\knex-pdf-engine\server-tiles\serverTileFallbackPolicy.ts","17","BACKEND","Fallback","}): ServerTileFallbackDecision {"
"knexwriter\src\modules\Knexread\native-pdf-reader\knex-pdf-engine\server-tiles\serverTileFallbackPolicy.ts","23","BACKEND","fallback","fallbackUsed: false,"
"knexwriter\src\modules\Knexread\native-pdf-reader\knex-pdf-engine\server-tiles\serverTileFallbackPolicy.ts","29","SERVER","renderMode: ""server","renderMode: ""server-tiled"","
"knexwriter\src\modules\Knexread\native-pdf-reader\knex-pdf-engine\server-tiles\serverTileFallbackPolicy.ts","30","BACKEND","fallback","fallbackUsed: false,"
"knexwriter\src\modules\Knexread\native-pdf-reader\knex-pdf-engine\server-tiles\serverTileFallbackPolicy.ts","37","BACKEND","fallback","fallbackUsed: true,"
"knexwriter\src\modules\Knexread\native-pdf-reader\knex-pdf-engine\server-tiles\ServerTileTypes.ts","1","SERVER","Controller","import type { KnexPdfRenderPhase } from ""../rendering/RenderQualityController"";"
"knexwriter\src\modules\Knexread\native-pdf-reader\knex-pdf-engine\server-tiles\ServerTileTypes.ts","5","LIFECYCLE","Cache","export type KnexReadServerTileCachePolicy ="
"knexwriter\src\modules\Knexread\native-pdf-reader\knex-pdf-engine\server-tiles\ServerTileTypes.ts","6","LIFECYCLE","cache","| ""prefer-cache"""
"knexwriter\src\modules\Knexread\native-pdf-reader\knex-pdf-engine\server-tiles\ServerTileTypes.ts","37","SCALE","outputScale","outputScale: number;"
"knexwriter\src\modules\Knexread\native-pdf-reader\knex-pdf-engine\server-tiles\ServerTileTypes.ts","43","LIFECYCLE","cache","cachePolicy?: KnexReadServerTileCachePolicy;"
"knexwriter\src\modules\Knexread\native-pdf-reader\knex-pdf-engine\server-tiles\ServerTileTypes.ts","43","LIFECYCLE","Cache","cachePolicy?: KnexReadServerTileCachePolicy;"
"knexwriter\src\modules\Knexread\native-pdf-reader\knex-pdf-engine\server-tiles\ServerTileTypes.ts","50","LIFECYCLE","cache","cacheKey: string;"
"knexwriter\src\modules\Knexread\native-pdf-reader\knex-pdf-engine\server-tiles\ServerTileTypes.ts","59","SCALE","outputScale","outputScale: number;"
"knexwriter\src\modules\Knexread\native-pdf-reader\knex-pdf-engine\server-tiles\ServerTileTypes.ts","62","LIFECYCLE","Cache","fromCache: boolean;"
"knexwriter\src\modules\Knexread\native-pdf-reader\knex-pdf-engine\server-tiles\ServerTileTypes.ts","63","BACKEND","backend","backend: string;"
"knexwriter\src\modules\Knexread\native-pdf-reader\knex-pdf-engine\server-tiles\ServerTileTypes.ts","67","BACKEND","Fallback","export type KnexReadServerTileFallbackResponse = {"
"knexwriter\src\modules\Knexread\native-pdf-reader\knex-pdf-engine\server-tiles\ServerTileTypes.ts","69","BACKEND","fallback","status: ""fallback-required"" | ""error"";"
"knexwriter\src\modules\Knexread\native-pdf-reader\knex-pdf-engine\server-tiles\ServerTileTypes.ts","70","BACKEND","fallback","fallback: ""tiled-canvas"";"
"knexwriter\src\modules\Knexread\native-pdf-reader\knex-pdf-engine\server-tiles\ServerTileTypes.ts","77","BACKEND","Fallback","| KnexReadServerTileFallbackResponse;"
"knexwriter\src\modules\Knexread\native-pdf-reader\knex-pdf-engine\server-tiles\ServerTileTypes.ts","86","BACKEND","fallback","fallback?: ""tiled-canvas"";"
"knexwriter\src\modules\Knexread\native-pdf-reader\knex-pdf-engine\server-tiles\ServerTileTypes.ts","90","SERVER","PdfTile","export type NativePdfTileRendererPageInfo = {"
"knexwriter\src\modules\Knexread\native-pdf-reader\knex-pdf-engine\server-tiles\ServerTileTypes.ts","90","BACKEND","Renderer","export type NativePdfTileRendererPageInfo = {"
"knexwriter\src\modules\Knexread\native-pdf-reader\knex-pdf-engine\server-tiles\ServerTileTypes.ts","97","SERVER","PdfTileRendererRenderedTile","export type NativePdfTileRendererRenderedTile = {"
"knexwriter\src\modules\Knexread\native-pdf-reader\knex-pdf-engine\server-tiles\ServerTileTypes.ts","97","BACKEND","Renderer","export type NativePdfTileRendererRenderedTile = {"
"knexwriter\src\modules\Knexread\native-pdf-reader\knex-pdf-engine\server-tiles\ServerTileTypes.ts","105","SERVER","PdfTile","export interface NativePdfTileRenderer {"
"knexwriter\src\modules\Knexread\native-pdf-reader\knex-pdf-engine\server-tiles\ServerTileTypes.ts","105","BACKEND","Renderer","export interface NativePdfTileRenderer {"
"knexwriter\src\modules\Knexread\native-pdf-reader\knex-pdf-engine\server-tiles\ServerTileTypes.ts","106","PDFIUM","pdfium","id: ""pdfium-native"" | ""mupdf"" | ""poppler"" | string;"
"knexwriter\src\modules\Knexread\native-pdf-reader\knex-pdf-engine\server-tiles\ServerTileTypes.ts","111","SERVER","PdfTile","}): Promise<NativePdfTileRendererPageInfo>;"
"knexwriter\src\modules\Knexread\native-pdf-reader\knex-pdf-engine\server-tiles\ServerTileTypes.ts","111","BACKEND","Renderer","}): Promise<NativePdfTileRendererPageInfo>;"
"knexwriter\src\modules\Knexread\native-pdf-reader\knex-pdf-engine\server-tiles\ServerTileTypes.ts","112","TILES","renderTile","renderTile("
"knexwriter\src\modules\Knexread\native-pdf-reader\knex-pdf-engine\server-tiles\ServerTileTypes.ts","114","SERVER","PdfTileRendererRenderedTile","): Promise<NativePdfTileRendererRenderedTile>;"
"knexwriter\src\modules\Knexread\native-pdf-reader\knex-pdf-engine\text\TextCoordinateMapper.ts","1","TEXT","SemanticText","import type { KnexPdfSemanticTextBlock } from ""../core/engineTypes"";"
"knexwriter\src\modules\Knexread\native-pdf-reader\knex-pdf-engine\text\TextCoordinateMapper.ts","1","BACKEND","engine","import type { KnexPdfSemanticTextBlock } from ""../core/engineTypes"";"
"knexwriter\src\modules\Knexread\native-pdf-reader\knex-pdf-engine\text\TextCoordinateMapper.ts","26","SCALE","outputScale","outputScale?: number;"
"knexwriter\src\modules\Knexread\native-pdf-reader\knex-pdf-engine\text\TextCoordinateMapper.ts","29","BACKEND","fallback","function safeNumber(value: number | null | undefined, fallback = 0): number {"
"knexwriter\src\modules\Knexread\native-pdf-reader\knex-pdf-engine\text\TextCoordinateMapper.ts","32","BACKEND","fallback",": fallback;"
"knexwriter\src\modules\Knexread\native-pdf-reader\knex-pdf-engine\text\TextCoordinateMapper.ts","37","BACKEND","fallback","fallback = 1,"
"knexwriter\src\modules\Knexread\native-pdf-reader\knex-pdf-engine\text\TextCoordinateMapper.ts","39","BACKEND","fallback","return Math.max(1, safeNumber(value, fallback));"
"knexwriter\src\modules\Knexread\native-pdf-reader\knex-pdf-engine\text\TextCoordinateMapper.ts","44","BACKEND","fallback","fallback = 1,"
"knexwriter\src\modules\Knexread\native-pdf-reader\knex-pdf-engine\text\TextCoordinateMapper.ts","46","BACKEND","fallback","return Math.max(0.01, safeNumber(value, fallback));"
"knexwriter\src\modules\Knexread\native-pdf-reader\knex-pdf-engine\text\TextCoordinateMapper.ts","51","BACKEND","fallback","fallback = 1,"
"knexwriter\src\modules\Knexread\native-pdf-reader\knex-pdf-engine\text\TextCoordinateMapper.ts","53","BACKEND","fallback","return Math.max(0.01, safeNumber(value, fallback));"
"knexwriter\src\modules\Knexread\native-pdf-reader\knex-pdf-engine\text\TextCoordinateMapper.ts","101","TEXT","SemanticText","function getBlockRect(block: KnexPdfSemanticTextBlock): KnexPdfRect {"
"knexwriter\src\modules\Knexread\native-pdf-reader\knex-pdf-engine\text\TextCoordinateMapper.ts","112","SCALE","outputScale","outputScale?: number;"
"knexwriter\src\modules\Knexread\native-pdf-reader\knex-pdf-engine\text\TextCoordinateMapper.ts","114","SCALE","outputScale","const outputScale = positiveScale(input.outputScale, 1);"
"knexwriter\src\modules\Knexread\native-pdf-reader\knex-pdf-engine\text\TextCoordinateMapper.ts","114","SCALE","outputScale","const outputScale = positiveScale(input.outputScale, 1);"
"knexwriter\src\modules\Knexread\native-pdf-reader\knex-pdf-engine\text\TextCoordinateMapper.ts","117","SCALE","outputScale","x: safeNumber(input.point.x, 0) / outputScale,"
"knexwriter\src\modules\Knexread\native-pdf-reader\knex-pdf-engine\text\TextCoordinateMapper.ts","118","SCALE","outputScale","y: safeNumber(input.point.y, 0) / outputScale,"
"knexwriter\src\modules\Knexread\native-pdf-reader\knex-pdf-engine\text\TextCoordinateMapper.ts","124","SCALE","outputScale","outputScale?: number;"
"knexwriter\src\modules\Knexread\native-pdf-reader\knex-pdf-engine\text\TextCoordinateMapper.ts","126","SCALE","outputScale","const outputScale = positiveScale(input.outputScale, 1);"
"knexwriter\src\modules\Knexread\native-pdf-reader\knex-pdf-engine\text\TextCoordinateMapper.ts","126","SCALE","outputScale","const outputScale = positiveScale(input.outputScale, 1);"
"knexwriter\src\modules\Knexread\native-pdf-reader\knex-pdf-engine\text\TextCoordinateMapper.ts","130","SCALE","outputScale","x: rect.x / outputScale,"
"knexwriter\src\modules\Knexread\native-pdf-reader\knex-pdf-engine\text\TextCoordinateMapper.ts","187","TEXT","SemanticText","block: KnexPdfSemanticTextBlock;"
"knexwriter\src\modules\Knexread\native-pdf-reader\knex-pdf-engine\text\TextCoordinateMapper.ts","190","TEXT","SemanticText","}): KnexPdfSemanticTextBlock {"
"knexwriter\src\modules\Knexread\native-pdf-reader\knex-pdf-engine\text\TextCoordinateMapper.ts","207","TEXT","SemanticText","blocks: KnexPdfSemanticTextBlock[];"
"knexwriter\src\modules\Knexread\native-pdf-reader\knex-pdf-engine\text\TextCoordinateMapper.ts","210","TEXT","SemanticText","}): KnexPdfSemanticTextBlock[] {"
"knexwriter\src\modules\Knexread\native-pdf-reader\knex-pdf-engine\text\TextCoordinateMapper.ts","221","TEXT","SemanticText","blocks: KnexPdfSemanticTextBlock[];"
"knexwriter\src\modules\Knexread\native-pdf-reader\knex-pdf-engine\text\TextCoordinateMapper.ts","225","TEXT","SemanticText","}): KnexPdfSemanticTextBlock[] {"
"knexwriter\src\modules\Knexread\native-pdf-reader\knex-pdf-engine\text\TextCoordinateMapper.ts","239","TEXT","SemanticText","blocks: KnexPdfSemanticTextBlock[];"
"knexwriter\src\modules\Knexread\native-pdf-reader\knex-pdf-engine\text\TextCoordinateMapper.ts","243","TEXT","SemanticText","}): KnexPdfSemanticTextBlock | null {"
"knexwriter\src\modules\Knexread\native-pdf-reader\knex-pdf-engine\tiles\index.ts","2","SERVER","PdfResolvedTile","KnexPdfResolvedTileRenderMode,"
"knexwriter\src\modules\Knexread\native-pdf-reader\knex-pdf-engine\tiles\index.ts","3","BACKEND","Fallback","KnexPdfServerTileFallbackReason,"
"knexwriter\src\modules\Knexread\native-pdf-reader\knex-pdf-engine\tiles\index.ts","3","SERVER","PdfServerTile","KnexPdfServerTileFallbackReason,"
"knexwriter\src\modules\Knexread\native-pdf-reader\knex-pdf-engine\tiles\index.ts","4","SERVER","PdfTile","KnexPdfTileGeometry,"
"knexwriter\src\modules\Knexread\native-pdf-reader\knex-pdf-engine\tiles\index.ts","5","SERVER","PdfTile","KnexPdfTileIdentity,"
"knexwriter\src\modules\Knexread\native-pdf-reader\knex-pdf-engine\tiles\index.ts","6","SERVER","PdfTile","KnexPdfTileRect,"
"knexwriter\src\modules\Knexread\native-pdf-reader\knex-pdf-engine\tiles\index.ts","7","SERVER","PdfTile","KnexPdfTileStatus,"
"knexwriter\src\modules\Knexread\native-pdf-reader\knex-pdf-engine\tiles\index.ts","9","SERVER","PdfTile","export * from ""./PdfTileGeometry"";"
"knexwriter\src\modules\Knexread\native-pdf-reader\knex-pdf-engine\tiles\index.ts","10","LIFECYCLE","Cache","export * from ""./TileBitmapCache"";"
"knexwriter\src\modules\Knexread\native-pdf-reader\knex-pdf-engine\tiles\index.ts","12","SERVER","PdfTile","export * from ""./renderKnexPdfTileToCanvas"";"
"knexwriter\src\modules\Knexread\native-pdf-reader\knex-pdf-engine\tiles\PdfTileGeometry.ts","1","BACKEND","engine","import type { KnexPdfPageGeometry } from ""../core/engineTypes"";"
"knexwriter\src\modules\Knexread\native-pdf-reader\knex-pdf-engine\tiles\PdfTileGeometry.ts","2","SERVER","Controller","import type { KnexPdfRenderPhase } from ""../rendering/RenderQualityController"";"
"knexwriter\src\modules\Knexread\native-pdf-reader\knex-pdf-engine\tiles\PdfTileGeometry.ts","3","SERVER","PdfPageTile } from ""../rendering/Tile","import type { KnexPdfPageTile } from ""../rendering/TileGridCalculator"";"
"knexwriter\src\modules\Knexread\native-pdf-reader\knex-pdf-engine\tiles\PdfTileGeometry.ts","3","TILES","TileGrid","import type { KnexPdfPageTile } from ""../rendering/TileGridCalculator"";"
"knexwriter\src\modules\Knexread\native-pdf-reader\knex-pdf-engine\tiles\PdfTileGeometry.ts","4","SERVER","PdfTileGeometry, KnexPdfTileRect } from ""./Tile","import type { KnexPdfTileGeometry, KnexPdfTileRect } from ""./TileRenderTypes"";"
"knexwriter\src\modules\Knexread\native-pdf-reader\knex-pdf-engine\tiles\PdfTileGeometry.ts","6","SERVER","PdfTileRect(tile: KnexPdfPageTile): KnexPdfTile","export function toKnexPdfTileRect(tile: KnexPdfPageTile): KnexPdfTileRect {"
"knexwriter\src\modules\Knexread\native-pdf-reader\knex-pdf-engine\tiles\PdfTileGeometry.ts","20","SERVER","PdfTile","export function createKnexPdfTileGeometry(input: {"
"knexwriter\src\modules\Knexread\native-pdf-reader\knex-pdf-engine\tiles\PdfTileGeometry.ts","23","SERVER","PdfPageTile","tiles: KnexPdfPageTile[];"
"knexwriter\src\modules\Knexread\native-pdf-reader\knex-pdf-engine\tiles\PdfTileGeometry.ts","25","TILES","tileRows","tileRows?: number;"
"knexwriter\src\modules\Knexread\native-pdf-reader\knex-pdf-engine\tiles\PdfTileGeometry.ts","26","TILES","tileColumns","tileColumns?: number;"
"knexwriter\src\modules\Knexread\native-pdf-reader\knex-pdf-engine\tiles\PdfTileGeometry.ts","29","LIFECYCLE","renderVersion","renderVersion: number;"
"knexwriter\src\modules\Knexread\native-pdf-reader\knex-pdf-engine\tiles\PdfTileGeometry.ts","30","LIFECYCLE","RenderVersion","finalRenderVersion: number;"
"knexwriter\src\modules\Knexread\native-pdf-reader\knex-pdf-engine\tiles\PdfTileGeometry.ts","32","SERVER","PdfTile","}): KnexPdfTileGeometry {"
"knexwriter\src\modules\Knexread\native-pdf-reader\knex-pdf-engine\tiles\PdfTileGeometry.ts","42","SCALE","outputScale","outputScale: input.geometry.outputScale,"
"knexwriter\src\modules\Knexread\native-pdf-reader\knex-pdf-engine\tiles\PdfTileGeometry.ts","42","SCALE","outputScale","outputScale: input.geometry.outputScale,"
"knexwriter\src\modules\Knexread\native-pdf-reader\knex-pdf-engine\tiles\PdfTileGeometry.ts","45","TILES","tileRows","tileRows:"
"knexwriter\src\modules\Knexread\native-pdf-reader\knex-pdf-engine\tiles\PdfTileGeometry.ts","46","TILES","tileRows","input.tileRows ??"
"knexwriter\src\modules\Knexread\native-pdf-reader\knex-pdf-engine\tiles\PdfTileGeometry.ts","48","TILES","tileColumns","tileColumns:"
"knexwriter\src\modules\Knexread\native-pdf-reader\knex-pdf-engine\tiles\PdfTileGeometry.ts","49","TILES","tileColumns","input.tileColumns ??"
"knexwriter\src\modules\Knexread\native-pdf-reader\knex-pdf-engine\tiles\PdfTileGeometry.ts","57","LIFECYCLE","renderVersion","renderVersion: input.renderVersion,"
"knexwriter\src\modules\Knexread\native-pdf-reader\knex-pdf-engine\tiles\PdfTileGeometry.ts","57","LIFECYCLE","renderVersion","renderVersion: input.renderVersion,"
"knexwriter\src\modules\Knexread\native-pdf-reader\knex-pdf-engine\tiles\PdfTileGeometry.ts","58","LIFECYCLE","RenderVersion","finalRenderVersion: input.finalRenderVersion,"
"knexwriter\src\modules\Knexread\native-pdf-reader\knex-pdf-engine\tiles\PdfTileGeometry.ts","58","LIFECYCLE","RenderVersion","finalRenderVersion: input.finalRenderVersion,"
"knexwriter\src\modules\Knexread\native-pdf-reader\knex-pdf-engine\tiles\PdfTileGeometry.ts","59","SERVER","PdfTile","tiles: input.tiles.map(toKnexPdfTileRect),"
"knexwriter\src\modules\Knexread\native-pdf-reader\knex-pdf-engine\tiles\renderKnexPdfTileToCanvas.ts","2","SERVER","PdfTile","renderKnexPdfTileToCanvas,"
"knexwriter\src\modules\Knexread\native-pdf-reader\knex-pdf-engine\tiles\renderKnexPdfTileToCanvas.ts","3","SERVER","PdfRenderedTile","type KnexPdfRenderedTile,"
"knexwriter\src\modules\Knexread\native-pdf-reader\knex-pdf-engine\tiles\renderKnexPdfTileToCanvas.ts","4","SERVER","PdfTile","type KnexPdfTileSessionLike,"
"knexwriter\src\modules\Knexread\native-pdf-reader\knex-pdf-engine\tiles\renderKnexPdfTileToCanvas.ts","5","SERVER","PdfTile","type RenderKnexPdfTileToCanvasInput,"
"knexwriter\src\modules\Knexread\native-pdf-reader\knex-pdf-engine\tiles\renderKnexPdfTileToCanvas.ts","6","BACKEND","Renderer","} from ""../rendering/PdfJsTileRenderer"";"
"knexwriter\src\modules\Knexread\native-pdf-reader\knex-pdf-engine\tiles\renderKnexPdfTileToCanvas.ts","6","SERVER","PdfJsTile","} from ""../rendering/PdfJsTileRenderer"";"
"knexwriter\src\modules\Knexread\native-pdf-reader\knex-pdf-engine\tiles\resolveTileRenderMode.ts","2","SERVER","PdfResolvedTile","KnexPdfResolvedTileRenderMode,"
"knexwriter\src\modules\Knexread\native-pdf-reader\knex-pdf-engine\tiles\resolveTileRenderMode.ts","10","SERVER","PdfResolvedTile","}): KnexPdfResolvedTileRenderMode {"
"knexwriter\src\modules\Knexread\native-pdf-reader\knex-pdf-engine\tiles\resolveTileRenderMode.ts","15","SERVER","RenderMode === ""server","if (input.visualRenderMode === ""server-tiled"") {"
"knexwriter\src\modules\Knexread\native-pdf-reader\knex-pdf-engine\tiles\TileBitmapCache.ts","1","LIFECYCLE","Cache","export type TileBitmapCacheOptions<TValue> = {"
"knexwriter\src\modules\Knexread\native-pdf-reader\knex-pdf-engine\tiles\TileBitmapCache.ts","5","LIFECYCLE","dispose","dispose?: (value: TValue, key: string) => void;"
"knexwriter\src\modules\Knexread\native-pdf-reader\knex-pdf-engine\tiles\TileBitmapCache.ts","8","LIFECYCLE","Cache","type TileBitmapCacheEntry<TValue> = {"
"knexwriter\src\modules\Knexread\native-pdf-reader\knex-pdf-engine\tiles\TileBitmapCache.ts","33","LIFECYCLE","Cache","export class TileBitmapCache<TValue> {"
"knexwriter\src\modules\Knexread\native-pdf-reader\knex-pdf-engine\tiles\TileBitmapCache.ts","37","LIFECYCLE","dispose","private readonly dispose?: (value: TValue, key: string) => void;"
"knexwriter\src\modules\Knexread\native-pdf-reader\knex-pdf-engine\tiles\TileBitmapCache.ts","38","LIFECYCLE","Cache","private readonly entries = new Map<string, TileBitmapCacheEntry<TValue>>();"
"knexwriter\src\modules\Knexread\native-pdf-reader\knex-pdf-engine\tiles\TileBitmapCache.ts","38","LIFECYCLE","Map<","private readonly entries = new Map<string, TileBitmapCacheEntry<TValue>>();"
"knexwriter\src\modules\Knexread\native-pdf-reader\knex-pdf-engine\tiles\TileBitmapCache.ts","41","LIFECYCLE","Cache","constructor(options: TileBitmapCacheOptions<TValue> = {}) {"
"knexwriter\src\modules\Knexread\native-pdf-reader\knex-pdf-engine\tiles\TileBitmapCache.ts","46","LIFECYCLE","dispose","this.dispose = options.dispose;"
"knexwriter\src\modules\Knexread\native-pdf-reader\knex-pdf-engine\tiles\TileBitmapCache.ts","46","LIFECYCLE","dispose","this.dispose = options.dispose;"
"knexwriter\src\modules\Knexread\native-pdf-reader\knex-pdf-engine\tiles\tileCoordinateUtils.ts","2","SERVER","PdfTile","KnexPdfTileIdentity,"
"knexwriter\src\modules\Knexread\native-pdf-reader\knex-pdf-engine\tiles\tileCoordinateUtils.ts","3","SERVER","PdfTile","KnexPdfTileRect,"
"knexwriter\src\modules\Knexread\native-pdf-reader\knex-pdf-engine\tiles\tileCoordinateUtils.ts","6","BACKEND","fallback","function safeNumber(value: number | null | undefined, fallback = 0): number {"
"knexwriter\src\modules\Knexread\native-pdf-reader\knex-pdf-engine\tiles\tileCoordinateUtils.ts","9","BACKEND","fallback",": fallback;"
"knexwriter\src\modules\Knexread\native-pdf-reader\knex-pdf-engine\tiles\tileCoordinateUtils.ts","21","SERVER","PdfTile","export function createKnexPdfTileId(input: {"
"knexwriter\src\modules\Knexread\native-pdf-reader\knex-pdf-engine\tiles\tileCoordinateUtils.ts","26","SCALE","outputScale","outputScale: number;"
"knexwriter\src\modules\Knexread\native-pdf-reader\knex-pdf-engine\tiles\tileCoordinateUtils.ts","33","SCALE","outputScale","`s${normalizeNumber(input.outputScale, 2)}`,"
"knexwriter\src\modules\Knexread\native-pdf-reader\knex-pdf-engine\tiles\tileCoordinateUtils.ts","37","SERVER","PdfTileCacheKey(identity: KnexPdfTile","export function createKnexPdfTileCacheKey(identity: KnexPdfTileIdentity) {"
"knexwriter\src\modules\Knexread\native-pdf-reader\knex-pdf-engine\tiles\tileCoordinateUtils.ts","37","LIFECYCLE","Cache","export function createKnexPdfTileCacheKey(identity: KnexPdfTileIdentity) {"
"knexwriter\src\modules\Knexread\native-pdf-reader\knex-pdf-engine\tiles\tileCoordinateUtils.ts","50","SCALE","outputScale","`os=${normalizeNumber(identity.outputScale)}`,"
"knexwriter\src\modules\Knexread\native-pdf-reader\knex-pdf-engine\tiles\tileCoordinateUtils.ts","53","LIFECYCLE","renderVersion","`rv=${identity.renderVersion}`,"
"knexwriter\src\modules\Knexread\native-pdf-reader\knex-pdf-engine\tiles\tileCoordinateUtils.ts","54","LIFECYCLE","RenderVersion","`fv=${identity.finalRenderVersion}`,"
"knexwriter\src\modules\Knexread\native-pdf-reader\knex-pdf-engine\tiles\tileCoordinateUtils.ts","55","BACKEND","backend","`be=${identity.backend}`,"
"knexwriter\src\modules\Knexread\native-pdf-reader\knex-pdf-engine\tiles\tileCoordinateUtils.ts","60","SERVER","PdfTileRect(input: KnexPdfTileRect): KnexPdfTile","export function normalizeKnexPdfTileRect(input: KnexPdfTileRect): KnexPdfTileRect {"
"knexwriter\src\modules\Knexread\native-pdf-reader\knex-pdf-engine\tiles\tileRenderQualityPolicy.ts","1","SERVER","Controller","import type { KnexPdfRenderPhase } from ""../rendering/RenderQualityController"";"
"knexwriter\src\modules\Knexread\native-pdf-reader\knex-pdf-engine\tiles\tileRenderQualityPolicy.ts","3","SERVER","PdfTile","export type KnexPdfTileQualityPolicy = {"
"knexwriter\src\modules\Knexread\native-pdf-reader\knex-pdf-engine\tiles\tileRenderQualityPolicy.ts","4","SCALE","OutputScale","localMaxOutputScale: number;"
"knexwriter\src\modules\Knexread\native-pdf-reader\knex-pdf-engine\tiles\tileRenderQualityPolicy.ts","11","SERVER","PdfTile","}): KnexPdfTileQualityPolicy {"
"knexwriter\src\modules\Knexread\native-pdf-reader\knex-pdf-engine\tiles\tileRenderQualityPolicy.ts","14","SCALE","OutputScale","localMaxOutputScale: input.ultra ? 4.5 : 4,"
"knexwriter\src\modules\Knexread\native-pdf-reader\knex-pdf-engine\tiles\tileRenderQualityPolicy.ts","21","SCALE","OutputScale","localMaxOutputScale: 2.5,"
"knexwriter\src\modules\Knexread\native-pdf-reader\knex-pdf-engine\tiles\tileRenderQualityPolicy.ts","27","SCALE","OutputScale","localMaxOutputScale: 2,"
"knexwriter\src\modules\Knexread\native-pdf-reader\knex-pdf-engine\tiles\TileRenderScheduler.ts","5","LIFECYCLE","Abort","signal?: AbortSignal;"
"knexwriter\src\modules\Knexread\native-pdf-reader\knex-pdf-engine\tiles\TileRenderScheduler.ts","9","LIFECYCLE","abort","abortListener?: () => void;"
"knexwriter\src\modules\Knexread\native-pdf-reader\knex-pdf-engine\tiles\TileRenderScheduler.ts","16","LIFECYCLE","Abort","function createAbortError() {"
"knexwriter\src\modules\Knexread\native-pdf-reader\knex-pdf-engine\tiles\TileRenderScheduler.ts","17","LIFECYCLE","abort","return new DOMException(""Tile render aborted."", ""AbortError"");"
"knexwriter\src\modules\Knexread\native-pdf-reader\knex-pdf-engine\tiles\TileRenderScheduler.ts","17","LIFECYCLE","Abort","return new DOMException(""Tile render aborted."", ""AbortError"");"
"knexwriter\src\modules\Knexread\native-pdf-reader\knex-pdf-engine\tiles\TileRenderScheduler.ts","41","LIFECYCLE","Abort","signal?: AbortSignal;"
"knexwriter\src\modules\Knexread\native-pdf-reader\knex-pdf-engine\tiles\TileRenderScheduler.ts","44","LIFECYCLE","abort","if (input.signal?.aborted) {"
"knexwriter\src\modules\Knexread\native-pdf-reader\knex-pdf-engine\tiles\TileRenderScheduler.ts","45","LIFECYCLE","Abort","return Promise.reject(createAbortError());"
"knexwriter\src\modules\Knexread\native-pdf-reader\knex-pdf-engine\tiles\TileRenderScheduler.ts","62","LIFECYCLE","abort","task.abortListener = () => {"
"knexwriter\src\modules\Knexread\native-pdf-reader\knex-pdf-engine\tiles\TileRenderScheduler.ts","64","LIFECYCLE","Abort","reject(createAbortError());"
"knexwriter\src\modules\Knexread\native-pdf-reader\knex-pdf-engine\tiles\TileRenderTypes.ts","1","SERVER","Controller","import type { KnexPdfRenderPhase } from ""../rendering/RenderQualityController"";"
"knexwriter\src\modules\Knexread\native-pdf-reader\knex-pdf-engine\tiles\TileRenderTypes.ts","8","SERVER","PdfTile","export type KnexPdfTileStatus ="
"knexwriter\src\modules\Knexread\native-pdf-reader\knex-pdf-engine\tiles\TileRenderTypes.ts","14","LIFECYCLE","cancelled","| ""cancelled"""
"knexwriter\src\modules\Knexread\native-pdf-reader\knex-pdf-engine\tiles\TileRenderTypes.ts","15","LIFECYCLE","stale","| ""stale"";"
"knexwriter\src\modules\Knexread\native-pdf-reader\knex-pdf-engine\tiles\TileRenderTypes.ts","17","SERVER","PdfTile","export type KnexPdfTileRect = {"
"knexwriter\src\modules\Knexread\native-pdf-reader\knex-pdf-engine\tiles\TileRenderTypes.ts","29","SERVER","PdfTile","export type KnexPdfTileGeometry = {"
"knexwriter\src\modules\Knexread\native-pdf-reader\knex-pdf-engine\tiles\TileRenderTypes.ts","38","SCALE","outputScale","outputScale: number;"
"knexwriter\src\modules\Knexread\native-pdf-reader\knex-pdf-engine\tiles\TileRenderTypes.ts","41","TILES","tileRows","tileRows: number;"
"knexwriter\src\modules\Knexread\native-pdf-reader\knex-pdf-engine\tiles\TileRenderTypes.ts","42","TILES","tileColumns","tileColumns: number;"
"knexwriter\src\modules\Knexread\native-pdf-reader\knex-pdf-engine\tiles\TileRenderTypes.ts","45","LIFECYCLE","renderVersion","renderVersion: number;"
"knexwriter\src\modules\Knexread\native-pdf-reader\knex-pdf-engine\tiles\TileRenderTypes.ts","46","LIFECYCLE","RenderVersion","finalRenderVersion: number;"
"knexwriter\src\modules\Knexread\native-pdf-reader\knex-pdf-engine\tiles\TileRenderTypes.ts","47","SERVER","PdfTile","tiles: KnexPdfTileRect[];"
"knexwriter\src\modules\Knexread\native-pdf-reader\knex-pdf-engine\tiles\TileRenderTypes.ts","50","SERVER","PdfTile","export type KnexPdfTileIdentity = {"
"knexwriter\src\modules\Knexread\native-pdf-reader\knex-pdf-engine\tiles\TileRenderTypes.ts","61","SCALE","outputScale","outputScale: number;"
"knexwriter\src\modules\Knexread\native-pdf-reader\knex-pdf-engine\tiles\TileRenderTypes.ts","64","LIFECYCLE","renderVersion","renderVersion: number;"
"knexwriter\src\modules\Knexread\native-pdf-reader\knex-pdf-engine\tiles\TileRenderTypes.ts","65","LIFECYCLE","RenderVersion","finalRenderVersion: number;"
"knexwriter\src\modules\Knexread\native-pdf-reader\knex-pdf-engine\tiles\TileRenderTypes.ts","66","BACKEND","backend","backend: string;"
"knexwriter\src\modules\Knexread\native-pdf-reader\knex-pdf-engine\tiles\TileRenderTypes.ts","70","SERVER","PdfResolvedTile","export type KnexPdfResolvedTileRenderMode ="
"knexwriter\src\modules\Knexread\native-pdf-reader\knex-pdf-engine\tiles\TileRenderTypes.ts","74","SERVER","PdfServerTile","export type KnexPdfServerTileFallbackReason ="
"knexwriter\src\modules\Knexread\native-pdf-reader\knex-pdf-engine\tiles\TileRenderTypes.ts","74","BACKEND","Fallback","export type KnexPdfServerTileFallbackReason ="
"knexwriter\src\modules\Knexread\native-pdf-reader\knex-pdf-engine\tiles\TileRenderTypes.ts","81","BACKEND","renderer","| ""native-renderer-unavailable"""
"knexwriter\src\modules\Knexread\native-pdf-reader\knex-pdf-engine\viewport\HorizontalOverflowController.ts","1","BACKEND","engine","import type { KnexPdfHorizontalOverflowState } from ""../core/engineTypes"";"
"knexwriter\src\modules\Knexread\native-pdf-reader\knex-pdf-engine\viewport\HorizontalOverflowController.ts","81","SERVER","Controller","* Deve chamar rulerScrollSyncController.sync() imediatamente após alteração"
"knexwriter\src\modules\Knexread\native-pdf-reader\knex-pdf-engine\viewport\HorizontalOverflowController.ts","155","BACKEND","fallback","fallback = 0,"
"knexwriter\src\modules\Knexread\native-pdf-reader\knex-pdf-engine\viewport\HorizontalOverflowController.ts","159","BACKEND","fallback",": fallback;"
"knexwriter\src\modules\Knexread\native-pdf-reader\knex-pdf-engine\viewport\HorizontalOverflowController.ts","209","SERVER","Controller","* - Usa activeContentCenterX, que deve vir do ZoomCenterAnchorController"
"knexwriter\src\modules\Knexread\native-pdf-reader\knex-pdf-engine\viewport\HorizontalOverflowController.ts","210","BACKEND","Engine","*   ou do PageLayoutEngine."
"knexwriter\src\modules\Knexread\native-pdf-reader\knex-pdf-engine\viewport\HorizontalOverflowController.ts","302","BACKEND","engine","* para evitar conflito com engineTypes existentes."
"knexwriter\src\modules\Knexread\native-pdf-reader\knex-pdf-engine\viewport\HorizontalOverflowController.ts","367","SERVER","Controller","* O HorizontalOverflowController não deve recentralizar depois dele,"
"knexwriter\src\modules\Knexread\native-pdf-reader\knex-pdf-engine\viewport\HorizontalOverflowController.ts","564","SCALE","getBoundingClientRect","* Mede a largura real do conteúdo usando getBoundingClientRect."
"knexwriter\src\modules\Knexread\native-pdf-reader\knex-pdf-engine\viewport\HorizontalOverflowController.ts","571","SCALE","getBoundingClientRect","const rect = contentEl.getBoundingClientRect();"
"knexwriter\src\modules\Knexread\native-pdf-reader\knex-pdf-engine\viewport\HorizontalOverflowController.ts","578","BACKEND","Engine","* Essa função é útil quando o PageLayoutEngine já criou um contentEl limpo,"
"knexwriter\src\modules\Knexread\native-pdf-reader\knex-pdf-engine\viewport\HorizontalOverflowController.ts","616","SERVER","Controller","export class HorizontalOverflowController {"
"knexwriter\src\modules\Knexread\native-pdf-reader\knex-pdf-engine\viewport\HorizontalOverflowController.ts","673","SERVER","Controller","* 2. ZoomController calcula nextZoom."
"knexwriter\src\modules\Knexread\native-pdf-reader\knex-pdf-engine\viewport\HorizontalOverflowController.ts","676","SERVER","Controller","* 5. HorizontalOverflowController roda com:"
"knexwriter\src\modules\Knexread\native-pdf-reader\knex-pdf-engine\viewport\HorizontalOverflowController.ts","678","SERVER","Controller","* horizontalOverflowController.updateFromContentElement({"
"knexwriter\src\modules\Knexread\native-pdf-reader\knex-pdf-engine\viewport\HorizontalOverflowController.ts","686","SERVER","Controller","* 6. RulerScrollSyncController sincroniza a régua no onAfterScroll."
"knexwriter\src\modules\Knexread\native-pdf-reader\knex-pdf-engine\viewport\HorizontalOverflowController.ts","688","SERVER","Controller","* Isso impede o HorizontalOverflowController de sobrescrever o scrollLeft"
"knexwriter\src\modules\Knexread\native-pdf-reader\knex-pdf-engine\viewport\ScrollCoordinator.ts","4","BACKEND","Engine","* Coordenador profissional de scroll/viewport para o KnexPDF Engine."
"knexwriter\src\modules\Knexread\native-pdf-reader\knex-pdf-engine\viewport\ScrollCoordinator.ts","142","SERVER","Controller","* Exemplo: rulerScrollSyncController.sync();"
"knexwriter\src\modules\Knexread\native-pdf-reader\knex-pdf-engine\viewport\ScrollCoordinator.ts","206","LIFECYCLE","Stale","allowInteractiveStaleTransaction?: boolean;"
"knexwriter\src\modules\Knexread\native-pdf-reader\knex-pdf-engine\viewport\ScrollCoordinator.ts","212","LIFECYCLE","STALE","const MAX_INTERACTIVE_STALE_LAYOUT_DRIFT = 3;"
"knexwriter\src\modules\Knexread\native-pdf-reader\knex-pdf-engine\viewport\ScrollCoordinator.ts","219","BACKEND","fallback","* são opcionais. Quando a âncora não vem informada, usamos fallback seguro,"
"knexwriter\src\modules\Knexread\native-pdf-reader\knex-pdf-engine\viewport\ScrollCoordinator.ts","224","BACKEND","fallback","fallback = 0,"
"knexwriter\src\modules\Knexread\native-pdf-reader\knex-pdf-engine\viewport\ScrollCoordinator.ts","228","BACKEND","fallback",": fallback;"
"knexwriter\src\modules\Knexread\native-pdf-reader\knex-pdf-engine\viewport\ScrollCoordinator.ts","443","SCALE","getBoundingClientRect","const rect = input.viewportEl.getBoundingClientRect();"
"knexwriter\src\modules\Knexread\native-pdf-reader\knex-pdf-engine\viewport\ScrollCoordinator.ts","511","SCALE","scaleX","const scaleX = nextContentWidth / previousContentWidth;"
"knexwriter\src\modules\Knexread\native-pdf-reader\knex-pdf-engine\viewport\ScrollCoordinator.ts","512","SCALE","scaleY","const scaleY = nextContentHeight / previousContentHeight;"
"knexwriter\src\modules\Knexread\native-pdf-reader\knex-pdf-engine\viewport\ScrollCoordinator.ts","518","BACKEND","Fallback","* Fallback:"
"knexwriter\src\modules\Knexread\native-pdf-reader\knex-pdf-engine\viewport\ScrollCoordinator.ts","522","SCALE","scaleX","input.anchor.contentX * scaleX,"
"knexwriter\src\modules\Knexread\native-pdf-reader\knex-pdf-engine\viewport\ScrollCoordinator.ts","527","SCALE","scaleY","input.anchor.contentY * scaleY,"
"knexwriter\src\modules\Knexread\native-pdf-reader\knex-pdf-engine\viewport\ScrollCoordinator.ts","649","LIFECYCLE","Stale","allowInteractiveStaleTransaction?: boolean;"
"knexwriter\src\modules\Knexread\native-pdf-reader\knex-pdf-engine\viewport\ScrollCoordinator.ts","666","LIFECYCLE","Stale","input.allowInteractiveStaleTransaction ?? true;"
"knexwriter\src\modules\Knexread\native-pdf-reader\knex-pdf-engine\viewport\ScrollCoordinator.ts","682","LIFECYCLE","STALE","versionDrift <= MAX_INTERACTIVE_STALE_LAYOUT_DRIFT"
"knexwriter\src\modules\Knexread\native-pdf-reader\knex-pdf-engine\viewport\ScrollCoordinator.ts","738","LIFECYCLE","Stale","allowInteractiveStaleTransaction: input.allowInteractiveStaleTransaction,"
"knexwriter\src\modules\Knexread\native-pdf-reader\knex-pdf-engine\viewport\ScrollCoordinator.ts","738","LIFECYCLE","Stale","allowInteractiveStaleTransaction: input.allowInteractiveStaleTransaction,"
"knexwriter\src\modules\Knexread\native-pdf-reader\knex-pdf-engine\viewport\ScrollCoordinator.ts","797","LIFECYCLE","Stale","allowInteractiveStaleTransaction: true,"
"knexwriter\src\modules\Knexread\native-pdf-reader\knex-pdf-engine\viewport\ZoomCenterAnchorController.ts","1","BACKEND","engine","import type { KnexPdfZoomCenterAnchor } from ""../core/engineTypes"";"
"knexwriter\src\modules\Knexread\native-pdf-reader\knex-pdf-engine\viewport\ZoomCenterAnchorController.ts","68","TILES","gap","* página original + gap + folha traduzida."
"knexwriter\src\modules\Knexread\native-pdf-reader\knex-pdf-engine\viewport\ZoomCenterAnchorController.ts","75","TILES","gap","* sourcePageWidth + gap + translationPageWidth."
"knexwriter\src\modules\Knexread\native-pdf-reader\knex-pdf-engine\viewport\ZoomCenterAnchorController.ts","128","BACKEND","Runtime","type RuntimeZoomCenterAnchor = KnexPdfZoomCenterAnchor & {"
"knexwriter\src\modules\Knexread\native-pdf-reader\knex-pdf-engine\viewport\ZoomCenterAnchorController.ts","169","BACKEND","fallback","fallback = 0,"
"knexwriter\src\modules\Knexread\native-pdf-reader\knex-pdf-engine\viewport\ZoomCenterAnchorController.ts","173","BACKEND","fallback",": fallback;"
"knexwriter\src\modules\Knexread\native-pdf-reader\knex-pdf-engine\viewport\ZoomCenterAnchorController.ts","284","BACKEND","Runtime","anchor: RuntimeZoomCenterAnchor;"
"knexwriter\src\modules\Knexread\native-pdf-reader\knex-pdf-engine\viewport\ZoomCenterAnchorController.ts","335","BACKEND","fallback","fallbackX: number;"
"knexwriter\src\modules\Knexread\native-pdf-reader\knex-pdf-engine\viewport\ZoomCenterAnchorController.ts","336","BACKEND","fallback","fallbackY: number;"
"knexwriter\src\modules\Knexread\native-pdf-reader\knex-pdf-engine\viewport\ZoomCenterAnchorController.ts","340","BACKEND","fallback","x: safeNumber(input.fallbackX, input.bounds.left + input.bounds.width / 2),"
"knexwriter\src\modules\Knexread\native-pdf-reader\knex-pdf-engine\viewport\ZoomCenterAnchorController.ts","341","BACKEND","fallback","y: safeNumber(input.fallbackY, input.bounds.top + input.bounds.height / 2),"
"knexwriter\src\modules\Knexread\native-pdf-reader\knex-pdf-engine\viewport\ZoomCenterAnchorController.ts","359","BACKEND","fallback","fallbackContentCenterX: number;"
"knexwriter\src\modules\Knexread\native-pdf-reader\knex-pdf-engine\viewport\ZoomCenterAnchorController.ts","635","SERVER","Controller","* Útil para HorizontalOverflowController e RulerScrollSyncController."
"knexwriter\src\modules\Knexread\native-pdf-reader\knex-pdf-engine\viewport\ZoomCenterAnchorController.ts","635","SERVER","Controller","* Útil para HorizontalOverflowController e RulerScrollSyncController."
"knexwriter\src\modules\Knexread\native-pdf-reader\knex-pdf-engine\viewport\ZoomController.ts","1","BACKEND","engine","import { KNEX_PDF_MAX_ZOOM, KNEX_PDF_MIN_ZOOM } from ""../core/engineConfig"";"
"knexwriter\src\modules\Knexread\native-pdf-reader\knex-pdf-engine\viewport\ZoomController.ts","134","BACKEND","fallback","fallbackZoom?: number;"
"knexwriter\src\modules\Knexread\native-pdf-reader\knex-pdf-engine\viewport\ZoomController.ts","192","BACKEND","fallback","fallback = 0,"
"knexwriter\src\modules\Knexread\native-pdf-reader\knex-pdf-engine\viewport\ZoomController.ts","196","BACKEND","fallback",": fallback;"
"knexwriter\src\modules\Knexread\native-pdf-reader\knex-pdf-engine\viewport\ZoomController.ts","224","BACKEND","engine","* Limita o zoom real pela configuração global do engine."
"knexwriter\src\modules\Knexread\native-pdf-reader\knex-pdf-engine\viewport\ZoomController.ts","227","BACKEND","engine","* Para permitir 8000%, o engineConfig deve conter:"
"knexwriter\src\modules\Knexread\native-pdf-reader\knex-pdf-engine\viewport\ZoomController.ts","637","BACKEND","fallback","const fallbackZoom = clampKnexPdfZoom(input.fallbackZoom ?? 1);"
"knexwriter\src\modules\Knexread\native-pdf-reader\knex-pdf-engine\viewport\ZoomController.ts","637","BACKEND","fallback","const fallbackZoom = clampKnexPdfZoom(input.fallbackZoom ?? 1);"
"knexwriter\src\modules\Knexread\native-pdf-reader\knex-pdf-engine\viewport\ZoomController.ts","644","BACKEND","fallback","return fallbackZoom;"
"knexwriter\src\modules\Knexread\native-pdf-reader\knex-pdf-engine\viewport\ZoomController.ts","655","BACKEND","fallback","return fallbackZoom;"
"knexwriter\src\modules\Knexread\native-pdf-reader\knex-pdf-engine\viewport\ZoomController.ts","688","SERVER","Controller","export class ZoomController {"
"knexwriter\src\modules\Knexread\native-pdf-reader\knex-pdf-engine\viewport\ZoomController.ts","773","SERVER","Controller","* 2. O ZoomController calcula o novo zoom real com microvariação preservada."
"knexwriter\src\modules\Knexread\native-pdf-reader\knex-pdf-engine\visualRenderMode.ts","1","SERVER","PdfVisualRenderMode } from ""./tiles/Tile","import type { KnexPdfVisualRenderMode } from ""./tiles/TileRenderTypes"";"
"knexwriter\src\modules\Knexread\native-pdf-reader\knex-pdf-engine\visualRenderMode.ts","3","SERVER","PdfVisualRenderMode } from ""./tiles/Tile","export type { KnexPdfVisualRenderMode } from ""./tiles/TileRenderTypes"";"
"knexwriter\src\modules\Knexread\native-pdf-reader\knex-pdf-engine\workers\WorkerMessageTypes.ts","2","LIFECYCLE","renderVersion","| { type: ""render-page""; pageNumber: number; renderVersion: number }"
"knexwriter\src\modules\Knexread\native-pdf-reader\knex-pdf-engine\workers\WorkerMessageTypes.ts","3","LIFECYCLE","renderVersion","| { type: ""cancel-render""; renderVersion: number };"
"knexwriter\src\modules\Knexread\native-pdf-reader\knex-pdf-engine\workers\WorkerMessageTypes.ts","6","LIFECYCLE","renderVersion","| { type: ""render-complete""; pageNumber: number; renderVersion: number }"
"knexwriter\src\modules\Knexread\native-pdf-reader\knex-pdf-engine\workers\WorkerMessageTypes.ts","7","LIFECYCLE","renderVersion","| { type: ""render-error""; pageNumber: number; renderVersion: number; message: string };"
"knexwriter\src\modules\Knexread\native-pdf-reader\knex-pdf-engine\workers\WorkerPoolController.ts","1","SERVER","Controller","export class WorkerPoolController {"
"knexwriter\src\modules\Knexread\native-pdf-reader\services\extraction\pdfGeoTextMapping.service.ts","2","BACKEND","engine","import type { KnexPdfTextBlock as PdfTextBlock } from ""../../knex-pdf-engine"";"
"knexwriter\src\modules\Knexread\native-pdf-reader\services\extraction\pdfGeoTextMapping.service.ts","77","TEXT","fontFamily","fontFamily: block.fontFamily,"
"knexwriter\src\modules\Knexread\native-pdf-reader\services\extraction\pdfGeoTextMapping.service.ts","77","TEXT","fontFamily","fontFamily: block.fontFamily,"
"knexwriter\src\modules\Knexread\native-pdf-reader\services\extraction\pdfOcrPipeline.service.ts","1","SERVER","service","import { toNormalizedPageRect, type PdfNormalizedRect } from ""../rendering/pdfCoordinateSystem.service"";"
"knexwriter\src\modules\Knexread\native-pdf-reader\services\index.ts","1","SERVER","service","export * from ""./pdfAnnotation.service"";"
"knexwriter\src\modules\Knexread\native-pdf-reader\services\index.ts","2","SERVER","service","export * from ""./pdfCitation.service"";"
"knexwriter\src\modules\Knexread\native-pdf-reader\services\index.ts","3","SERVER","service","export * from ""./pdfFileStorage.service"";"
"knexwriter\src\modules\Knexread\native-pdf-reader\services\index.ts","4","SERVER","service","export * from ""./pdfHighlight.service"";"
"knexwriter\src\modules\Knexread\native-pdf-reader\services\index.ts","5","SERVER","service","export * from ""./pdfLoader.service"";"
"knexwriter\src\modules\Knexread\native-pdf-reader\services\index.ts","6","SERVER","service","export * from ""./pdfMetadata.service"";"
"knexwriter\src\modules\Knexread\native-pdf-reader\services\index.ts","7","SERVER","service","export * from ""./pdfTextExtraction.service"";"
"knexwriter\src\modules\Knexread\native-pdf-reader\services\index.ts","8","SERVER","service","export * from ""./extraction/pdfGeoTextMapping.service"";"
"knexwriter\src\modules\Knexread\native-pdf-reader\services\index.ts","9","SERVER","service","export * from ""./extraction/pdfOcrPipeline.service"";"
"knexwriter\src\modules\Knexread\native-pdf-reader\services\index.ts","12","SERVER","service","export * from ""./translation/translationLayerCore.service"";"
"knexwriter\src\modules\Knexread\native-pdf-reader\services\index.ts","14","BACKEND","Engine","export * from ""./reconstruction/reconstructionEngine.service"";"
"knexwriter\src\modules\Knexread\native-pdf-reader\services\pdfLoader.service.ts","5","PDFJS","PdfPageProxy","type PdfPageProxy = {"
"knexwriter\src\modules\Knexread\native-pdf-reader\services\pdfLoader.service.ts","6","RENDER","getViewport","getViewport: (params: { scale: number }) => {"
"knexwriter\src\modules\Knexread\native-pdf-reader\services\pdfLoader.service.ts","13","TEXT","getTextContent","getTextContent: (params?: {"
"knexwriter\src\modules\Knexread\native-pdf-reader\services\pdfLoader.service.ts","22","TEXT","fontName","fontName?: string;"
"knexwriter\src\modules\Knexread\native-pdf-reader\services\pdfLoader.service.ts","24","TEXT","fontFamily","styles?: Record<string, { fontFamily?: string }>;"
"knexwriter\src\modules\Knexread\native-pdf-reader\services\pdfLoader.service.ts","27","RENDER","canvasContext","canvasContext: CanvasRenderingContext2D;"
"knexwriter\src\modules\Knexread\native-pdf-reader\services\pdfLoader.service.ts","44","PDFJS","PdfDocumentProxy","type PdfDocumentProxy = {"
"knexwriter\src\modules\Knexread\native-pdf-reader\services\pdfLoader.service.ts","46","PDFJS","PdfPageProxy","getPage: (pageNumber: number) => Promise<PdfPageProxy>;"
"knexwriter\src\modules\Knexread\native-pdf-reader\services\pdfLoader.service.ts","97","PDFJS","workerSrc","GlobalWorkerOptions?: { workerSrc?: string };"
"knexwriter\src\modules\Knexread\native-pdf-reader\services\pdfLoader.service.ts","97","PDFJS","GlobalWorkerOptions","GlobalWorkerOptions?: { workerSrc?: string };"
"knexwriter\src\modules\Knexread\native-pdf-reader\services\pdfLoader.service.ts","108","PDFJS","PdfDocumentProxy","pdf: PdfDocumentProxy;"
"knexwriter\src\modules\Knexread\native-pdf-reader\services\pdfLoader.service.ts","117","PDFJS","pdfjsLib","const candidate = (window as unknown as { pdfjsLib?: unknown }).pdfjsLib;"
"knexwriter\src\modules\Knexread\native-pdf-reader\services\pdfLoader.service.ts","117","PDFJS","pdfjsLib","const candidate = (window as unknown as { pdfjsLib?: unknown }).pdfjsLib;"
"knexwriter\src\modules\Knexread\native-pdf-reader\services\pdfLoader.service.ts","121","BACKEND","runtime","const runtime = candidate as Partial<PdfJsModule>;"
"knexwriter\src\modules\Knexread\native-pdf-reader\services\pdfLoader.service.ts","123","BACKEND","runtime","return typeof runtime.getDocument === ""function"""
"knexwriter\src\modules\Knexread\native-pdf-reader\services\pdfLoader.service.ts","124","BACKEND","runtime","? (runtime as PdfJsModule)"
"knexwriter\src\modules\Knexread\native-pdf-reader\services\pdfLoader.service.ts","134","BACKEND","Runtime","function isLegacyPdfJsRuntime(module: PdfJsModule) {"
"knexwriter\src\modules\Knexread\native-pdf-reader\services\pdfLoader.service.ts","138","PDFJS","PdfWorker","function configurePdfWorker(module: PdfJsModule) {"
"knexwriter\src\modules\Knexread\native-pdf-reader\services\pdfLoader.service.ts","139","PDFJS","GlobalWorkerOptions","if (!module.GlobalWorkerOptions) return;"
"knexwriter\src\modules\Knexread\native-pdf-reader\services\pdfLoader.service.ts","143","BACKEND","Runtime","const isLegacyRuntime = isLegacyPdfJsRuntime(module);"
"knexwriter\src\modules\Knexread\native-pdf-reader\services\pdfLoader.service.ts","143","BACKEND","Runtime","const isLegacyRuntime = isLegacyPdfJsRuntime(module);"
"knexwriter\src\modules\Knexread\native-pdf-reader\services\pdfLoader.service.ts","145","BACKEND","Runtime","module.GlobalWorkerOptions.workerSrc = isLegacyRuntime"
"knexwriter\src\modules\Knexread\native-pdf-reader\services\pdfLoader.service.ts","157","BACKEND","runtime","* Mesmo quando o runtime legacy veio do cdnjs, os assets do pacote em"
"knexwriter\src\modules\Knexread\native-pdf-reader\services\pdfLoader.service.ts","217","BACKEND","runtime","* quando o runtime suporta."
"knexwriter\src\modules\Knexread\native-pdf-reader\services\pdfLoader.service.ts","230","BACKEND","fallback","* PDF.js pode transferir o ArrayBuffer para o worker. Em caso de fallback,"
"knexwriter\src\modules\Knexread\native-pdf-reader\services\pdfMetadata.service.ts","3","SERVER","service","import type { NativePdfSession } from ""./pdfLoader.service"";"
"knexwriter\src\modules\Knexread\native-pdf-reader\services\pdfMetadata.service.ts","118","TEXT","getTextContent","const content = await page.getTextContent({"
"knexwriter\src\modules\Knexread\native-pdf-reader\services\pdfTextExtraction.service.ts","3","BACKEND","engine","import type { KnexPdfTextBlock as PdfTextBlock } from ""../knex-pdf-engine"";"
"knexwriter\src\modules\Knexread\native-pdf-reader\services\pdfTextExtraction.service.ts","4","SERVER","service","import type { NativePdfSession } from ""./pdfLoader.service"";"
"knexwriter\src\modules\Knexread\native-pdf-reader\services\pdfTextExtraction.service.ts","37","TEXT","PdfTextLayer","export async function probePdfTextLayer(input: {"
"knexwriter\src\modules\Knexread\native-pdf-reader\services\pdfTextExtraction.service.ts","52","TEXT","getTextContent","const textContent = await page.getTextContent({"
"knexwriter\src\modules\Knexread\native-pdf-reader\services\pdfTextExtraction.service.ts","68","TEXT","TextLayer","const hasTextLayer = pagesWithText > 0;"
"knexwriter\src\modules\Knexread\native-pdf-reader\services\pdfTextExtraction.service.ts","69","TEXT","TextLayer","const likelyImageOnly = !hasTextLayer;"
"knexwriter\src\modules\Knexread\native-pdf-reader\services\pdfTextExtraction.service.ts","72","TEXT","TextLayer","hasTextLayer,"
"knexwriter\src\modules\Knexread\native-pdf-reader\services\translation\localTranslation.provider.ts","89","BACKEND","runtime","runtime: [""desktop"", ""pwa"", ""web""],"
"knexwriter\src\modules\Knexread\native-pdf-reader\services\translation\onlineTranslation.provider.ts","20","BACKEND","runtime","runtime: [""desktop"", ""pwa"", ""web""],"
"knexwriter\src\modules\Knexread\native-pdf-reader\services\translation\translationLayerCore.service.ts","8","BACKEND","Runtime","PdfTranslationRuntime,"
"knexwriter\src\modules\Knexread\native-pdf-reader\services\translation\translationLayerCore.service.ts","11","SERVER","service","import { translationProviderRouter } from ""./translationProviderRouter.service"";"
"knexwriter\src\modules\Knexread\native-pdf-reader\services\translation\translationLayerCore.service.ts","173","TEXT","TextLayer","showTextLayer: false,"
"knexwriter\src\modules\Knexread\native-pdf-reader\services\translation\translationLayerCore.service.ts","234","BACKEND","Runtime","runtime?: PdfTranslationRuntime;"
"knexwriter\src\modules\Knexread\native-pdf-reader\services\translation\translationLayerCore.service.ts","234","BACKEND","runtime","runtime?: PdfTranslationRuntime;"
"knexwriter\src\modules\Knexread\native-pdf-reader\services\translation\translationLayerCore.service.ts","261","BACKEND","runtime","runtime: input.runtime,"
"knexwriter\src\modules\Knexread\native-pdf-reader\services\translation\translationLayerCore.service.ts","261","BACKEND","runtime","runtime: input.runtime,"
"knexwriter\src\modules\Knexread\native-pdf-reader\services\translation\translationLayerCore.service.ts","299","BACKEND","Runtime","runtime?: PdfTranslationRuntime;"
"knexwriter\src\modules\Knexread\native-pdf-reader\services\translation\translationLayerCore.service.ts","299","BACKEND","runtime","runtime?: PdfTranslationRuntime;"
"knexwriter\src\modules\Knexread\native-pdf-reader\services\translation\translationLayerCore.service.ts","313","BACKEND","runtime","runtime: input.runtime,"
"knexwriter\src\modules\Knexread\native-pdf-reader\services\translation\translationLayerCore.service.ts","313","BACKEND","runtime","runtime: input.runtime,"
"knexwriter\src\modules\Knexread\native-pdf-reader\services\translation\translationProviderRouter.service.ts","2","BACKEND","Runtime","PdfTranslationRuntime,"
"knexwriter\src\modules\Knexread\native-pdf-reader\services\translation\translationProviderRouter.service.ts","11","BACKEND","Runtime","function resolveRuntime(): PdfTranslationRuntime {"
"knexwriter\src\modules\Knexread\native-pdf-reader\services\translation\translationProviderRouter.service.ts","11","BACKEND","Runtime","function resolveRuntime(): PdfTranslationRuntime {"
"knexwriter\src\modules\Knexread\native-pdf-reader\services\translation\translationProviderRouter.service.ts","26","BACKEND","runtime","runtime?: PdfTranslationRuntime;"
"knexwriter\src\modules\Knexread\native-pdf-reader\services\translation\translationProviderRouter.service.ts","26","BACKEND","Runtime","runtime?: PdfTranslationRuntime;"
"knexwriter\src\modules\Knexread\native-pdf-reader\services\translation\translationProviderRouter.service.ts","34","BACKEND","runtime","runtime: PdfTranslationRuntime;"
"knexwriter\src\modules\Knexread\native-pdf-reader\services\translation\translationProviderRouter.service.ts","34","BACKEND","Runtime","runtime: PdfTranslationRuntime;"
"knexwriter\src\modules\Knexread\native-pdf-reader\services\translation\translationProviderRouter.service.ts","38","BACKEND","runtime","const runtimeProviders = input.providers.filter((provider) =>"
"knexwriter\src\modules\Knexread\native-pdf-reader\services\translation\translationProviderRouter.service.ts","39","BACKEND","runtime","provider.runtime.includes(input.runtime),"
"knexwriter\src\modules\Knexread\native-pdf-reader\services\translation\translationProviderRouter.service.ts","39","BACKEND","runtime","provider.runtime.includes(input.runtime),"
"knexwriter\src\modules\Knexread\native-pdf-reader\services\translation\translationProviderRouter.service.ts","75","LIFECYCLE","Map<","private providers = new Map<string, TranslationProvider>();"
"knexwriter\src\modules\Knexread\native-pdf-reader\types\PdfGeoText.ts","15","TEXT","fontFamily","fontFamily?: string;"
"knexwriter\src\modules\Knexread\native-pdf-reader\types\PdfReaderState.ts","21","BACKEND","Runtime","export type PdfTranslationRuntime = ""desktop"" | ""pwa"" | ""web"";"
"knexwriter\src\modules\Knexread\native-pdf-reader\types\PdfTranslation.ts","68","TEXT","TextLayer","showTextLayer: boolean;"
"knexwriter\src\modules\Knexread\native-pdf-reader\types\PdfTranslationProvider.ts","27","BACKEND","runtime","runtime: Array<""desktop"" | ""pwa"" | ""web"">;"
"knexwriter\src\modules\Knexread\native-pdf-reader\ui\ribbons\KnexreadRibbon.tsx","11","TILES","gap","return `inline-flex h-8 items-center gap-1 rounded-md border px-2 text-xs font-medium ${"
"knexwriter\src\modules\Knexread\native-pdf-reader\ui\ribbons\KnexreadRibbon.tsx","21","TILES","gap","""flex shrink-0 items-center gap-2 overflow-hidden border-b border-zinc-200 bg-white px-3"";"
"knexwriter\src\modules\Knexread\native-pdf-reader\ui\ribbons\KnexreadRibbon.tsx","34","TEXT","TextLayer","showTextLayer,"
"knexwriter\src\modules\Knexread\native-pdf-reader\ui\ribbons\KnexreadRibbon.tsx","62","TEXT","TextLayer","onToggleTextLayer,"
"knexwriter\src\modules\Knexread\native-pdf-reader\ui\ribbons\KnexreadRibbon.tsx","83","TEXT","TextLayer","showTextLayer: boolean;"
"knexwriter\src\modules\Knexread\native-pdf-reader\ui\ribbons\KnexreadRibbon.tsx","111","TEXT","TextLayer","onToggleTextLayer: () => void;"
"knexwriter\src\modules\Knexread\native-pdf-reader\ui\ribbons\KnexreadRibbon.tsx","362","TEXT","TextLayer","className={cmdClass(showTextLayer)}"
"knexwriter\src\modules\Knexread\native-pdf-reader\ui\ribbons\KnexreadRibbon.tsx","363","TEXT","TextLayer","onClick={onToggleTextLayer}"
"knexwriter\src\modules\Knexread\native-pdf-reader\ui\tabs\KnexreadTabs.tsx","30","TILES","gap","className=""flex shrink-0 items-center gap-2 border-b border-zinc-300 bg-white px-3"""
"knexwriter\src\modules\Knexread\native-pdf-reader\web\launchBridge.ts","9","LIFECYCLE","Map<","const launchStore = new Map<string, KnexreadLaunchPayload>();"
"knexwriter\src\modules\Knexread\native-pdf-reader\web\page.tsx","29","SERVER","Controller","pdfReaderController,"
"knexwriter\src\modules\Knexread\native-pdf-reader\web\page.tsx","121","TEXT","TextLayer","const [landingShowTextLayer, setLandingShowTextLayer] = useState(false);"
"knexwriter\src\modules\Knexread\native-pdf-reader\web\page.tsx","121","TEXT","TextLayer","const [landingShowTextLayer, setLandingShowTextLayer] = useState(false);"
"knexwriter\src\modules\Knexread\native-pdf-reader\web\page.tsx","123","SERVER","Controller","const [recentFiles, setRecentFiles] = useState<Array<Awaited<ReturnType<typeof pdfReaderController.listProjectFiles>>[number]>>([]);"
"knexwriter\src\modules\Knexread\native-pdf-reader\web\page.tsx","194","LIFECYCLE","Abort","name === ""AbortError"" ||"
"knexwriter\src\modules\Knexread\native-pdf-reader\web\page.tsx","195","LIFECYCLE","Cancelled","name === ""RenderingCancelledException"" ||"
"knexwriter\src\modules\Knexread\native-pdf-reader\web\page.tsx","196","LIFECYCLE","cancelled","/rendering cancelled|render canceled|render aborted/i.test(message)"
"knexwriter\src\modules\Knexread\native-pdf-reader\web\page.tsx","196","LIFECYCLE","abort","/rendering cancelled|render canceled|render aborted/i.test(message)"
"knexwriter\src\modules\Knexread\native-pdf-reader\web\page.tsx","196","LIFECYCLE","canceled","/rendering cancelled|render canceled|render aborted/i.test(message)"
"knexwriter\src\modules\Knexread\native-pdf-reader\web\page.tsx","223","LIFECYCLE","cancelled","let cancelled = false;"
"knexwriter\src\modules\Knexread\native-pdf-reader\web\page.tsx","227","SERVER","Controller","const items = await pdfReaderController.listProjectFiles(projectId);"
"knexwriter\src\modules\Knexread\native-pdf-reader\web\page.tsx","228","LIFECYCLE","cancelled","if (cancelled) return;"
"knexwriter\src\modules\Knexread\native-pdf-reader\web\page.tsx","231","LIFECYCLE","cancelled","if (cancelled) return;"
"knexwriter\src\modules\Knexread\native-pdf-reader\web\page.tsx","237","LIFECYCLE","cancelled","cancelled = true;"
"knexwriter\src\modules\Knexread\native-pdf-reader\web\page.tsx","242","LIFECYCLE","cancelled","let cancelled = false;"
"knexwriter\src\modules\Knexread\native-pdf-reader\web\page.tsx","486","TILES","gap","className=""flex shrink-0 items-end gap-0.5 overflow-x-auto border-b border-zinc-300 bg-white px-0 pt-1"""
"knexwriter\src\modules\Knexread\native-pdf-reader\web\page.tsx","495","TILES","gap","className={`group relative flex h-8 items-center gap-1.5 border px-2 text-sm font-medium ${"
"knexwriter\src\modules\Knexread\native-pdf-reader\web\page.tsx","613","TEXT","TextLayer","showTextLayer={landingShowTextLayer}"
"knexwriter\src\modules\Knexread\native-pdf-reader\web\page.tsx","613","TEXT","TextLayer","showTextLayer={landingShowTextLayer}"
"knexwriter\src\modules\Knexread\native-pdf-reader\web\page.tsx","641","TEXT","TextLayer","onToggleTextLayer={() => setLandingShowTextLayer((value) => !value)}"
"knexwriter\src\modules\Knexread\native-pdf-reader\web\page.tsx","641","TEXT","TextLayer","onToggleTextLayer={() => setLandingShowTextLayer((value) => !value)}"
