"File","FullPath","Line","Pattern","Match","Context"
"knexwriter\src\modules\Knexread\native-pdf-reader\components\PdfDebugOverlay.tsx","C:\knexit-workspace\knexit-workspace\knexwriter\src\modules\Knexread\native-pdf-reader\components\PdfDebugOverlay.tsx","47","outputScale","outputScale","      44:   const cssHeight = geometry?.cssHeight ?? renderedPage?.cssHeight;
      45:   const bitmapWidth = geometry?.bitmapWidth ?? renderedPage?.width;
      46:   const bitmapHeight = geometry?.bitmapHeight ?? renderedPage?.height;
>>    47:   const outputScale =
      48:     geometry?.outputScale ?? canvasState?.outputScale ?? renderedPage?.outputScale;
      49:   const zoom = geometry?.zoom ?? renderedPage?.renderScale;
      50:   const dpr = geometry?.devicePixelRatio ?? renderedPage?.devicePixelRatio;"
"knexwriter\src\modules\Knexread\native-pdf-reader\components\PdfDebugOverlay.tsx","C:\knexit-workspace\knexit-workspace\knexwriter\src\modules\Knexread\native-pdf-reader\components\PdfDebugOverlay.tsx","48","outputScale","outputScale","      45:   const bitmapWidth = geometry?.bitmapWidth ?? renderedPage?.width;
      46:   const bitmapHeight = geometry?.bitmapHeight ?? renderedPage?.height;
      47:   const outputScale =
>>    48:     geometry?.outputScale ?? canvasState?.outputScale ?? renderedPage?.outputScale;
      49:   const zoom = geometry?.zoom ?? renderedPage?.renderScale;
      50:   const dpr = geometry?.devicePixelRatio ?? renderedPage?.devicePixelRatio;
      51:   const tilePlan = geometry"
"knexwriter\src\modules\Knexread\native-pdf-reader\components\PdfDebugOverlay.tsx","C:\knexit-workspace\knexit-workspace\knexwriter\src\modules\Knexread\native-pdf-reader\components\PdfDebugOverlay.tsx","48","outputScale","outputScale","      45:   const bitmapWidth = geometry?.bitmapWidth ?? renderedPage?.width;
      46:   const bitmapHeight = geometry?.bitmapHeight ?? renderedPage?.height;
      47:   const outputScale =
>>    48:     geometry?.outputScale ?? canvasState?.outputScale ?? renderedPage?.outputScale;
      49:   const zoom = geometry?.zoom ?? renderedPage?.renderScale;
      50:   const dpr = geometry?.devicePixelRatio ?? renderedPage?.devicePixelRatio;
      51:   const tilePlan = geometry"
"knexwriter\src\modules\Knexread\native-pdf-reader\components\PdfDebugOverlay.tsx","C:\knexit-workspace\knexit-workspace\knexwriter\src\modules\Knexread\native-pdf-reader\components\PdfDebugOverlay.tsx","48","outputScale","outputScale","      45:   const bitmapWidth = geometry?.bitmapWidth ?? renderedPage?.width;
      46:   const bitmapHeight = geometry?.bitmapHeight ?? renderedPage?.height;
      47:   const outputScale =
>>    48:     geometry?.outputScale ?? canvasState?.outputScale ?? renderedPage?.outputScale;
      49:   const zoom = geometry?.zoom ?? renderedPage?.renderScale;
      50:   const dpr = geometry?.devicePixelRatio ?? renderedPage?.devicePixelRatio;
      51:   const tilePlan = geometry"
"knexwriter\src\modules\Knexread\native-pdf-reader\components\PdfDebugOverlay.tsx","C:\knexit-workspace\knexit-workspace\knexwriter\src\modules\Knexread\native-pdf-reader\components\PdfDebugOverlay.tsx","69","outputScale","outputScale","      66:       </div>
      67:       <div>zoom {formatNumber(zoom, 3)}</div>
      68:       <div>dpr {formatNumber(dpr, 2)}</div>
>>    69:       <div>output {formatNumber(outputScale, 3)}</div>
      70:       <div>cache {canvasState?.cacheLookup ?? ""-""}</div>
      71:       <div>cache bytes {formatBytes(canvasState?.cacheBytes)}</div>
      72:       <div>tiles {tilePlan ? `${tilePlan.reason}:${tilePlan.totalTiles}` : ""-""}</div>"
"knexwriter\src\modules\Knexread\native-pdf-reader\components\PdfPageView.tsx","C:\knexit-workspace\knexit-workspace\knexwriter\src\modules\Knexread\native-pdf-reader\components\PdfPageView.tsx","22","pdfEngine","PdfEngine","      19:   type KnexPdfPageLinkAnnotation as PdfPageLinkAnnotation,
      20:   type KnexPdfRenderedPage as RenderedPdfPage,
      21:   type KnexPdfTextBlock as PdfTextBlock,
>>    22:   useKnexPdfEngine,
      23:   useKnexPdfEngineState,
      24: } from ""../knex-pdf-engine"";
      25: import { PdfAnnotationLayer } from ""./PdfAnnotationLayer"";"
"knexwriter\src\modules\Knexread\native-pdf-reader\components\PdfPageView.tsx","C:\knexit-workspace\knexit-workspace\knexwriter\src\modules\Knexread\native-pdf-reader\components\PdfPageView.tsx","23","pdfEngine","PdfEngine","      20:   type KnexPdfRenderedPage as RenderedPdfPage,
      21:   type KnexPdfTextBlock as PdfTextBlock,
      22:   useKnexPdfEngine,
>>    23:   useKnexPdfEngineState,
      24: } from ""../knex-pdf-engine"";
      25: import { PdfAnnotationLayer } from ""./PdfAnnotationLayer"";
      26: import { PdfDebugOverlay } from ""./PdfDebugOverlay"";"
"knexwriter\src\modules\Knexread\native-pdf-reader\components\PdfPageView.tsx","C:\knexit-workspace\knexit-workspace\knexwriter\src\modules\Knexread\native-pdf-reader\components\PdfPageView.tsx","39","fallback","FALLBACK","      36: 
      37: type PdfPageRenderBand = ""active"" | ""warmup"" | ""prefetch"" | ""idle"";
      38: 
>>    39: const FALLBACK_PAGE_WIDTH_PT = 612;
      40: const FALLBACK_PAGE_HEIGHT_PT = 792;
      41: const MIN_LAYOUT_SCALE = 0.01;
      42: const MAX_LAYOUT_SCALE = 80;"
"knexwriter\src\modules\Knexread\native-pdf-reader\components\PdfPageView.tsx","C:\knexit-workspace\knexit-workspace\knexwriter\src\modules\Knexread\native-pdf-reader\components\PdfPageView.tsx","40","fallback","FALLBACK","      37: type PdfPageRenderBand = ""active"" | ""warmup"" | ""prefetch"" | ""idle"";
      38: 
      39: const FALLBACK_PAGE_WIDTH_PT = 612;
>>    40: const FALLBACK_PAGE_HEIGHT_PT = 792;
      41: const MIN_LAYOUT_SCALE = 0.01;
      42: const MAX_LAYOUT_SCALE = 80;
      43: "
"knexwriter\src\modules\Knexread\native-pdf-reader\components\PdfPageView.tsx","C:\knexit-workspace\knexit-workspace\knexwriter\src\modules\Knexread\native-pdf-reader\components\PdfPageView.tsx","59","fallback","fallback","      56: 
      57: function safeNumber(
      58:   value: number | null | undefined,
>>    59:   fallback = 0,
      60: ): number {
      61:   return typeof value === ""number"" && Number.isFinite(value)
      62:     ? value"
"knexwriter\src\modules\Knexread\native-pdf-reader\components\PdfPageView.tsx","C:\knexit-workspace\knexit-workspace\knexwriter\src\modules\Knexread\native-pdf-reader\components\PdfPageView.tsx","63","fallback","fallback","      60: ): number {
      61:   return typeof value === ""number"" && Number.isFinite(value)
      62:     ? value
>>    63:     : fallback;
      64: }
      65: 
      66: function clamp(value: number, min: number, max: number): number {"
"knexwriter\src\modules\Knexread\native-pdf-reader\components\PdfPageView.tsx","C:\knexit-workspace\knexit-workspace\knexwriter\src\modules\Knexread\native-pdf-reader\components\PdfPageView.tsx","78","fallback","Fallback","      75:   return clamp(safeNumber(zoom, 100) / 100, MIN_LAYOUT_SCALE, MAX_LAYOUT_SCALE);
      76: }
      77: 
>>    78: function getFallbackPageSize(): PdfPageBaseSize {
      79:   return {
      80:     width: FALLBACK_PAGE_WIDTH_PT,
      81:     height: FALLBACK_PAGE_HEIGHT_PT,"
"knexwriter\src\modules\Knexread\native-pdf-reader\components\PdfPageView.tsx","C:\knexit-workspace\knexit-workspace\knexwriter\src\modules\Knexread\native-pdf-reader\components\PdfPageView.tsx","80","fallback","FALLBACK","      77: 
      78: function getFallbackPageSize(): PdfPageBaseSize {
      79:   return {
>>    80:     width: FALLBACK_PAGE_WIDTH_PT,
      81:     height: FALLBACK_PAGE_HEIGHT_PT,
      82:   };
      83: }"
"knexwriter\src\modules\Knexread\native-pdf-reader\components\PdfPageView.tsx","C:\knexit-workspace\knexit-workspace\knexwriter\src\modules\Knexread\native-pdf-reader\components\PdfPageView.tsx","81","fallback","FALLBACK","      78: function getFallbackPageSize(): PdfPageBaseSize {
      79:   return {
      80:     width: FALLBACK_PAGE_WIDTH_PT,
>>    81:     height: FALLBACK_PAGE_HEIGHT_PT,
      82:   };
      83: }
      84: "
"knexwriter\src\modules\Knexread\native-pdf-reader\components\PdfPageView.tsx","C:\knexit-workspace\knexit-workspace\knexwriter\src\modules\Knexread\native-pdf-reader\components\PdfPageView.tsx","132","page\.render","Page.render","     129:     };
     130:   }
     131: 
>>   132:   const renderScale = Math.max(0.01, safeNumber(renderedPage.renderScale, 1));
     133: 
     134:   const width =
     135:     safeNumber(renderedPage.pageWidthPt, 0) > 0"
"knexwriter\src\modules\Knexread\native-pdf-reader\components\PdfPageView.tsx","C:\knexit-workspace\knexit-workspace\knexwriter\src\modules\Knexread\native-pdf-reader\components\PdfPageView.tsx","139","fallback","FALLBACK","     136:       ? renderedPage.pageWidthPt
     137:       : safeNumber(renderedPage.cssWidth, 0) > 0
     138:         ? renderedPage.cssWidth / renderScale
>>   139:         : safeNumber(renderedPage.width, FALLBACK_PAGE_WIDTH_PT) / renderScale;
     140: 
     141:   const height =
     142:     safeNumber(renderedPage.pageHeightPt, 0) > 0"
"knexwriter\src\modules\Knexread\native-pdf-reader\components\PdfPageView.tsx","C:\knexit-workspace\knexit-workspace\knexwriter\src\modules\Knexread\native-pdf-reader\components\PdfPageView.tsx","146","fallback","FALLBACK","     143:       ? renderedPage.pageHeightPt
     144:       : safeNumber(renderedPage.cssHeight, 0) > 0
     145:         ? renderedPage.cssHeight / renderScale
>>   146:         : safeNumber(renderedPage.height, FALLBACK_PAGE_HEIGHT_PT) /
     147:           renderScale;
     148: 
     149:   return {"
"knexwriter\src\modules\Knexread\native-pdf-reader\components\PdfPageView.tsx","C:\knexit-workspace\knexit-workspace\knexwriter\src\modules\Knexread\native-pdf-reader\components\PdfPageView.tsx","243","renderVersion","RenderVersion","     240:   isScrolling = false,
     241:   shouldRenderCanvas = true,
     242:   renderPhase = ""settled-final"",
>>   243:   finalRenderVersion = 0,
     244:   isWarmupPage = false,
     245:   renderPriority,
     246: }: {"
"knexwriter\src\modules\Knexread\native-pdf-reader\components\PdfPageView.tsx","C:\knexit-workspace\knexit-workspace\knexwriter\src\modules\Knexread\native-pdf-reader\components\PdfPageView.tsx","272","renderVersion","RenderVersion","     269:   isScrolling?: boolean;
     270:   shouldRenderCanvas?: boolean;
     271:   renderPhase?: KnexPdfRenderPhase;
>>   272:   finalRenderVersion?: number;
     273:   isWarmupPage?: boolean;
     274:   renderPriority?: number;
     275: }) {"
"knexwriter\src\modules\Knexread\native-pdf-reader\components\PdfPageView.tsx","C:\knexit-workspace\knexit-workspace\knexwriter\src\modules\Knexread\native-pdf-reader\components\PdfPageView.tsx","276","pdfEngine","PdfEngine","     273:   isWarmupPage?: boolean;
     274:   renderPriority?: number;
     275: }) {
>>   276:   const engine = useKnexPdfEngine();
     277:   const engineState = useKnexPdfEngineState();
     278:   const visualRenderMode = getKnexPdfVisualRenderMode();
     279:   const rootRef = useRef<HTMLDivElement | null>(null);"
"knexwriter\src\modules\Knexread\native-pdf-reader\components\PdfPageView.tsx","C:\knexit-workspace\knexit-workspace\knexwriter\src\modules\Knexread\native-pdf-reader\components\PdfPageView.tsx","276","engine.*=","engine =","     273:   isWarmupPage?: boolean;
     274:   renderPriority?: number;
     275: }) {
>>   276:   const engine = useKnexPdfEngine();
     277:   const engineState = useKnexPdfEngineState();
     278:   const visualRenderMode = getKnexPdfVisualRenderMode();
     279:   const rootRef = useRef<HTMLDivElement | null>(null);"
"knexwriter\src\modules\Knexread\native-pdf-reader\components\PdfPageView.tsx","C:\knexit-workspace\knexit-workspace\knexwriter\src\modules\Knexread\native-pdf-reader\components\PdfPageView.tsx","277","engine.*=","engineState =","     274:   renderPriority?: number;
     275: }) {
     276:   const engine = useKnexPdfEngine();
>>   277:   const engineState = useKnexPdfEngineState();
     278:   const visualRenderMode = getKnexPdfVisualRenderMode();
     279:   const rootRef = useRef<HTMLDivElement | null>(null);
     280:   const textExtractionTicketRef = useRef(0);"
"knexwriter\src\modules\Knexread\native-pdf-reader\components\PdfPageView.tsx","C:\knexit-workspace\knexit-workspace\knexwriter\src\modules\Knexread\native-pdf-reader\components\PdfPageView.tsx","277","pdfEngine","PdfEngine","     274:   renderPriority?: number;
     275: }) {
     276:   const engine = useKnexPdfEngine();
>>   277:   const engineState = useKnexPdfEngineState();
     278:   const visualRenderMode = getKnexPdfVisualRenderMode();
     279:   const rootRef = useRef<HTMLDivElement | null>(null);
     280:   const textExtractionTicketRef = useRef(0);"
"knexwriter\src\modules\Knexread\native-pdf-reader\components\PdfPageView.tsx","C:\knexit-workspace\knexit-workspace\knexwriter\src\modules\Knexread\native-pdf-reader\components\PdfPageView.tsx","329","fallback","Fallback","     326: 
     327:   const basePageSize = useMemo<PdfPageBaseSize>(() => {
     328:     const renderedSize = getPageSizeFromRenderedPage(renderedPage);
>>   329:     return pageSize ?? renderedSize ?? getFallbackPageSize();
     330:   }, [pageSize, renderedPage]);
     331: 
     332:   const pageCssWidth = useMemo("
"knexwriter\src\modules\Knexread\native-pdf-reader\components\PdfPageView.tsx","C:\knexit-workspace\knexit-workspace\knexwriter\src\modules\Knexread\native-pdf-reader\components\PdfPageView.tsx","377","renderVersion","RenderVersion","     374:     semanticLayersEnabled && (showTextLayer || enableSelection);
     375: 
     376:   const shouldRenderCanvasText = true;
>>   377:   const canvasRenderVersion = finalRenderVersion;
     378: 
     379:   const shouldExtractText =
     380:     canRenderCanvas &&"
"knexwriter\src\modules\Knexread\native-pdf-reader\components\PdfPageView.tsx","C:\knexit-workspace\knexit-workspace\knexwriter\src\modules\Knexread\native-pdf-reader\components\PdfPageView.tsx","377","renderVersion","RenderVersion","     374:     semanticLayersEnabled && (showTextLayer || enableSelection);
     375: 
     376:   const shouldRenderCanvasText = true;
>>   377:   const canvasRenderVersion = finalRenderVersion;
     378: 
     379:   const shouldExtractText =
     380:     canRenderCanvas &&"
"knexwriter\src\modules\Knexread\native-pdf-reader\components\PdfPageView.tsx","C:\knexit-workspace\knexit-workspace\knexwriter\src\modules\Knexread\native-pdf-reader\components\PdfPageView.tsx","389","active.*Backend","activeBackend","     386:     (isActivePage || isNearViewport || priority);
     387: 
     388:   const nearViewportRootMargin = useMemo(() => {
>>   389:     if (engineState.activeBackend === ""pdfjs"") {
     390:       return isZooming ? ""2200px 0px 2200px 0px"" : ""3200px 0px 3200px 0px"";
     391:     }
     392: "
"knexwriter\src\modules\Knexread\native-pdf-reader\components\PdfPageView.tsx","C:\knexit-workspace\knexit-workspace\knexwriter\src\modules\Knexread\native-pdf-reader\components\PdfPageView.tsx","389","engine.*=","engineState.activeBackend ===","     386:     (isActivePage || isNearViewport || priority);
     387: 
     388:   const nearViewportRootMargin = useMemo(() => {
>>   389:     if (engineState.activeBackend === ""pdfjs"") {
     390:       return isZooming ? ""2200px 0px 2200px 0px"" : ""3200px 0px 3200px 0px"";
     391:     }
     392: "
"knexwriter\src\modules\Knexread\native-pdf-reader\components\PdfPageView.tsx","C:\knexit-workspace\knexit-workspace\knexwriter\src\modules\Knexread\native-pdf-reader\components\PdfPageView.tsx","389","backend.*=","Backend ===","     386:     (isActivePage || isNearViewport || priority);
     387: 
     388:   const nearViewportRootMargin = useMemo(() => {
>>   389:     if (engineState.activeBackend === ""pdfjs"") {
     390:       return isZooming ? ""2200px 0px 2200px 0px"" : ""3200px 0px 3200px 0px"";
     391:     }
     392: "
"knexwriter\src\modules\Knexread\native-pdf-reader\components\PdfPageView.tsx","C:\knexit-workspace\knexit-workspace\knexwriter\src\modules\Knexread\native-pdf-reader\components\PdfPageView.tsx","396","active.*Backend","activeBackend","     393:     return isZooming
     394:       ? ""2000px 0px 2000px 0px""
     395:       : ""3000px 0px 3000px 0px"";
>>   396:   }, [engineState.activeBackend, isZooming]);
     397: 
     398:   useEffect(() => {
     399:     if (shouldMountCanvasNow) {"
"knexwriter\src\modules\Knexread\native-pdf-reader\components\PdfPageView.tsx","C:\knexit-workspace\knexit-workspace\knexwriter\src\modules\Knexread\native-pdf-reader\components\PdfPageView.tsx","460","getViewport","getViewport","     457:       .then((pdfPage) => {
     458:         if (cancelled) return;
     459: 
>>   460:         const viewport = pdfPage.getViewport({ scale: 1 });
     461:         const nextSize = {
     462:           width: Math.max(1, viewport.width),
     463:           height: Math.max(1, viewport.height),"
"knexwriter\src\modules\Knexread\native-pdf-reader\components\PdfPageView.tsx","C:\knexit-workspace\knexit-workspace\knexwriter\src\modules\Knexread\native-pdf-reader\components\PdfPageView.tsx","477","fallback","Fallback","     474:       })
     475:       .catch(() => {
     476:         if (!cancelled) {
>>   477:           setPageSize((current) => current ?? getFallbackPageSize());
     478:         }
     479:       });
     480: "
"knexwriter\src\modules\Knexread\native-pdf-reader\components\PdfPageView.tsx","C:\knexit-workspace\knexit-workspace\knexwriter\src\modules\Knexread\native-pdf-reader\components\PdfPageView.tsx","531","backend.*=","Backend ===","     528:     const scale = TEXT_LAYER_BASE_SCALE;
     529: 
     530:     const extractText = async () => {
>>   531:       if (engineState.activeBackend === ""pdfjs"") {
     532:         return extractKnexPdfTextBlocks({
     533:           session,
     534:           pageNumber,"
"knexwriter\src\modules\Knexread\native-pdf-reader\components\PdfPageView.tsx","C:\knexit-workspace\knexit-workspace\knexwriter\src\modules\Knexread\native-pdf-reader\components\PdfPageView.tsx","531","active.*Backend","activeBackend","     528:     const scale = TEXT_LAYER_BASE_SCALE;
     529: 
     530:     const extractText = async () => {
>>   531:       if (engineState.activeBackend === ""pdfjs"") {
     532:         return extractKnexPdfTextBlocks({
     533:           session,
     534:           pageNumber,"
"knexwriter\src\modules\Knexread\native-pdf-reader\components\PdfPageView.tsx","C:\knexit-workspace\knexit-workspace\knexwriter\src\modules\Knexread\native-pdf-reader\components\PdfPageView.tsx","531","engine.*=","engineState.activeBackend ===","     528:     const scale = TEXT_LAYER_BASE_SCALE;
     529: 
     530:     const extractText = async () => {
>>   531:       if (engineState.activeBackend === ""pdfjs"") {
     532:         return extractKnexPdfTextBlocks({
     533:           session,
     534:           pageNumber,"
"knexwriter\src\modules\Knexread\native-pdf-reader\components\PdfPageView.tsx","C:\knexit-workspace\knexit-workspace\knexwriter\src\modules\Knexread\native-pdf-reader\components\PdfPageView.tsx","539","backend.*=","backend =","     536:         });
     537:       }
     538: 
>>   539:       const backend = engine.getBackend();
     540: 
     541:       try {
     542:         const document = await getKnexPdfDocumentHandleWithBackend({"
"knexwriter\src\modules\Knexread\native-pdf-reader\components\PdfPageView.tsx","C:\knexit-workspace\knexit-workspace\knexwriter\src\modules\Knexread\native-pdf-reader\components\PdfPageView.tsx","560","active.*Backend","activeBackend","     557:             : ""Backend text extraction failed."";
     558: 
     559:         engine.reportBackendError({
>>   560:           backend: engineState.activeBackend,
     561:           reason,
     562:           error: backendError,
     563:         });"
"knexwriter\src\modules\Knexread\native-pdf-reader\components\PdfPageView.tsx","C:\knexit-workspace\knexit-workspace\knexwriter\src\modules\Knexread\native-pdf-reader\components\PdfPageView.tsx","631","active.*Backend","activeBackend","     628:     };
     629:   }, [
     630:     engine,
>>   631:     engineState.activeBackend,
     632:     engineState.backendVersion,
     633:     engineState.preferredBackend,
     634:     onBlocksChange,"
"knexwriter\src\modules\Knexread\native-pdf-reader\components\PdfPageView.tsx","C:\knexit-workspace\knexit-workspace\knexwriter\src\modules\Knexread\native-pdf-reader\components\PdfPageView.tsx","633","preferred.*Backend","preferredBackend","     630:     engine,
     631:     engineState.activeBackend,
     632:     engineState.backendVersion,
>>   633:     engineState.preferredBackend,
     634:     onBlocksChange,
     635:     pageNumber,
     636:     session,"
"knexwriter\src\modules\Knexread\native-pdf-reader\components\PdfPageView.tsx","C:\knexit-workspace\knexit-workspace\knexwriter\src\modules\Knexread\native-pdf-reader\components\PdfPageView.tsx","654","active.*Backend","activeBackend","     651:     const scale = layoutScale;
     652: 
     653:     const extractLinks = async () => {
>>   654:       if (engineState.activeBackend === ""pdfjs"") {
     655:         return extractKnexPdfPageLinks({
     656:           session,
     657:           pageNumber,"
"knexwriter\src\modules\Knexread\native-pdf-reader\components\PdfPageView.tsx","C:\knexit-workspace\knexit-workspace\knexwriter\src\modules\Knexread\native-pdf-reader\components\PdfPageView.tsx","654","backend.*=","Backend ===","     651:     const scale = layoutScale;
     652: 
     653:     const extractLinks = async () => {
>>   654:       if (engineState.activeBackend === ""pdfjs"") {
     655:         return extractKnexPdfPageLinks({
     656:           session,
     657:           pageNumber,"
"knexwriter\src\modules\Knexread\native-pdf-reader\components\PdfPageView.tsx","C:\knexit-workspace\knexit-workspace\knexwriter\src\modules\Knexread\native-pdf-reader\components\PdfPageView.tsx","654","engine.*=","engineState.activeBackend ===","     651:     const scale = layoutScale;
     652: 
     653:     const extractLinks = async () => {
>>   654:       if (engineState.activeBackend === ""pdfjs"") {
     655:         return extractKnexPdfPageLinks({
     656:           session,
     657:           pageNumber,"
"knexwriter\src\modules\Knexread\native-pdf-reader\components\PdfPageView.tsx","C:\knexit-workspace\knexit-workspace\knexwriter\src\modules\Knexread\native-pdf-reader\components\PdfPageView.tsx","662","backend.*=","backend =","     659:         });
     660:       }
     661: 
>>   662:       const backend = engine.getBackend();
     663: 
     664:       try {
     665:         const document = await getKnexPdfDocumentHandleWithBackend({"
"knexwriter\src\modules\Knexread\native-pdf-reader\components\PdfPageView.tsx","C:\knexit-workspace\knexit-workspace\knexwriter\src\modules\Knexread\native-pdf-reader\components\PdfPageView.tsx","683","active.*Backend","activeBackend","     680:             : ""Backend annotation extraction failed."";
     681: 
     682:         engine.reportBackendError({
>>   683:           backend: engineState.activeBackend,
     684:           reason,
     685:           error: backendError,
     686:         });"
"knexwriter\src\modules\Knexread\native-pdf-reader\components\PdfPageView.tsx","C:\knexit-workspace\knexit-workspace\knexwriter\src\modules\Knexread\native-pdf-reader\components\PdfPageView.tsx","717","active.*Backend","activeBackend","     714:     };
     715:   }, [
     716:     engine,
>>   717:     engineState.activeBackend,
     718:     engineState.backendVersion,
     719:     engineState.preferredBackend,
     720:     layoutScale,"
"knexwriter\src\modules\Knexread\native-pdf-reader\components\PdfPageView.tsx","C:\knexit-workspace\knexit-workspace\knexwriter\src\modules\Knexread\native-pdf-reader\components\PdfPageView.tsx","719","preferred.*Backend","preferredBackend","     716:     engine,
     717:     engineState.activeBackend,
     718:     engineState.backendVersion,
>>   719:     engineState.preferredBackend,
     720:     layoutScale,
     721:     pageNumber,
     722:     session,"
"knexwriter\src\modules\Knexread\native-pdf-reader\components\PdfPageView.tsx","C:\knexit-workspace\knexit-workspace\knexwriter\src\modules\Knexread\native-pdf-reader\components\PdfPageView.tsx","736","renderVersion","RenderVersion","     733:       canRenderCanvas,
     734:       shouldExtractText,
     735:       shouldRenderCanvasText,
>>   736:       canvasRenderVersion,
     737:       blocksCount: blocks.length,
     738:       blocksScale,
     739:       layoutScale,"
"knexwriter\src\modules\Knexread\native-pdf-reader\components\PdfPageView.tsx","C:\knexit-workspace\knexit-workspace\knexwriter\src\modules\Knexread\native-pdf-reader\components\PdfPageView.tsx","747","active.*Backend","activeBackend: engineState.activeBackend","     744:       isWarmupPage,
     745:       isActivePage,
     746:       isNearViewport,
>>   747:       activeBackend: engineState.activeBackend,
     748:       renderedMode: renderedPage?.renderMode,
     749:       renderedTextLayerMode: renderedPage?.textLayerMode,
     750:       canvasTextRenderState,"
"knexwriter\src\modules\Knexread\native-pdf-reader\components\PdfPageView.tsx","C:\knexit-workspace\knexit-workspace\knexwriter\src\modules\Knexread\native-pdf-reader\components\PdfPageView.tsx","758","renderVersion","RenderVersion","     755:     blocksScale,
     756:     canvasTextRenderState,
     757:     canRenderCanvas,
>>   758:     canvasRenderVersion,
     759:     engineState.activeBackend,
     760:     isActivePage,
     761:     isNearViewport,"
"knexwriter\src\modules\Knexread\native-pdf-reader\components\PdfPageView.tsx","C:\knexit-workspace\knexit-workspace\knexwriter\src\modules\Knexread\native-pdf-reader\components\PdfPageView.tsx","759","active.*Backend","activeBackend","     756:     canvasTextRenderState,
     757:     canRenderCanvas,
     758:     canvasRenderVersion,
>>   759:     engineState.activeBackend,
     760:     isActivePage,
     761:     isNearViewport,
     762:     isScrolling,"
"knexwriter\src\modules\Knexread\native-pdf-reader\components\PdfPageView.tsx","C:\knexit-workspace\knexit-workspace\knexwriter\src\modules\Knexread\native-pdf-reader\components\PdfPageView.tsx","971","renderVersion","RenderVersion","     968:             isZooming={isZooming}
     969:             isScrolling={isScrolling}
     970:             renderPhase={renderPhase}
>>   971:             finalRenderVersion={canvasRenderVersion}
     972:             isActivePage={isActivePage}
     973:             isPageVisible={isActivePage || isWarmupPage || isNearViewport}
     974:             isWarmupPage={isWarmupPage}"
"knexwriter\src\modules\Knexread\native-pdf-reader\components\PdfPageView.tsx","C:\knexit-workspace\knexit-workspace\knexwriter\src\modules\Knexread\native-pdf-reader\components\PdfPageView.tsx","971","renderVersion","RenderVersion","     968:             isZooming={isZooming}
     969:             isScrolling={isScrolling}
     970:             renderPhase={renderPhase}
>>   971:             finalRenderVersion={canvasRenderVersion}
     972:             isActivePage={isActivePage}
     973:             isPageVisible={isActivePage || isWarmupPage || isNearViewport}
     974:             isWarmupPage={isWarmupPage}"
"knexwriter\src\modules\Knexread\native-pdf-reader\components\PdfReaderShell.tsx","C:\knexit-workspace\knexit-workspace\knexwriter\src\modules\Knexread\native-pdf-reader\components\PdfReaderShell.tsx","55","pdfEngine","PdfEngine","      52: import { PdfThumbnailsPanel } from ""./PdfThumbnailsPanel"";
      53: import { PdfToolbar } from ""./PdfToolbar"";
      54: import { PdfTranslationPage } from ""./PdfTranslationPage"";
>>    55: import { KnexPdfEngineProvider } from ""../knex-pdf-engine/KnexPdfEngineProvider"";
      56: import {
      57:   beginKnexPdfRenderInteraction,
      58:   clearKnexPdfRenderInteraction,"
"knexwriter\src\modules\Knexread\native-pdf-reader\components\PdfReaderShell.tsx","C:\knexit-workspace\knexit-workspace\knexwriter\src\modules\Knexread\native-pdf-reader\components\PdfReaderShell.tsx","55","pdfEngine","PdfEngine","      52: import { PdfThumbnailsPanel } from ""./PdfThumbnailsPanel"";
      53: import { PdfToolbar } from ""./PdfToolbar"";
      54: import { PdfTranslationPage } from ""./PdfTranslationPage"";
>>    55: import { KnexPdfEngineProvider } from ""../knex-pdf-engine/KnexPdfEngineProvider"";
      56: import {
      57:   beginKnexPdfRenderInteraction,
      58:   clearKnexPdfRenderInteraction,"
"knexwriter\src\modules\Knexread\native-pdf-reader\components\PdfReaderShell.tsx","C:\knexit-workspace\knexit-workspace\knexwriter\src\modules\Knexread\native-pdf-reader\components\PdfReaderShell.tsx","382","renderVersion","RenderVersion","     379:   const activePageRef = useRef(page);
     380:   const [isZoomGestureActive, setIsZoomGestureActive] = useState(false);
     381:   const [isViewportInteracting, setIsViewportInteracting] = useState(false);
>>   382:   const [finalRenderVersion, setFinalRenderVersion] = useState(0);
     383:   const [visiblePageNumbers, setVisiblePageNumbers] = useState<Set<number>>(
     384:     () => new Set([1]),
     385:   );"
"knexwriter\src\modules\Knexread\native-pdf-reader\components\PdfReaderShell.tsx","C:\knexit-workspace\knexit-workspace\knexwriter\src\modules\Knexread\native-pdf-reader\components\PdfReaderShell.tsx","382","renderVersion","RenderVersion","     379:   const activePageRef = useRef(page);
     380:   const [isZoomGestureActive, setIsZoomGestureActive] = useState(false);
     381:   const [isViewportInteracting, setIsViewportInteracting] = useState(false);
>>   382:   const [finalRenderVersion, setFinalRenderVersion] = useState(0);
     383:   const [visiblePageNumbers, setVisiblePageNumbers] = useState<Set<number>>(
     384:     () => new Set([1]),
     385:   );"
"knexwriter\src\modules\Knexread\native-pdf-reader\components\PdfReaderShell.tsx","C:\knexit-workspace\knexit-workspace\knexwriter\src\modules\Knexread\native-pdf-reader\components\PdfReaderShell.tsx","611","renderVersion","RenderVersion","     608:       interactionSettleTimerRef.current = window.setTimeout(() => {
     609:         isViewportInteractingRef.current = false;
     610:         setIsViewportInteracting(false);
>>   611:         setFinalRenderVersion((version) => version + 1);
     612:         clearKnexPdfRenderInteraction();
     613:         interactionSettleTimerRef.current = null;
     614:       }, VIEWPORT_INTERACTION_SETTLE_MS);"
"knexwriter\src\modules\Knexread\native-pdf-reader\components\PdfReaderShell.tsx","C:\knexit-workspace\knexit-workspace\knexwriter\src\modules\Knexread\native-pdf-reader\components\PdfReaderShell.tsx","643","renderVersion","RenderVersion","     640:        * Assim que o zoom estabiliza, força uma nova rodada de render final.
     641:        * Isso evita que o último buffer preview/warmup permaneça ativo.
     642:        */
>>   643:       setFinalRenderVersion((version) => version + 1);
     644: 
     645:       clearKnexPdfRenderInteraction(""zoom"");
     646:       zoomGestureSettleTimerRef.current = null;"
"knexwriter\src\modules\Knexread\native-pdf-reader\components\PdfReaderShell.tsx","C:\knexit-workspace\knexit-workspace\knexwriter\src\modules\Knexread\native-pdf-reader\components\PdfReaderShell.tsx","2407","renderVersion","RenderVersion","    2404:                             isZooming={isZoomGestureActive}
    2405:                             isScrolling={isViewportInteracting && !isZoomGestureActive}
    2406:                             renderPhase={pageRenderPhase}
>>  2407:                             finalRenderVersion={finalRenderVersion}
    2408:                             isWarmupPage={isWarmupPage}
    2409:                             renderPriority={pageRenderPriority}
    2410:                             shouldRenderCanvas={shouldRenderCanvasNow}"
"knexwriter\src\modules\Knexread\native-pdf-reader\components\PdfReaderShell.tsx","C:\knexit-workspace\knexit-workspace\knexwriter\src\modules\Knexread\native-pdf-reader\components\PdfReaderShell.tsx","2407","renderVersion","RenderVersion","    2404:                             isZooming={isZoomGestureActive}
    2405:                             isScrolling={isViewportInteracting && !isZoomGestureActive}
    2406:                             renderPhase={pageRenderPhase}
>>  2407:                             finalRenderVersion={finalRenderVersion}
    2408:                             isWarmupPage={isWarmupPage}
    2409:                             renderPriority={pageRenderPriority}
    2410:                             shouldRenderCanvas={shouldRenderCanvasNow}"
"knexwriter\src\modules\Knexread\native-pdf-reader\components\PdfReaderShell.tsx","C:\knexit-workspace\knexit-workspace\knexwriter\src\modules\Knexread\native-pdf-reader\components\PdfReaderShell.tsx","2511","renderVersion","RenderVersion","    2508:                               isZooming={isZoomGestureActive}
    2509:                               isScrolling={isViewportInteracting && !isZoomGestureActive}
    2510:                               renderPhase={pageRenderPhase}
>>  2511:                               finalRenderVersion={finalRenderVersion}
    2512:                               isWarmupPage={isWarmupPage}
    2513:                               renderPriority={pageRenderPriority}
    2514:                               shouldRenderCanvas={shouldRenderCanvasNow}"
"knexwriter\src\modules\Knexread\native-pdf-reader\components\PdfReaderShell.tsx","C:\knexit-workspace\knexit-workspace\knexwriter\src\modules\Knexread\native-pdf-reader\components\PdfReaderShell.tsx","2511","renderVersion","RenderVersion","    2508:                               isZooming={isZoomGestureActive}
    2509:                               isScrolling={isViewportInteracting && !isZoomGestureActive}
    2510:                               renderPhase={pageRenderPhase}
>>  2511:                               finalRenderVersion={finalRenderVersion}
    2512:                               isWarmupPage={isWarmupPage}
    2513:                               renderPriority={pageRenderPriority}
    2514:                               shouldRenderCanvas={shouldRenderCanvasNow}"
"knexwriter\src\modules\Knexread\native-pdf-reader\components\PdfReaderShell.tsx","C:\knexit-workspace\knexit-workspace\knexwriter\src\modules\Knexread\native-pdf-reader\components\PdfReaderShell.tsx","2658","pdfEngine","PdfEngine","    2655: 
    2656: export function PdfReaderShell(props: KnexreadShellProps) {
    2657:   return (
>>  2658:     <KnexPdfEngineProvider>
    2659:       <PdfReaderShellContent {...props} />
    2660:     </KnexPdfEngineProvider>
    2661:   );"
"knexwriter\src\modules\Knexread\native-pdf-reader\components\PdfReaderShell.tsx","C:\knexit-workspace\knexit-workspace\knexwriter\src\modules\Knexread\native-pdf-reader\components\PdfReaderShell.tsx","2660","pdfEngine","PdfEngine","    2657:   return (
    2658:     <KnexPdfEngineProvider>
    2659:       <PdfReaderShellContent {...props} />
>>  2660:     </KnexPdfEngineProvider>
    2661:   );
    2662: }
    2663: "
"knexwriter\src\modules\Knexread\native-pdf-reader\components\PdfReadingFrame.tsx","C:\knexit-workspace\knexit-workspace\knexwriter\src\modules\Knexread\native-pdf-reader\components\PdfReadingFrame.tsx","86","fallback","FALLBACK","      83: const LEFT_RULER_WIDTH = 28;
      84: const STAGE_PADDING_X = 20;
      85: const STAGE_PADDING_Y = 20;
>>    86: const FALLBACK_PX_PER_CENTIMETER = 96 / 2.54;
      87: const SUBPIXEL_TOLERANCE = 0.5;
      88: const RULER_TICK_BUFFER_VIEWPORTS = 0.75;
      89: "
"knexwriter\src\modules\Knexread\native-pdf-reader\components\PdfReadingFrame.tsx","C:\knexit-workspace\knexit-workspace\knexwriter\src\modules\Knexread\native-pdf-reader\components\PdfReadingFrame.tsx","105","fallback","fallback","     102:  */
     103: const LAYOUT_PIXEL_GRID = 1;
     104: 
>>   105: function safeNumber(value: number | null | undefined, fallback = 0): number {
     106:   return typeof value === ""number"" && Number.isFinite(value)
     107:     ? value
     108:     : fallback;"
"knexwriter\src\modules\Knexread\native-pdf-reader\components\PdfReadingFrame.tsx","C:\knexit-workspace\knexit-workspace\knexwriter\src\modules\Knexread\native-pdf-reader\components\PdfReadingFrame.tsx","108","fallback","fallback","     105: function safeNumber(value: number | null | undefined, fallback = 0): number {
     106:   return typeof value === ""number"" && Number.isFinite(value)
     107:     ? value
>>   108:     : fallback;
     109: }
     110: 
     111: function clamp(value: number, min: number, max: number): number {"
"knexwriter\src\modules\Knexread\native-pdf-reader\components\PdfReadingFrame.tsx","C:\knexit-workspace\knexit-workspace\knexwriter\src\modules\Knexread\native-pdf-reader\components\PdfReadingFrame.tsx","310","fallback","FALLBACK","     307:   const horizontalPxPerCentimeter =
     308:     pageWidthCentimeters > 0 && rulerContentWidth > 0
     309:       ? Math.max(6, rulerContentWidth / pageWidthCentimeters)
>>   310:       : FALLBACK_PX_PER_CENTIMETER;
     311: 
     312:   const verticalPxPerCentimeter =
     313:     pageHeightCentimeters > 0 && (contentHeight ?? 0) > 0"
"knexwriter\src\modules\Knexread\native-pdf-reader\components\PdfTextLayer.tsx","C:\knexit-workspace\knexit-workspace\knexwriter\src\modules\Knexread\native-pdf-reader\components\PdfTextLayer.tsx","314","fallback","Fallback","     311:   return ""normal"";
     312: }
     313: 
>>   314: function estimateFallbackTextWidth(input: {
     315:   text: string;
     316:   fontSize: number;
     317: }): number {"
"knexwriter\src\modules\Knexread\native-pdf-reader\components\PdfTextLayer.tsx","C:\knexit-workspace\knexit-workspace\knexwriter\src\modules\Knexread\native-pdf-reader\components\PdfTextLayer.tsx","348","fallback","Fallback","     345:   const context = getTextMeasureContext();
     346: 
     347:   if (!context) {
>>   348:     return estimateFallbackTextWidth({
     349:       text: input.text,
     350:       fontSize: input.fontSize,
     351:     });"
"knexwriter\src\modules\Knexread\native-pdf-reader\components\PdfTextLayer.tsx","C:\knexit-workspace\knexit-workspace\knexwriter\src\modules\Knexread\native-pdf-reader\components\PdfTextLayer.tsx","372","fallback","fallback","     369: 
     370: function safeNumber(
     371:   value: number | null | undefined,
>>   372:   fallback = 0,
     373: ): number {
     374:   return typeof value === ""number"" && Number.isFinite(value)
     375:     ? value"
"knexwriter\src\modules\Knexread\native-pdf-reader\components\PdfTextLayer.tsx","C:\knexit-workspace\knexit-workspace\knexwriter\src\modules\Knexread\native-pdf-reader\components\PdfTextLayer.tsx","376","fallback","fallback","     373: ): number {
     374:   return typeof value === ""number"" && Number.isFinite(value)
     375:     ? value
>>   376:     : fallback;
     377: }
     378: 
     379: function clampNumber("
"knexwriter\src\modules\Knexread\native-pdf-reader\components\PdfTextLayer.tsx","C:\knexit-workspace\knexit-workspace\knexwriter\src\modules\Knexread\native-pdf-reader\components\PdfTextLayer.tsx","383","fallback","fallback","     380:   value: number | null | undefined,
     381:   min: number,
     382:   max: number,
>>   383:   fallback: number,
     384: ): number {
     385:   const safe = safeNumber(value, fallback);
     386:   return Math.min(max, Math.max(min, safe));"
"knexwriter\src\modules\Knexread\native-pdf-reader\components\PdfTextLayer.tsx","C:\knexit-workspace\knexit-workspace\knexwriter\src\modules\Knexread\native-pdf-reader\components\PdfTextLayer.tsx","385","fallback","fallback","     382:   max: number,
     383:   fallback: number,
     384: ): number {
>>   385:   const safe = safeNumber(value, fallback);
     386:   return Math.min(max, Math.max(min, safe));
     387: }
     388: "
"knexwriter\src\modules\Knexread\native-pdf-reader\components\PdfTextLayer.tsx","C:\knexit-workspace\knexit-workspace\knexwriter\src\modules\Knexread\native-pdf-reader\components\PdfTextLayer.tsx","389","fallback","fallback","     386:   return Math.min(max, Math.max(min, safe));
     387: }
     388: 
>>   389: function px(value: number | null | undefined, fallback = 0): string {
     390:   return `${safeNumber(value, fallback)}px`;
     391: }
     392: "
"knexwriter\src\modules\Knexread\native-pdf-reader\components\PdfTextLayer.tsx","C:\knexit-workspace\knexit-workspace\knexwriter\src\modules\Knexread\native-pdf-reader\components\PdfTextLayer.tsx","390","fallback","fallback","     387: }
     388: 
     389: function px(value: number | null | undefined, fallback = 0): string {
>>   390:   return `${safeNumber(value, fallback)}px`;
     391: }
     392: 
     393: function positivePx(value: number | null | undefined, fallback = 1): string {"
"knexwriter\src\modules\Knexread\native-pdf-reader\components\PdfTextLayer.tsx","C:\knexit-workspace\knexit-workspace\knexwriter\src\modules\Knexread\native-pdf-reader\components\PdfTextLayer.tsx","393","fallback","fallback","     390:   return `${safeNumber(value, fallback)}px`;
     391: }
     392: 
>>   393: function positivePx(value: number | null | undefined, fallback = 1): string {
     394:   return `${Math.max(1, safeNumber(value, fallback))}px`;
     395: }
     396: "
"knexwriter\src\modules\Knexread\native-pdf-reader\components\PdfTextLayer.tsx","C:\knexit-workspace\knexit-workspace\knexwriter\src\modules\Knexread\native-pdf-reader\components\PdfTextLayer.tsx","394","fallback","fallback","     391: }
     392: 
     393: function positivePx(value: number | null | undefined, fallback = 1): string {
>>   394:   return `${Math.max(1, safeNumber(value, fallback))}px`;
     395: }
     396: 
     397: function cleanPdfFontName(fontName: string): string {"
"knexwriter\src\modules\Knexread\native-pdf-reader\components\PdfTextLayer.tsx","C:\knexit-workspace\knexit-workspace\knexwriter\src\modules\Knexread\native-pdf-reader\components\PdfTextLayer.tsx","816","backend.*=","backend=","     813:           <span
     814:             key={block.id}
     815:             data-pdf-block-id={block.id}
>>   816:             data-pdf-source-backend={block.sourceBackend}
     817:             data-pdf-visual-role={block.visualRole}
     818:             data-pdf-text-render-mode={block.textRenderMode}
     819:             data-pdf-confidence={block.confidence}"
"knexwriter\src\modules\Knexread\native-pdf-reader\components\PdfThumbnailsPanel.tsx","C:\knexit-workspace\knexit-workspace\knexwriter\src\modules\Knexread\native-pdf-reader\components\PdfThumbnailsPanel.tsx","109","getViewport","getViewport","     106:     const render = async () => {
     107:       try {
     108:         const page = await session.pdf.getPage(pageNumber);
>>   109:         const viewport = page.getViewport({ scale: 1 });
     110:         const nextRatio = viewport.height / Math.max(1, viewport.width);
     111:         const workerCanvas = document.createElement(""canvas"");
     112: "
"knexwriter\src\modules\Knexread\native-pdf-reader\components\pdf-tiles\PdfTileCanvas.tsx","C:\knexit-workspace\knexit-workspace\knexwriter\src\modules\Knexread\native-pdf-reader\components\pdf-tiles\PdfTileCanvas.tsx","12","fallback","Fallback","       9:   requestServerRenderedTile,
      10:   TileBitmapCache,
      11:   TileRenderScheduler,
>>    12:   type KnexReadServerTileFallbackResponse,
      13:   type KnexReadServerTileRequest,
      14:   type KnexReadServerTileResponse,
      15:   type KnexReadServerTileReadyResponse,"
"knexwriter\src\modules\Knexread\native-pdf-reader\components\pdf-tiles\PdfTileCanvas.tsx","C:\knexit-workspace\knexit-workspace\knexwriter\src\modules\Knexread\native-pdf-reader\components\pdf-tiles\PdfTileCanvas.tsx","76","fallback","Fallback","      73:   return response.ok === true;
      74: }
      75: 
>>    76: function asServerTileFallbackResponse(
      77:   response: KnexReadServerTileResponse,
      78: ): KnexReadServerTileFallbackResponse {
      79:   return response as KnexReadServerTileFallbackResponse;"
"knexwriter\src\modules\Knexread\native-pdf-reader\components\pdf-tiles\PdfTileCanvas.tsx","C:\knexit-workspace\knexit-workspace\knexwriter\src\modules\Knexread\native-pdf-reader\components\pdf-tiles\PdfTileCanvas.tsx","78","fallback","Fallback","      75: 
      76: function asServerTileFallbackResponse(
      77:   response: KnexReadServerTileResponse,
>>    78: ): KnexReadServerTileFallbackResponse {
      79:   return response as KnexReadServerTileFallbackResponse;
      80: }
      81: "
"knexwriter\src\modules\Knexread\native-pdf-reader\components\pdf-tiles\PdfTileCanvas.tsx","C:\knexit-workspace\knexit-workspace\knexwriter\src\modules\Knexread\native-pdf-reader\components\pdf-tiles\PdfTileCanvas.tsx","79","fallback","Fallback","      76: function asServerTileFallbackResponse(
      77:   response: KnexReadServerTileResponse,
      78: ): KnexReadServerTileFallbackResponse {
>>    79:   return response as KnexReadServerTileFallbackResponse;
      80: }
      81: 
      82: function createTileCacheKey(input: {"
"knexwriter\src\modules\Knexread\native-pdf-reader\components\pdf-tiles\PdfTileCanvas.tsx","C:\knexit-workspace\knexit-workspace\knexwriter\src\modules\Knexread\native-pdf-reader\components\pdf-tiles\PdfTileCanvas.tsx","103","outputScale","outputScale","     100:       cssWidth: input.tile.cssWidth,
     101:       cssHeight: input.tile.cssHeight,
     102:       zoomBucket: createKnexPdfZoomBucket(input.geometry.zoom),
>>   103:       outputScale: Math.min(input.tile.outputScaleX, input.tile.outputScaleY),
     104:       renderPhase: input.renderPhase,
     105:       renderVersion: STABLE_TILE_CACHE_RENDER_VERSION,
     106:       finalRenderVersion: STABLE_TILE_CACHE_RENDER_VERSION,"
"knexwriter\src\modules\Knexread\native-pdf-reader\components\pdf-tiles\PdfTileCanvas.tsx","C:\knexit-workspace\knexit-workspace\knexwriter\src\modules\Knexread\native-pdf-reader\components\pdf-tiles\PdfTileCanvas.tsx","103","outputScale","outputScale","     100:       cssWidth: input.tile.cssWidth,
     101:       cssHeight: input.tile.cssHeight,
     102:       zoomBucket: createKnexPdfZoomBucket(input.geometry.zoom),
>>   103:       outputScale: Math.min(input.tile.outputScaleX, input.tile.outputScaleY),
     104:       renderPhase: input.renderPhase,
     105:       renderVersion: STABLE_TILE_CACHE_RENDER_VERSION,
     106:       finalRenderVersion: STABLE_TILE_CACHE_RENDER_VERSION,"
"knexwriter\src\modules\Knexread\native-pdf-reader\components\pdf-tiles\PdfTileCanvas.tsx","C:\knexit-workspace\knexit-workspace\knexwriter\src\modules\Knexread\native-pdf-reader\components\pdf-tiles\PdfTileCanvas.tsx","103","outputScale","outputScale","     100:       cssWidth: input.tile.cssWidth,
     101:       cssHeight: input.tile.cssHeight,
     102:       zoomBucket: createKnexPdfZoomBucket(input.geometry.zoom),
>>   103:       outputScale: Math.min(input.tile.outputScaleX, input.tile.outputScaleY),
     104:       renderPhase: input.renderPhase,
     105:       renderVersion: STABLE_TILE_CACHE_RENDER_VERSION,
     106:       finalRenderVersion: STABLE_TILE_CACHE_RENDER_VERSION,"
"knexwriter\src\modules\Knexread\native-pdf-reader\components\pdf-tiles\PdfTileCanvas.tsx","C:\knexit-workspace\knexit-workspace\knexwriter\src\modules\Knexread\native-pdf-reader\components\pdf-tiles\PdfTileCanvas.tsx","105","renderVersion","renderVersion","     102:       zoomBucket: createKnexPdfZoomBucket(input.geometry.zoom),
     103:       outputScale: Math.min(input.tile.outputScaleX, input.tile.outputScaleY),
     104:       renderPhase: input.renderPhase,
>>   105:       renderVersion: STABLE_TILE_CACHE_RENDER_VERSION,
     106:       finalRenderVersion: STABLE_TILE_CACHE_RENDER_VERSION,
     107:       backend: input.backend,
     108:       rotation: input.geometry.rotation,"
"knexwriter\src\modules\Knexread\native-pdf-reader\components\pdf-tiles\PdfTileCanvas.tsx","C:\knexit-workspace\knexit-workspace\knexwriter\src\modules\Knexread\native-pdf-reader\components\pdf-tiles\PdfTileCanvas.tsx","106","renderVersion","RenderVersion","     103:       outputScale: Math.min(input.tile.outputScaleX, input.tile.outputScaleY),
     104:       renderPhase: input.renderPhase,
     105:       renderVersion: STABLE_TILE_CACHE_RENDER_VERSION,
>>   106:       finalRenderVersion: STABLE_TILE_CACHE_RENDER_VERSION,
     107:       backend: input.backend,
     108:       rotation: input.geometry.rotation,
     109:     }),"
"knexwriter\src\modules\Knexread\native-pdf-reader\components\pdf-tiles\PdfTileCanvas.tsx","C:\knexit-workspace\knexit-workspace\knexwriter\src\modules\Knexread\native-pdf-reader\components\pdf-tiles\PdfTileCanvas.tsx","112","backend.*=","backend=","     109:     }),
     110:     `q=${input.renderQuality}`,
     111:     `mode=${getTileRenderMode(input.renderText)}`,
>>   112:     `backend=${input.backend}`,
     113:     `bv=${input.backendVersion}`,
     114:   ].join(""|"");
     115: }"
"knexwriter\src\modules\Knexread\native-pdf-reader\components\pdf-tiles\PdfTileCanvas.tsx","C:\knexit-workspace\knexit-workspace\knexwriter\src\modules\Knexread\native-pdf-reader\components\pdf-tiles\PdfTileCanvas.tsx","125","canvas\.width","canvas.width","     122: }) {
     123:   const { source, sourceWidth, sourceHeight, canvas } = input;
     124: 
>>   125:   canvas.width = Math.max(1, Math.ceil(sourceWidth));
     126:   canvas.height = Math.max(1, Math.ceil(sourceHeight));
     127:   canvas.style.imageRendering = ""auto"";
     128: "
"knexwriter\src\modules\Knexread\native-pdf-reader\components\pdf-tiles\PdfTileCanvas.tsx","C:\knexit-workspace\knexit-workspace\knexwriter\src\modules\Knexread\native-pdf-reader\components\pdf-tiles\PdfTileCanvas.tsx","126","canvas\.height","canvas.height","     123:   const { source, sourceWidth, sourceHeight, canvas } = input;
     124: 
     125:   canvas.width = Math.max(1, Math.ceil(sourceWidth));
>>   126:   canvas.height = Math.max(1, Math.ceil(sourceHeight));
     127:   canvas.style.imageRendering = ""auto"";
     128: 
     129:   const context = canvas.getContext(""2d"", {"
"knexwriter\src\modules\Knexread\native-pdf-reader\components\pdf-tiles\PdfTileCanvas.tsx","C:\knexit-workspace\knexit-workspace\knexwriter\src\modules\Knexread\native-pdf-reader\components\pdf-tiles\PdfTileCanvas.tsx","141","canvas\.width","canvas.width","     138:   context.save();
     139:   context.setTransform(1, 0, 0, 1, 0, 0);
     140:   context.fillStyle = ""#ffffff"";
>>   141:   context.fillRect(0, 0, canvas.width, canvas.height);
     142:   context.imageSmoothingEnabled = true;
     143:   context.imageSmoothingQuality = ""high"";
     144:   context.drawImage(source, 0, 0);"
"knexwriter\src\modules\Knexread\native-pdf-reader\components\pdf-tiles\PdfTileCanvas.tsx","C:\knexit-workspace\knexit-workspace\knexwriter\src\modules\Knexread\native-pdf-reader\components\pdf-tiles\PdfTileCanvas.tsx","141","canvas\.height","canvas.height","     138:   context.save();
     139:   context.setTransform(1, 0, 0, 1, 0, 0);
     140:   context.fillStyle = ""#ffffff"";
>>   141:   context.fillRect(0, 0, canvas.width, canvas.height);
     142:   context.imageSmoothingEnabled = true;
     143:   context.imageSmoothingQuality = ""high"";
     144:   context.drawImage(source, 0, 0);"
"knexwriter\src\modules\Knexread\native-pdf-reader\components\pdf-tiles\PdfTileCanvas.tsx","C:\knexit-workspace\knexit-workspace\knexwriter\src\modules\Knexread\native-pdf-reader\components\pdf-tiles\PdfTileCanvas.tsx","211","outputScale","outputScale","     208:     pageNumber: input.geometry.pageNumber,
     209:     zoom: input.geometry.zoom,
     210:     dpi,
>>   211:     outputScale: Math.min(input.tile.outputScaleX, input.tile.outputScaleY),
     212:     tile: {
     213:       row: input.tile.row,
     214:       column: input.tile.column,"
"knexwriter\src\modules\Knexread\native-pdf-reader\components\pdf-tiles\PdfTileCanvas.tsx","C:\knexit-workspace\knexit-workspace\knexwriter\src\modules\Knexread\native-pdf-reader\components\pdf-tiles\PdfTileCanvas.tsx","211","outputScale","outputScale","     208:     pageNumber: input.geometry.pageNumber,
     209:     zoom: input.geometry.zoom,
     210:     dpi,
>>   211:     outputScale: Math.min(input.tile.outputScaleX, input.tile.outputScaleY),
     212:     tile: {
     213:       row: input.tile.row,
     214:       column: input.tile.column,"
"knexwriter\src\modules\Knexread\native-pdf-reader\components\pdf-tiles\PdfTileCanvas.tsx","C:\knexit-workspace\knexit-workspace\knexwriter\src\modules\Knexread\native-pdf-reader\components\pdf-tiles\PdfTileCanvas.tsx","211","outputScale","outputScale","     208:     pageNumber: input.geometry.pageNumber,
     209:     zoom: input.geometry.zoom,
     210:     dpi,
>>   211:     outputScale: Math.min(input.tile.outputScaleX, input.tile.outputScaleY),
     212:     tile: {
     213:       row: input.tile.row,
     214:       column: input.tile.column,"
"knexwriter\src\modules\Knexread\native-pdf-reader\components\pdf-tiles\PdfTileCanvas.tsx","C:\knexit-workspace\knexit-workspace\knexwriter\src\modules\Knexread\native-pdf-reader\components\pdf-tiles\PdfTileCanvas.tsx","245","fallback","fallback","     242:   backend?: string;
     243:   dpi?: number | null;
     244:   storageHit?: boolean;
>>   245:   fallbackReason?: string;
     246:   renderDurationMs?: number | null;
     247: }) {
     248:   const { canvas, geometry, tile } = input;"
"knexwriter\src\modules\Knexread\native-pdf-reader\components\pdf-tiles\PdfTileCanvas.tsx","C:\knexit-workspace\knexit-workspace\knexwriter\src\modules\Knexread\native-pdf-reader\components\pdf-tiles\PdfTileCanvas.tsx","255","backend.*=","Backend =","     252:   canvas.dataset.knexPdfTileId = tile.id;
     253:   canvas.dataset.knexPdfTileRow = String(tile.row);
     254:   canvas.dataset.knexPdfTileColumn = String(tile.column);
>>   255:   canvas.dataset.knexPdfBackend = input.backend ?? ""pdfjs"";
     256:   canvas.dataset.knexPdfRenderPhase = input.renderPhase;
     257:   canvas.dataset.knexPdfOutputScale = String(geometry.outputScale);
     258:   canvas.dataset.knexPdfOutputScaleX = String(tile.outputScaleX);"
"knexwriter\src\modules\Knexread\native-pdf-reader\components\pdf-tiles\PdfTileCanvas.tsx","C:\knexit-workspace\knexit-workspace\knexwriter\src\modules\Knexread\native-pdf-reader\components\pdf-tiles\PdfTileCanvas.tsx","257","outputScale","OutputScale","     254:   canvas.dataset.knexPdfTileColumn = String(tile.column);
     255:   canvas.dataset.knexPdfBackend = input.backend ?? ""pdfjs"";
     256:   canvas.dataset.knexPdfRenderPhase = input.renderPhase;
>>   257:   canvas.dataset.knexPdfOutputScale = String(geometry.outputScale);
     258:   canvas.dataset.knexPdfOutputScaleX = String(tile.outputScaleX);
     259:   canvas.dataset.knexPdfOutputScaleY = String(tile.outputScaleY);
     260:   canvas.dataset.knexPdfTileCssLeft = String(tile.cssX);"
"knexwriter\src\modules\Knexread\native-pdf-reader\components\pdf-tiles\PdfTileCanvas.tsx","C:\knexit-workspace\knexit-workspace\knexwriter\src\modules\Knexread\native-pdf-reader\components\pdf-tiles\PdfTileCanvas.tsx","257","outputScale","outputScale","     254:   canvas.dataset.knexPdfTileColumn = String(tile.column);
     255:   canvas.dataset.knexPdfBackend = input.backend ?? ""pdfjs"";
     256:   canvas.dataset.knexPdfRenderPhase = input.renderPhase;
>>   257:   canvas.dataset.knexPdfOutputScale = String(geometry.outputScale);
     258:   canvas.dataset.knexPdfOutputScaleX = String(tile.outputScaleX);
     259:   canvas.dataset.knexPdfOutputScaleY = String(tile.outputScaleY);
     260:   canvas.dataset.knexPdfTileCssLeft = String(tile.cssX);"
"knexwriter\src\modules\Knexread\native-pdf-reader\components\pdf-tiles\PdfTileCanvas.tsx","C:\knexit-workspace\knexit-workspace\knexwriter\src\modules\Knexread\native-pdf-reader\components\pdf-tiles\PdfTileCanvas.tsx","258","outputScale","OutputScale","     255:   canvas.dataset.knexPdfBackend = input.backend ?? ""pdfjs"";
     256:   canvas.dataset.knexPdfRenderPhase = input.renderPhase;
     257:   canvas.dataset.knexPdfOutputScale = String(geometry.outputScale);
>>   258:   canvas.dataset.knexPdfOutputScaleX = String(tile.outputScaleX);
     259:   canvas.dataset.knexPdfOutputScaleY = String(tile.outputScaleY);
     260:   canvas.dataset.knexPdfTileCssLeft = String(tile.cssX);
     261:   canvas.dataset.knexPdfTileCssTop = String(tile.cssY);"
"knexwriter\src\modules\Knexread\native-pdf-reader\components\pdf-tiles\PdfTileCanvas.tsx","C:\knexit-workspace\knexit-workspace\knexwriter\src\modules\Knexread\native-pdf-reader\components\pdf-tiles\PdfTileCanvas.tsx","258","outputScale","outputScale","     255:   canvas.dataset.knexPdfBackend = input.backend ?? ""pdfjs"";
     256:   canvas.dataset.knexPdfRenderPhase = input.renderPhase;
     257:   canvas.dataset.knexPdfOutputScale = String(geometry.outputScale);
>>   258:   canvas.dataset.knexPdfOutputScaleX = String(tile.outputScaleX);
     259:   canvas.dataset.knexPdfOutputScaleY = String(tile.outputScaleY);
     260:   canvas.dataset.knexPdfTileCssLeft = String(tile.cssX);
     261:   canvas.dataset.knexPdfTileCssTop = String(tile.cssY);"
"knexwriter\src\modules\Knexread\native-pdf-reader\components\pdf-tiles\PdfTileCanvas.tsx","C:\knexit-workspace\knexit-workspace\knexwriter\src\modules\Knexread\native-pdf-reader\components\pdf-tiles\PdfTileCanvas.tsx","259","outputScale","outputScale","     256:   canvas.dataset.knexPdfRenderPhase = input.renderPhase;
     257:   canvas.dataset.knexPdfOutputScale = String(geometry.outputScale);
     258:   canvas.dataset.knexPdfOutputScaleX = String(tile.outputScaleX);
>>   259:   canvas.dataset.knexPdfOutputScaleY = String(tile.outputScaleY);
     260:   canvas.dataset.knexPdfTileCssLeft = String(tile.cssX);
     261:   canvas.dataset.knexPdfTileCssTop = String(tile.cssY);
     262:   canvas.dataset.knexPdfTileCssWidth = String(tile.cssWidth);"
"knexwriter\src\modules\Knexread\native-pdf-reader\components\pdf-tiles\PdfTileCanvas.tsx","C:\knexit-workspace\knexit-workspace\knexwriter\src\modules\Knexread\native-pdf-reader\components\pdf-tiles\PdfTileCanvas.tsx","259","outputScale","OutputScale","     256:   canvas.dataset.knexPdfRenderPhase = input.renderPhase;
     257:   canvas.dataset.knexPdfOutputScale = String(geometry.outputScale);
     258:   canvas.dataset.knexPdfOutputScaleX = String(tile.outputScaleX);
>>   259:   canvas.dataset.knexPdfOutputScaleY = String(tile.outputScaleY);
     260:   canvas.dataset.knexPdfTileCssLeft = String(tile.cssX);
     261:   canvas.dataset.knexPdfTileCssTop = String(tile.cssY);
     262:   canvas.dataset.knexPdfTileCssWidth = String(tile.cssWidth);"
"knexwriter\src\modules\Knexread\native-pdf-reader\components\pdf-tiles\PdfTileCanvas.tsx","C:\knexit-workspace\knexit-workspace\knexwriter\src\modules\Knexread\native-pdf-reader\components\pdf-tiles\PdfTileCanvas.tsx","264","canvas\.width","canvas.width","     261:   canvas.dataset.knexPdfTileCssTop = String(tile.cssY);
     262:   canvas.dataset.knexPdfTileCssWidth = String(tile.cssWidth);
     263:   canvas.dataset.knexPdfTileCssHeight = String(tile.cssHeight);
>>   264:   canvas.dataset.knexPdfTileBitmapWidth = String(canvas.width || tile.bitmapWidth);
     265:   canvas.dataset.knexPdfTileBitmapHeight = String(
     266:     canvas.height || tile.bitmapHeight,
     267:   );"
"knexwriter\src\modules\Knexread\native-pdf-reader\components\pdf-tiles\PdfTileCanvas.tsx","C:\knexit-workspace\knexit-workspace\knexwriter\src\modules\Knexread\native-pdf-reader\components\pdf-tiles\PdfTileCanvas.tsx","266","canvas\.height","canvas.height","     263:   canvas.dataset.knexPdfTileCssHeight = String(tile.cssHeight);
     264:   canvas.dataset.knexPdfTileBitmapWidth = String(canvas.width || tile.bitmapWidth);
     265:   canvas.dataset.knexPdfTileBitmapHeight = String(
>>   266:     canvas.height || tile.bitmapHeight,
     267:   );
     268:   canvas.dataset.knexPdfTileStatus = input.status;
     269:   canvas.dataset.knexPdfTileCache = input.cacheStatus;"
"knexwriter\src\modules\Knexread\native-pdf-reader\components\pdf-tiles\PdfTileCanvas.tsx","C:\knexit-workspace\knexit-workspace\knexwriter\src\modules\Knexread\native-pdf-reader\components\pdf-tiles\PdfTileCanvas.tsx","285","fallback","Fallback","     282:       ? String(input.dpi)
     283:       : """";
     284:   canvas.dataset.knexPdfStorageHit = input.storageHit ? ""true"" : ""false"";
>>   285:   canvas.dataset.knexPdfServerTileFallbackReason =
     286:     input.fallbackReason ?? """";
     287: }
     288: "
"knexwriter\src\modules\Knexread\native-pdf-reader\components\pdf-tiles\PdfTileCanvas.tsx","C:\knexit-workspace\knexit-workspace\knexwriter\src\modules\Knexread\native-pdf-reader\components\pdf-tiles\PdfTileCanvas.tsx","286","fallback","fallback","     283:       : """";
     284:   canvas.dataset.knexPdfStorageHit = input.storageHit ? ""true"" : ""false"";
     285:   canvas.dataset.knexPdfServerTileFallbackReason =
>>   286:     input.fallbackReason ?? """";
     287: }
     288: 
     289: export type PdfTileCanvasProps = {"
"knexwriter\src\modules\Knexread\native-pdf-reader\components\pdf-tiles\PdfTileCanvas.tsx","C:\knexit-workspace\knexit-workspace\knexwriter\src\modules\Knexread\native-pdf-reader\components\pdf-tiles\PdfTileCanvas.tsx","301","renderVersion","RenderVersion","     298:   tileRenderMode: TileRenderMode;
     299:   priority: number;
     300:   backendVersion: number;
>>   301:   finalRenderVersion: number;
     302:   generationId: string;
     303:   onTileReady?: (tileId: string, generationId: string) => void;
     304: };"
"knexwriter\src\modules\Knexread\native-pdf-reader\components\pdf-tiles\PdfTileCanvas.tsx","C:\knexit-workspace\knexit-workspace\knexwriter\src\modules\Knexread\native-pdf-reader\components\pdf-tiles\PdfTileCanvas.tsx","302","generationId","generationId","     299:   priority: number;
     300:   backendVersion: number;
     301:   finalRenderVersion: number;
>>   302:   generationId: string;
     303:   onTileReady?: (tileId: string, generationId: string) => void;
     304: };
     305: "
"knexwriter\src\modules\Knexread\native-pdf-reader\components\pdf-tiles\PdfTileCanvas.tsx","C:\knexit-workspace\knexit-workspace\knexwriter\src\modules\Knexread\native-pdf-reader\components\pdf-tiles\PdfTileCanvas.tsx","303","generationId","generationId","     300:   backendVersion: number;
     301:   finalRenderVersion: number;
     302:   generationId: string;
>>   303:   onTileReady?: (tileId: string, generationId: string) => void;
     304: };
     305: 
     306: export function PdfTileCanvas({"
"knexwriter\src\modules\Knexread\native-pdf-reader\components\pdf-tiles\PdfTileCanvas.tsx","C:\knexit-workspace\knexit-workspace\knexwriter\src\modules\Knexread\native-pdf-reader\components\pdf-tiles\PdfTileCanvas.tsx","318","generationId","generationId","     315:   tileRenderMode,
     316:   priority,
     317:   backendVersion,
>>   318:   generationId,
     319:   onTileReady,
     320: }: PdfTileCanvasProps) {
     321:   const canvasRef = useRef<HTMLCanvasElement | null>(null);"
"knexwriter\src\modules\Knexread\native-pdf-reader\components\pdf-tiles\PdfTileCanvas.tsx","C:\knexit-workspace\knexit-workspace\knexwriter\src\modules\Knexread\native-pdf-reader\components\pdf-tiles\PdfTileCanvas.tsx","340","backend.*=","backend: tileRenderMode ===","     337:       renderQuality,
     338:       renderPhase,
     339:       renderText,
>>   340:       backend: tileRenderMode === ""server-tiled"" ? ""server-tiled"" : ""pdfjs"",
     341:       backendVersion,
     342:     });
     343:     const cachedTile = tileBitmapCache.get(cacheKey);"
"knexwriter\src\modules\Knexread\native-pdf-reader\components\pdf-tiles\PdfTileCanvas.tsx","C:\knexit-workspace\knexit-workspace\knexwriter\src\modules\Knexread\native-pdf-reader\components\pdf-tiles\PdfTileCanvas.tsx","352","backend.*=","backend: tileRenderMode ===","     349:       renderPhase,
     350:       status: cachedTile ? ""ready"" : ""rendering"",
     351:       cacheStatus: cachedTile ? ""hit"" : ""miss"",
>>   352:       backend: tileRenderMode === ""server-tiled"" ? ""server-tiled"" : ""pdfjs"",
     353:       dpi: cachedTile?.dpi,
     354:       storageHit: cachedTile?.storageHit,
     355:       renderDurationMs: cachedTile?.renderDurationMs,"
"knexwriter\src\modules\Knexread\native-pdf-reader\components\pdf-tiles\PdfTileCanvas.tsx","C:\knexit-workspace\knexit-workspace\knexwriter\src\modules\Knexread\native-pdf-reader\components\pdf-tiles\PdfTileCanvas.tsx","384","generationId","generationId","     381:           storageHit: cachedTile.storageHit,
     382:           renderDurationMs: cachedTile.renderDurationMs,
     383:         });
>>   384:         onTileReady?.(tile.id, generationId);
     385: 
     386:         return () => {
     387:           cancelled = true;"
"knexwriter\src\modules\Knexread\native-pdf-reader\components\pdf-tiles\PdfTileCanvas.tsx","C:\knexit-workspace\knexit-workspace\knexwriter\src\modules\Knexread\native-pdf-reader\components\pdf-tiles\PdfTileCanvas.tsx","399","fallback","fallback","     396:     setCacheStatus(""miss"");
     397:     setStatus(""rendering"");
     398: 
>>   399:     const renderLocalTile = async (fallbackReason?: string) => {
     400:       const workerCanvas = document.createElement(""canvas"");
     401: 
     402:       try {"
"knexwriter\src\modules\Knexread\native-pdf-reader\components\pdf-tiles\PdfTileCanvas.tsx","C:\knexit-workspace\knexit-workspace\knexwriter\src\modules\Knexread\native-pdf-reader\components\pdf-tiles\PdfTileCanvas.tsx","457","canvas\.width","Canvas.width","     454:         } else {
     455:           drawTileSourceToCanvas({
     456:             source: workerCanvas,
>>   457:             sourceWidth: workerCanvas.width,
     458:             sourceHeight: workerCanvas.height,
     459:             canvas,
     460:           });"
"knexwriter\src\modules\Knexread\native-pdf-reader\components\pdf-tiles\PdfTileCanvas.tsx","C:\knexit-workspace\knexit-workspace\knexwriter\src\modules\Knexread\native-pdf-reader\components\pdf-tiles\PdfTileCanvas.tsx","458","canvas\.height","Canvas.height","     455:           drawTileSourceToCanvas({
     456:             source: workerCanvas,
     457:             sourceWidth: workerCanvas.width,
>>   458:             sourceHeight: workerCanvas.height,
     459:             canvas,
     460:           });
     461:           hasDrawnBitmapRef.current = true;"
"knexwriter\src\modules\Knexread\native-pdf-reader\components\pdf-tiles\PdfTileCanvas.tsx","C:\knexit-workspace\knexit-workspace\knexwriter\src\modules\Knexread\native-pdf-reader\components\pdf-tiles\PdfTileCanvas.tsx","477","fallback","fallback","     474:           status: ""ready"",
     475:           cacheStatus: bitmapForCache ? ""stored"" : ""miss"",
     476:           backend: ""pdfjs"",
>>   477:           fallbackReason,
     478:           renderDurationMs: renderedTile.renderDurationMs,
     479:         });
     480:         onTileReady?.(tile.id, generationId);"
"knexwriter\src\modules\Knexread\native-pdf-reader\components\pdf-tiles\PdfTileCanvas.tsx","C:\knexit-workspace\knexit-workspace\knexwriter\src\modules\Knexread\native-pdf-reader\components\pdf-tiles\PdfTileCanvas.tsx","480","generationId","generationId","     477:           fallbackReason,
     478:           renderDurationMs: renderedTile.renderDurationMs,
     479:         });
>>   480:         onTileReady?.(tile.id, generationId);
     481: 
     482:         if (isTileDebugEnabled()) {
     483:           // eslint-disable-next-line no-console"
"knexwriter\src\modules\Knexread\native-pdf-reader\components\pdf-tiles\PdfTileCanvas.tsx","C:\knexit-workspace\knexit-workspace\knexwriter\src\modules\Knexread\native-pdf-reader\components\pdf-tiles\PdfTileCanvas.tsx","488","canvas\.width","canvas.width","     485:             tileId: tile.id,
     486:             status: ""ready"",
     487:             cache: canvas.dataset.knexPdfTileCache,
>>   488:             bitmapWidth: canvas.width,
     489:             bitmapHeight: canvas.height,
     490:             backend: canvas.dataset.knexPdfBackend,
     491:           });"
"knexwriter\src\modules\Knexread\native-pdf-reader\components\pdf-tiles\PdfTileCanvas.tsx","C:\knexit-workspace\knexit-workspace\knexwriter\src\modules\Knexread\native-pdf-reader\components\pdf-tiles\PdfTileCanvas.tsx","489","canvas\.height","canvas.height","     486:             status: ""ready"",
     487:             cache: canvas.dataset.knexPdfTileCache,
     488:             bitmapWidth: canvas.width,
>>   489:             bitmapHeight: canvas.height,
     490:             backend: canvas.dataset.knexPdfBackend,
     491:           });
     492:         }"
"knexwriter\src\modules\Knexread\native-pdf-reader\components\pdf-tiles\PdfTileCanvas.tsx","C:\knexit-workspace\knexit-workspace\knexwriter\src\modules\Knexread\native-pdf-reader\components\pdf-tiles\PdfTileCanvas.tsx","494","canvas\.width","Canvas.width","     491:           });
     492:         }
     493:       } finally {
>>   494:         workerCanvas.width = 0;
     495:         workerCanvas.height = 0;
     496:       }
     497:     };"
"knexwriter\src\modules\Knexread\native-pdf-reader\components\pdf-tiles\PdfTileCanvas.tsx","C:\knexit-workspace\knexit-workspace\knexwriter\src\modules\Knexread\native-pdf-reader\components\pdf-tiles\PdfTileCanvas.tsx","495","canvas\.height","Canvas.height","     492:         }
     493:       } finally {
     494:         workerCanvas.width = 0;
>>   495:         workerCanvas.height = 0;
     496:       }
     497:     };
     498: "
"knexwriter\src\modules\Knexread\native-pdf-reader\components\pdf-tiles\PdfTileCanvas.tsx","C:\knexit-workspace\knexit-workspace\knexwriter\src\modules\Knexread\native-pdf-reader\components\pdf-tiles\PdfTileCanvas.tsx","513","fallback","Fallback","     510:       });
     511: 
     512:       if (!isServerTileReadyResponse(response)) {
>>   513:         const fallbackResponse = asServerTileFallbackResponse(response);
     514:         canvas.dataset.knexPdfServerTileFallbackReason =
     515:           fallbackResponse.reason;
     516:         canvas.dataset.knexPdfServerTileFallback ="
"knexwriter\src\modules\Knexread\native-pdf-reader\components\pdf-tiles\PdfTileCanvas.tsx","C:\knexit-workspace\knexit-workspace\knexwriter\src\modules\Knexread\native-pdf-reader\components\pdf-tiles\PdfTileCanvas.tsx","513","fallback","fallback","     510:       });
     511: 
     512:       if (!isServerTileReadyResponse(response)) {
>>   513:         const fallbackResponse = asServerTileFallbackResponse(response);
     514:         canvas.dataset.knexPdfServerTileFallbackReason =
     515:           fallbackResponse.reason;
     516:         canvas.dataset.knexPdfServerTileFallback ="
"knexwriter\src\modules\Knexread\native-pdf-reader\components\pdf-tiles\PdfTileCanvas.tsx","C:\knexit-workspace\knexit-workspace\knexwriter\src\modules\Knexread\native-pdf-reader\components\pdf-tiles\PdfTileCanvas.tsx","514","fallback","Fallback","     511: 
     512:       if (!isServerTileReadyResponse(response)) {
     513:         const fallbackResponse = asServerTileFallbackResponse(response);
>>   514:         canvas.dataset.knexPdfServerTileFallbackReason =
     515:           fallbackResponse.reason;
     516:         canvas.dataset.knexPdfServerTileFallback =
     517:           fallbackResponse.fallback;"
"knexwriter\src\modules\Knexread\native-pdf-reader\components\pdf-tiles\PdfTileCanvas.tsx","C:\knexit-workspace\knexit-workspace\knexwriter\src\modules\Knexread\native-pdf-reader\components\pdf-tiles\PdfTileCanvas.tsx","515","fallback","fallback","     512:       if (!isServerTileReadyResponse(response)) {
     513:         const fallbackResponse = asServerTileFallbackResponse(response);
     514:         canvas.dataset.knexPdfServerTileFallbackReason =
>>   515:           fallbackResponse.reason;
     516:         canvas.dataset.knexPdfServerTileFallback =
     517:           fallbackResponse.fallback;
     518:         return fallbackResponse.reason;"
"knexwriter\src\modules\Knexread\native-pdf-reader\components\pdf-tiles\PdfTileCanvas.tsx","C:\knexit-workspace\knexit-workspace\knexwriter\src\modules\Knexread\native-pdf-reader\components\pdf-tiles\PdfTileCanvas.tsx","516","fallback","Fallback","     513:         const fallbackResponse = asServerTileFallbackResponse(response);
     514:         canvas.dataset.knexPdfServerTileFallbackReason =
     515:           fallbackResponse.reason;
>>   516:         canvas.dataset.knexPdfServerTileFallback =
     517:           fallbackResponse.fallback;
     518:         return fallbackResponse.reason;
     519:       }"
"knexwriter\src\modules\Knexread\native-pdf-reader\components\pdf-tiles\PdfTileCanvas.tsx","C:\knexit-workspace\knexit-workspace\knexwriter\src\modules\Knexread\native-pdf-reader\components\pdf-tiles\PdfTileCanvas.tsx","517","fallback","fallback","     514:         canvas.dataset.knexPdfServerTileFallbackReason =
     515:           fallbackResponse.reason;
     516:         canvas.dataset.knexPdfServerTileFallback =
>>   517:           fallbackResponse.fallback;
     518:         return fallbackResponse.reason;
     519:       }
     520: "
"knexwriter\src\modules\Knexread\native-pdf-reader\components\pdf-tiles\PdfTileCanvas.tsx","C:\knexit-workspace\knexit-workspace\knexwriter\src\modules\Knexread\native-pdf-reader\components\pdf-tiles\PdfTileCanvas.tsx","517","fallback","fallback","     514:         canvas.dataset.knexPdfServerTileFallbackReason =
     515:           fallbackResponse.reason;
     516:         canvas.dataset.knexPdfServerTileFallback =
>>   517:           fallbackResponse.fallback;
     518:         return fallbackResponse.reason;
     519:       }
     520: "
"knexwriter\src\modules\Knexread\native-pdf-reader\components\pdf-tiles\PdfTileCanvas.tsx","C:\knexit-workspace\knexit-workspace\knexwriter\src\modules\Knexread\native-pdf-reader\components\pdf-tiles\PdfTileCanvas.tsx","518","fallback","fallback","     515:           fallbackResponse.reason;
     516:         canvas.dataset.knexPdfServerTileFallback =
     517:           fallbackResponse.fallback;
>>   518:         return fallbackResponse.reason;
     519:       }
     520: 
     521:       const image = await loadImageSource({"
"knexwriter\src\modules\Knexread\native-pdf-reader\components\pdf-tiles\PdfTileCanvas.tsx","C:\knexit-workspace\knexit-workspace\knexwriter\src\modules\Knexread\native-pdf-reader\components\pdf-tiles\PdfTileCanvas.tsx","577","generationId","generationId","     574:       });
     575:       canvas.dataset.knexPdfTileCacheKey = response.cacheKey;
     576:       canvas.dataset.knexPdfTileImageUrl = response.imageUrl;
>>   577:       onTileReady?.(tile.id, generationId);
     578: 
     579:       return null;
     580:     };"
"knexwriter\src\modules\Knexread\native-pdf-reader\components\pdf-tiles\PdfTileCanvas.tsx","C:\knexit-workspace\knexit-workspace\knexwriter\src\modules\Knexread\native-pdf-reader\components\pdf-tiles\PdfTileCanvas.tsx","585","fallback","fallback","     582:     (async () => {
     583:       try {
     584:         if (tileRenderMode === ""server-tiled"") {
>>   585:           const fallbackReason = await renderServerTile();
     586: 
     587:           if (fallbackReason === null) {
     588:             return;"
"knexwriter\src\modules\Knexread\native-pdf-reader\components\pdf-tiles\PdfTileCanvas.tsx","C:\knexit-workspace\knexit-workspace\knexwriter\src\modules\Knexread\native-pdf-reader\components\pdf-tiles\PdfTileCanvas.tsx","587","fallback","fallback","     584:         if (tileRenderMode === ""server-tiled"") {
     585:           const fallbackReason = await renderServerTile();
     586: 
>>   587:           if (fallbackReason === null) {
     588:             return;
     589:           }
     590: "
"knexwriter\src\modules\Knexread\native-pdf-reader\components\pdf-tiles\PdfTileCanvas.tsx","C:\knexit-workspace\knexit-workspace\knexwriter\src\modules\Knexread\native-pdf-reader\components\pdf-tiles\PdfTileCanvas.tsx","595","fallback","fallback","     592:             return;
     593:           }
     594: 
>>   595:           await renderLocalTile(fallbackReason);
     596:           return;
     597:         }
     598: "
"knexwriter\src\modules\Knexread\native-pdf-reader\components\pdf-tiles\PdfTileCanvas.tsx","C:\knexit-workspace\knexit-workspace\knexwriter\src\modules\Knexread\native-pdf-reader\components\pdf-tiles\PdfTileCanvas.tsx","609","backend.*=","backend: tileRenderMode ===","     606:             renderPhase,
     607:             status: ""cancelled"",
     608:             cacheStatus: ""miss"",
>>   609:             backend: tileRenderMode === ""server-tiled"" ? ""server-tiled"" : ""pdfjs"",
     610:             renderDurationMs: null,
     611:           });
     612:           setStatus(""cancelled"");"
"knexwriter\src\modules\Knexread\native-pdf-reader\components\pdf-tiles\PdfTileCanvas.tsx","C:\knexit-workspace\knexit-workspace\knexwriter\src\modules\Knexread\native-pdf-reader\components\pdf-tiles\PdfTileCanvas.tsx","626","backend.*=","backend: tileRenderMode ===","     623:           renderPhase,
     624:           status: ""error"",
     625:           cacheStatus: ""miss"",
>>   626:           backend: tileRenderMode === ""server-tiled"" ? ""server-tiled"" : ""pdfjs"",
     627:           renderDurationMs: null,
     628:         });
     629:         setStatus(""error"");"
"knexwriter\src\modules\Knexread\native-pdf-reader\components\pdf-tiles\PdfTileCanvas.tsx","C:\knexit-workspace\knexit-workspace\knexwriter\src\modules\Knexread\native-pdf-reader\components\pdf-tiles\PdfTileCanvas.tsx","641","generationId","generationId","     638:     backendVersion,
     639:     documentId,
     640:     pdfFileId,
>>   641:     generationId,
     642:     geometry,
     643:     onTileReady,
     644:     priority,"
"knexwriter\src\modules\Knexread\native-pdf-reader\components\pdf-tiles\PdfTileCanvas.tsx","C:\knexit-workspace\knexit-workspace\knexwriter\src\modules\Knexread\native-pdf-reader\components\pdf-tiles\PdfTileCanvas.tsx","662","backend.*=","backend=","     659:       data-knex-pdf-tile-id={tile.id}
     660:       data-knex-pdf-tile-row={tile.row}
     661:       data-knex-pdf-tile-column={tile.column}
>>   662:       data-knex-pdf-backend={
     663:         tileRenderMode === ""server-tiled"" ? ""server-tiled"" : ""pdfjs""
     664:       }
     665:       data-knex-pdf-render-phase={renderPhase}"
"knexwriter\src\modules\Knexread\native-pdf-reader\components\pdf-tiles\PdfTileCanvas.tsx","C:\knexit-workspace\knexit-workspace\knexwriter\src\modules\Knexread\native-pdf-reader\components\pdf-tiles\PdfTileCanvas.tsx","666","outputScale","outputScale","     663:         tileRenderMode === ""server-tiled"" ? ""server-tiled"" : ""pdfjs""
     664:       }
     665:       data-knex-pdf-render-phase={renderPhase}
>>   666:       data-knex-pdf-output-scale={geometry.outputScale}
     667:       data-knex-pdf-dpi=""""
     668:       data-knex-pdf-tile-status={status}
     669:       data-knex-pdf-tile-cache={cacheStatus}"
"knexwriter\src\modules\Knexread\native-pdf-reader\components\pdf-tiles\PdfTileCanvas.tsx","C:\knexit-workspace\knexit-workspace\knexwriter\src\modules\Knexread\native-pdf-reader\components\pdf-tiles\PdfTileCanvas.tsx","672","generationId","generationId","     669:       data-knex-pdf-tile-cache={cacheStatus}
     670:       data-knex-pdf-cache={cacheStatus}
     671:       data-knex-pdf-storage-hit=""false""
>>   672:       data-knex-pdf-tile-generation-id={generationId}
     673:       data-knex-pdf-tile-render-duration-ms={
     674:         renderDurationMs !== null ? Math.round(renderDurationMs) : """"
     675:       }"
"knexwriter\src\modules\Knexread\native-pdf-reader\components\pdf-tiles\PdfTileCanvasTypes.ts","C:\knexit-workspace\knexit-workspace\knexwriter\src\modules\Knexread\native-pdf-reader\components\pdf-tiles\PdfTileCanvasTypes.ts","17","outputScale","outputScale","      14:   renderPhase: KnexPdfRenderPhase;
      15:   renderQuality: string;
      16:   renderScale: number;
>>    17:   outputScale: number;
      18:   zoom: number;
      19:   renderText: boolean;
      20:   canvasTextMode: PdfTileCanvasTextMode;"
"knexwriter\src\modules\Knexread\native-pdf-reader\components\pdf-tiles\PdfTileCanvasTypes.ts","C:\knexit-workspace\knexit-workspace\knexwriter\src\modules\Knexread\native-pdf-reader\components\pdf-tiles\PdfTileCanvasTypes.ts","23","renderVersion","renderVersion","      20:   canvasTextMode: PdfTileCanvasTextMode;
      21:   filteredTextOperationCount: number;
      22:   renderIdentity: string;
>>    23:   renderVersion: number;
      24:   backendVersion: number;
      25:   finalRenderVersion: number;
      26:   cacheLookup?: string;"
"knexwriter\src\modules\Knexread\native-pdf-reader\components\pdf-tiles\PdfTileCanvasTypes.ts","C:\knexit-workspace\knexit-workspace\knexwriter\src\modules\Knexread\native-pdf-reader\components\pdf-tiles\PdfTileCanvasTypes.ts","25","renderVersion","RenderVersion","      22:   renderIdentity: string;
      23:   renderVersion: number;
      24:   backendVersion: number;
>>    25:   finalRenderVersion: number;
      26:   cacheLookup?: string;
      27:   cacheKey?: string;
      28:   cacheSize?: number;"
"knexwriter\src\modules\Knexread\native-pdf-reader\components\pdf-tiles\PdfTileCanvasTypes.ts","C:\knexit-workspace\knexit-workspace\knexwriter\src\modules\Knexread\native-pdf-reader\components\pdf-tiles\PdfTileCanvasTypes.ts","41","renderVersion","RenderVersion","      38:   isZooming?: boolean;
      39:   isScrolling?: boolean;
      40:   renderPhase?: KnexPdfRenderPhase;
>>    41:   finalRenderVersion?: number;
      42:   isActivePage?: boolean;
      43:   isPageVisible?: boolean;
      44:   isWarmupPage?: boolean;"
"knexwriter\src\modules\Knexread\native-pdf-reader\components\pdf-tiles\PdfTiledPageCanvas.tsx","C:\knexit-workspace\knexit-workspace\knexwriter\src\modules\Knexread\native-pdf-reader\components\pdf-tiles\PdfTiledPageCanvas.tsx","10","pdfEngine","PdfEngine","       7:   buildKnexPdfPageGeometry,
       8:   buildKnexPdfTileRenderPlan,
       9:   resolveRenderQualityForPhase,
>>    10:   useKnexPdfEngineState,
      11:   type KnexPdfVisualRenderMode,
      12:   type KnexPdfPageGeometry,
      13:   type KnexPdfPageTile,"
"knexwriter\src\modules\Knexread\native-pdf-reader\components\pdf-tiles\PdfTiledPageCanvas.tsx","C:\knexit-workspace\knexit-workspace\knexwriter\src\modules\Knexread\native-pdf-reader\components\pdf-tiles\PdfTiledPageCanvas.tsx","17","fallback","Fallback","      14:   type KnexPdfRenderPhase,
      15:   type KnexPdfRenderedPage as RenderedPdfPage,
      16: } from ""../../knex-pdf-engine"";
>>    17: import { resolveServerTileFallbackPolicy } from ""../../knex-pdf-engine/server-tiles/serverTileFallbackPolicy"";
      18: import type {
      19:   PdfTiledVisualPageProps,
      20:   PdfTileRenderState,"
"knexwriter\src\modules\Knexread\native-pdf-reader\components\pdf-tiles\PdfTiledPageCanvas.tsx","C:\knexit-workspace\knexit-workspace\knexwriter\src\modules\Knexread\native-pdf-reader\components\pdf-tiles\PdfTiledPageCanvas.tsx","17","fallback","Fallback","      14:   type KnexPdfRenderPhase,
      15:   type KnexPdfRenderedPage as RenderedPdfPage,
      16: } from ""../../knex-pdf-engine"";
>>    17: import { resolveServerTileFallbackPolicy } from ""../../knex-pdf-engine/server-tiles/serverTileFallbackPolicy"";
      18: import type {
      19:   PdfTiledVisualPageProps,
      20:   PdfTileRenderState,"
"knexwriter\src\modules\Knexread\native-pdf-reader\components\pdf-tiles\PdfTiledPageCanvas.tsx","C:\knexit-workspace\knexit-workspace\knexwriter\src\modules\Knexread\native-pdf-reader\components\pdf-tiles\PdfTiledPageCanvas.tsx","35","getViewport","getViewport","      32: };
      33: 
      34: type PdfPageWithViewport = {
>>    35:   getViewport: (params: { scale: number }) => {
      36:     width: number;
      37:     height: number;
      38:     scale: number;"
"knexwriter\src\modules\Knexread\native-pdf-reader\components\pdf-tiles\PdfTiledPageCanvas.tsx","C:\knexit-workspace\knexit-workspace\knexwriter\src\modules\Knexread\native-pdf-reader\components\pdf-tiles\PdfTiledPageCanvas.tsx","50","renderVersion","RenderVersion","      47:   renderPhase: KnexPdfRenderPhase;
      48:   tileRenderMode: ""server-tiled"" | ""tiled-canvas"";
      49:   backendVersion: number;
>>    50:   finalRenderVersion: number;
      51:   tileSizeCss: number;
      52:   tileRows: number;
      53:   tileColumns: number;"
"knexwriter\src\modules\Knexread\native-pdf-reader\components\pdf-tiles\PdfTiledPageCanvas.tsx","C:\knexit-workspace\knexit-workspace\knexwriter\src\modules\Knexread\native-pdf-reader\components\pdf-tiles\PdfTiledPageCanvas.tsx","52","tileRows","tileRows","      49:   backendVersion: number;
      50:   finalRenderVersion: number;
      51:   tileSizeCss: number;
>>    52:   tileRows: number;
      53:   tileColumns: number;
      54:   overlapPx: number;
      55: };"
"knexwriter\src\modules\Knexread\native-pdf-reader\components\pdf-tiles\PdfTiledPageCanvas.tsx","C:\knexit-workspace\knexit-workspace\knexwriter\src\modules\Knexread\native-pdf-reader\components\pdf-tiles\PdfTiledPageCanvas.tsx","53","tileColumns","tileColumns","      50:   finalRenderVersion: number;
      51:   tileSizeCss: number;
      52:   tileRows: number;
>>    53:   tileColumns: number;
      54:   overlapPx: number;
      55: };
      56: "
"knexwriter\src\modules\Knexread\native-pdf-reader\components\pdf-tiles\PdfTiledPageCanvas.tsx","C:\knexit-workspace\knexit-workspace\knexwriter\src\modules\Knexread\native-pdf-reader\components\pdf-tiles\PdfTiledPageCanvas.tsx","62","fallback","FALLBACK","      59:   pdfFileId?: string;
      60: };
      61: 
>>    62: const FALLBACK_PAGE_WIDTH_PT = 612;
      63: const FALLBACK_PAGE_HEIGHT_PT = 792;
      64: const MIN_LAYOUT_SCALE = 0.01;
      65: const TILE_GRID_ROWS = 16;"
"knexwriter\src\modules\Knexread\native-pdf-reader\components\pdf-tiles\PdfTiledPageCanvas.tsx","C:\knexit-workspace\knexit-workspace\knexwriter\src\modules\Knexread\native-pdf-reader\components\pdf-tiles\PdfTiledPageCanvas.tsx","63","fallback","FALLBACK","      60: };
      61: 
      62: const FALLBACK_PAGE_WIDTH_PT = 612;
>>    63: const FALLBACK_PAGE_HEIGHT_PT = 792;
      64: const MIN_LAYOUT_SCALE = 0.01;
      65: const TILE_GRID_ROWS = 16;
      66: const TILE_GRID_COLUMNS = 2;"
"knexwriter\src\modules\Knexread\native-pdf-reader\components\pdf-tiles\PdfTiledPageCanvas.tsx","C:\knexit-workspace\knexit-workspace\knexwriter\src\modules\Knexread\native-pdf-reader\components\pdf-tiles\PdfTiledPageCanvas.tsx","85","fallback","fallback","      82: 
      83: function safeNumber(
      84:   value: number | null | undefined,
>>    85:   fallback = 0,
      86: ): number {
      87:   return typeof value === ""number"" && Number.isFinite(value)
      88:     ? value"
"knexwriter\src\modules\Knexread\native-pdf-reader\components\pdf-tiles\PdfTiledPageCanvas.tsx","C:\knexit-workspace\knexit-workspace\knexwriter\src\modules\Knexread\native-pdf-reader\components\pdf-tiles\PdfTiledPageCanvas.tsx","89","fallback","fallback","      86: ): number {
      87:   return typeof value === ""number"" && Number.isFinite(value)
      88:     ? value
>>    89:     : fallback;
      90: }
      91: 
      92: function zoomPercentToScale(zoom: number): number {"
"knexwriter\src\modules\Knexread\native-pdf-reader\components\pdf-tiles\PdfTiledPageCanvas.tsx","C:\knexit-workspace\knexit-workspace\knexwriter\src\modules\Knexread\native-pdf-reader\components\pdf-tiles\PdfTiledPageCanvas.tsx","111","outputScale","OutputScale","     108:   return 1024;
     109: }
     110: 
>>   111: function resolveTileGeometryMaxOutputScale(
     112:   renderPhase: KnexPdfRenderPhase,
     113: ): number {
     114:   if (renderPhase === ""settled-final"") {"
"knexwriter\src\modules\Knexread\native-pdf-reader\components\pdf-tiles\PdfTiledPageCanvas.tsx","C:\knexit-workspace\knexit-workspace\knexwriter\src\modules\Knexread\native-pdf-reader\components\pdf-tiles\PdfTiledPageCanvas.tsx","125","outputScale","OutputScale","     122:   return TILE_GEOMETRY_PREVIEW_MAX_OUTPUT_SCALE;
     123: }
     124: 
>>   125: function resolveTileGeometryMinOutputScale(
     126:   renderPhase: KnexPdfRenderPhase,
     127: ): number {
     128:   if (renderPhase === ""settled-final"") {"
"knexwriter\src\modules\Knexread\native-pdf-reader\components\pdf-tiles\PdfTiledPageCanvas.tsx","C:\knexit-workspace\knexit-workspace\knexwriter\src\modules\Knexread\native-pdf-reader\components\pdf-tiles\PdfTiledPageCanvas.tsx","222","generationId","GenerationId","     219:   return Math.round(safeNumber(value, 0) * 1000) / 1000;
     220: }
     221: 
>>   222: function createTileLayerGenerationId(input: {
     223:   documentId: string;
     224:   pageNumber: number;
     225:   geometry: KnexPdfPageGeometry;"
"knexwriter\src\modules\Knexread\native-pdf-reader\components\pdf-tiles\PdfTiledPageCanvas.tsx","C:\knexit-workspace\knexit-workspace\knexwriter\src\modules\Knexread\native-pdf-reader\components\pdf-tiles\PdfTiledPageCanvas.tsx","230","tileRows","tileRows","     227:   renderPhase: KnexPdfRenderPhase;
     228:   backendVersion: number;
     229:   tileSizeCss: number;
>>   230:   tileRows: number;
     231:   tileColumns: number;
     232:   overlapPx: number;
     233:   tileRenderMode: string;"
"knexwriter\src\modules\Knexread\native-pdf-reader\components\pdf-tiles\PdfTiledPageCanvas.tsx","C:\knexit-workspace\knexit-workspace\knexwriter\src\modules\Knexread\native-pdf-reader\components\pdf-tiles\PdfTiledPageCanvas.tsx","231","tileColumns","tileColumns","     228:   backendVersion: number;
     229:   tileSizeCss: number;
     230:   tileRows: number;
>>   231:   tileColumns: number;
     232:   overlapPx: number;
     233:   tileRenderMode: string;
     234:   tileCount: number;"
"knexwriter\src\modules\Knexread\native-pdf-reader\components\pdf-tiles\PdfTiledPageCanvas.tsx","C:\knexit-workspace\knexit-workspace\knexwriter\src\modules\Knexread\native-pdf-reader\components\pdf-tiles\PdfTiledPageCanvas.tsx","234","tileCount","tileCount","     231:   tileColumns: number;
     232:   overlapPx: number;
     233:   tileRenderMode: string;
>>   234:   tileCount: number;
     235: }): string {
     236:   return [
     237:     ""tiles"","
"knexwriter\src\modules\Knexread\native-pdf-reader\components\pdf-tiles\PdfTiledPageCanvas.tsx","C:\knexit-workspace\knexit-workspace\knexwriter\src\modules\Knexread\native-pdf-reader\components\pdf-tiles\PdfTiledPageCanvas.tsx","241","outputScale","outputScale","     238:     `doc=${input.documentId}`,
     239:     `p=${input.pageNumber}`,
     240:     `z=${normalizeLayerNumber(input.geometry.zoom)}`,
>>   241:     `os=${normalizeLayerNumber(input.geometry.outputScale)}`,
     242:     `css=${normalizeLayerNumber(input.geometry.cssWidth)}x${normalizeLayerNumber(
     243:       input.geometry.cssHeight,
     244:     )}`,"
"knexwriter\src\modules\Knexread\native-pdf-reader\components\pdf-tiles\PdfTiledPageCanvas.tsx","C:\knexit-workspace\knexit-workspace\knexwriter\src\modules\Knexread\native-pdf-reader\components\pdf-tiles\PdfTiledPageCanvas.tsx","250","tileColumns","tileColumns","     247:     `phase=${input.renderPhase}`,
     248:     `bv=${input.backendVersion}`,
     249:     `tile=${input.tileSizeCss}`,
>>   250:     `grid=${input.tileRows}x${input.tileColumns}`,
     251:     `overlap=${input.overlapPx}`,
     252:     `mode=${input.tileRenderMode}`,
     253:     `count=${input.tileCount}`,"
"knexwriter\src\modules\Knexread\native-pdf-reader\components\pdf-tiles\PdfTiledPageCanvas.tsx","C:\knexit-workspace\knexit-workspace\knexwriter\src\modules\Knexread\native-pdf-reader\components\pdf-tiles\PdfTiledPageCanvas.tsx","250","tileRows","tileRows","     247:     `phase=${input.renderPhase}`,
     248:     `bv=${input.backendVersion}`,
     249:     `tile=${input.tileSizeCss}`,
>>   250:     `grid=${input.tileRows}x${input.tileColumns}`,
     251:     `overlap=${input.overlapPx}`,
     252:     `mode=${input.tileRenderMode}`,
     253:     `count=${input.tileCount}`,"
"knexwriter\src\modules\Knexread\native-pdf-reader\components\pdf-tiles\PdfTiledPageCanvas.tsx","C:\knexit-workspace\knexit-workspace\knexwriter\src\modules\Knexread\native-pdf-reader\components\pdf-tiles\PdfTiledPageCanvas.tsx","253","tileCount","tileCount","     250:     `grid=${input.tileRows}x${input.tileColumns}`,
     251:     `overlap=${input.overlapPx}`,
     252:     `mode=${input.tileRenderMode}`,
>>   253:     `count=${input.tileCount}`,
     254:   ].join(""|"");
     255: }
     256: "
"knexwriter\src\modules\Knexread\native-pdf-reader\components\pdf-tiles\PdfTiledPageCanvas.tsx","C:\knexit-workspace\knexit-workspace\knexwriter\src\modules\Knexread\native-pdf-reader\components\pdf-tiles\PdfTiledPageCanvas.tsx","265","renderVersion","RenderVersion","     262:   renderPhase: KnexPdfRenderPhase;
     263:   tileRenderMode: ""server-tiled"" | ""tiled-canvas"";
     264:   backendVersion: number;
>>   265:   finalRenderVersion: number;
     266:   tileSizeCss: number;
     267:   tileRows: number;
     268:   tileColumns: number;"
"knexwriter\src\modules\Knexread\native-pdf-reader\components\pdf-tiles\PdfTiledPageCanvas.tsx","C:\knexit-workspace\knexit-workspace\knexwriter\src\modules\Knexread\native-pdf-reader\components\pdf-tiles\PdfTiledPageCanvas.tsx","267","tileRows","tileRows","     264:   backendVersion: number;
     265:   finalRenderVersion: number;
     266:   tileSizeCss: number;
>>   267:   tileRows: number;
     268:   tileColumns: number;
     269:   overlapPx: number;
     270: }): TileLayerSnapshot {"
"knexwriter\src\modules\Knexread\native-pdf-reader\components\pdf-tiles\PdfTiledPageCanvas.tsx","C:\knexit-workspace\knexit-workspace\knexwriter\src\modules\Knexread\native-pdf-reader\components\pdf-tiles\PdfTiledPageCanvas.tsx","268","tileColumns","tileColumns","     265:   finalRenderVersion: number;
     266:   tileSizeCss: number;
     267:   tileRows: number;
>>   268:   tileColumns: number;
     269:   overlapPx: number;
     270: }): TileLayerSnapshot {
     271:   return {"
"knexwriter\src\modules\Knexread\native-pdf-reader\components\pdf-tiles\PdfTiledPageCanvas.tsx","C:\knexit-workspace\knexit-workspace\knexwriter\src\modules\Knexread\native-pdf-reader\components\pdf-tiles\PdfTiledPageCanvas.tsx","308","outputScale","outputScale","     305:   renderPhase: KnexPdfRenderPhase;
     306:   renderQuality: PdfRenderQualityMode;
     307:   renderScale: number;
>>   308:   outputScale: number;
     309:   zoom: number;
     310:   renderText: boolean;
     311:   backendVersion: number;"
"knexwriter\src\modules\Knexread\native-pdf-reader\components\pdf-tiles\PdfTiledPageCanvas.tsx","C:\knexit-workspace\knexit-workspace\knexwriter\src\modules\Knexread\native-pdf-reader\components\pdf-tiles\PdfTiledPageCanvas.tsx","312","renderVersion","RenderVersion","     309:   zoom: number;
     310:   renderText: boolean;
     311:   backendVersion: number;
>>   312:   finalRenderVersion: number;
     313: }): PdfTileRenderState {
     314:   const renderIdentity = [
     315:     ""tiled-canvas"","
"knexwriter\src\modules\Knexread\native-pdf-reader\components\pdf-tiles\PdfTiledPageCanvas.tsx","C:\knexit-workspace\knexit-workspace\knexwriter\src\modules\Knexread\native-pdf-reader\components\pdf-tiles\PdfTiledPageCanvas.tsx","321","outputScale","outputScale","     318:     `phase=${input.renderPhase}`,
     319:     `q=${input.renderQuality}`,
     320:     `rs=${input.renderScale}`,
>>   321:     `os=${input.outputScale}`,
     322:     `z=${input.zoom}`,
     323:     `text=${input.renderText ? ""1"" : ""0""}`,
     324:     `bv=${input.backendVersion}`,"
"knexwriter\src\modules\Knexread\native-pdf-reader\components\pdf-tiles\PdfTiledPageCanvas.tsx","C:\knexit-workspace\knexit-workspace\knexwriter\src\modules\Knexread\native-pdf-reader\components\pdf-tiles\PdfTiledPageCanvas.tsx","325","renderVersion","RenderVersion","     322:     `z=${input.zoom}`,
     323:     `text=${input.renderText ? ""1"" : ""0""}`,
     324:     `bv=${input.backendVersion}`,
>>   325:     `fv=${input.finalRenderVersion}`,
     326:   ].join(""|"");
     327: 
     328:   return {"
"knexwriter\src\modules\Knexread\native-pdf-reader\components\pdf-tiles\PdfTiledPageCanvas.tsx","C:\knexit-workspace\knexit-workspace\knexwriter\src\modules\Knexread\native-pdf-reader\components\pdf-tiles\PdfTiledPageCanvas.tsx","335","outputScale","outputScale","     332:     renderPhase: input.renderPhase,
     333:     renderQuality: input.renderQuality,
     334:     renderScale: input.renderScale,
>>   335:     outputScale: input.outputScale,
     336:     zoom: input.zoom,
     337:     renderText: input.renderText,
     338:     canvasTextMode: input.renderText ? ""normal"" : ""without-text"","
"knexwriter\src\modules\Knexread\native-pdf-reader\components\pdf-tiles\PdfTiledPageCanvas.tsx","C:\knexit-workspace\knexit-workspace\knexwriter\src\modules\Knexread\native-pdf-reader\components\pdf-tiles\PdfTiledPageCanvas.tsx","335","outputScale","outputScale","     332:     renderPhase: input.renderPhase,
     333:     renderQuality: input.renderQuality,
     334:     renderScale: input.renderScale,
>>   335:     outputScale: input.outputScale,
     336:     zoom: input.zoom,
     337:     renderText: input.renderText,
     338:     canvasTextMode: input.renderText ? ""normal"" : ""without-text"","
"knexwriter\src\modules\Knexread\native-pdf-reader\components\pdf-tiles\PdfTiledPageCanvas.tsx","C:\knexit-workspace\knexit-workspace\knexwriter\src\modules\Knexread\native-pdf-reader\components\pdf-tiles\PdfTiledPageCanvas.tsx","341","renderVersion","RenderVersion","     338:     canvasTextMode: input.renderText ? ""normal"" : ""without-text"",
     339:     filteredTextOperationCount: 0,
     340:     renderIdentity,
>>   341:     renderVersion: input.finalRenderVersion,
     342:     backendVersion: input.backendVersion,
     343:     finalRenderVersion: input.finalRenderVersion,
     344:   };"
"knexwriter\src\modules\Knexread\native-pdf-reader\components\pdf-tiles\PdfTiledPageCanvas.tsx","C:\knexit-workspace\knexit-workspace\knexwriter\src\modules\Knexread\native-pdf-reader\components\pdf-tiles\PdfTiledPageCanvas.tsx","341","renderVersion","renderVersion","     338:     canvasTextMode: input.renderText ? ""normal"" : ""without-text"",
     339:     filteredTextOperationCount: 0,
     340:     renderIdentity,
>>   341:     renderVersion: input.finalRenderVersion,
     342:     backendVersion: input.backendVersion,
     343:     finalRenderVersion: input.finalRenderVersion,
     344:   };"
"knexwriter\src\modules\Knexread\native-pdf-reader\components\pdf-tiles\PdfTiledPageCanvas.tsx","C:\knexit-workspace\knexit-workspace\knexwriter\src\modules\Knexread\native-pdf-reader\components\pdf-tiles\PdfTiledPageCanvas.tsx","343","renderVersion","RenderVersion","     340:     renderIdentity,
     341:     renderVersion: input.finalRenderVersion,
     342:     backendVersion: input.backendVersion,
>>   343:     finalRenderVersion: input.finalRenderVersion,
     344:   };
     345: }
     346: "
"knexwriter\src\modules\Knexread\native-pdf-reader\components\pdf-tiles\PdfTiledPageCanvas.tsx","C:\knexit-workspace\knexit-workspace\knexwriter\src\modules\Knexread\native-pdf-reader\components\pdf-tiles\PdfTiledPageCanvas.tsx","343","renderVersion","RenderVersion","     340:     renderIdentity,
     341:     renderVersion: input.finalRenderVersion,
     342:     backendVersion: input.backendVersion,
>>   343:     finalRenderVersion: input.finalRenderVersion,
     344:   };
     345: }
     346: "
"knexwriter\src\modules\Knexread\native-pdf-reader\components\pdf-tiles\PdfTiledPageCanvas.tsx","C:\knexit-workspace\knexit-workspace\knexwriter\src\modules\Knexread\native-pdf-reader\components\pdf-tiles\PdfTiledPageCanvas.tsx","356","outputScale","outputScale","     353:   bitmapWidth: number;
     354:   bitmapHeight: number;
     355:   renderScale: number;
>>   356:   outputScale: number;
     357:   zoom: number;
     358:   renderText: boolean;
     359: }): RenderedPdfPage {"
"knexwriter\src\modules\Knexread\native-pdf-reader\components\pdf-tiles\PdfTiledPageCanvas.tsx","C:\knexit-workspace\knexit-workspace\knexwriter\src\modules\Knexread\native-pdf-reader\components\pdf-tiles\PdfTiledPageCanvas.tsx","369","outputScale","outputScale","     366:     pageWidthPt: input.pageWidthPt,
     367:     pageHeightPt: input.pageHeightPt,
     368:     renderScale: input.renderScale,
>>   369:     outputScale: input.outputScale,
     370:     backgroundColor: ""#ffffff"",
     371:     zoom: input.zoom,
     372:     devicePixelRatio:"
"knexwriter\src\modules\Knexread\native-pdf-reader\components\pdf-tiles\PdfTiledPageCanvas.tsx","C:\knexit-workspace\knexit-workspace\knexwriter\src\modules\Knexread\native-pdf-reader\components\pdf-tiles\PdfTiledPageCanvas.tsx","369","outputScale","outputScale","     366:     pageWidthPt: input.pageWidthPt,
     367:     pageHeightPt: input.pageHeightPt,
     368:     renderScale: input.renderScale,
>>   369:     outputScale: input.outputScale,
     370:     backgroundColor: ""#ffffff"",
     371:     zoom: input.zoom,
     372:     devicePixelRatio:"
"knexwriter\src\modules\Knexread\native-pdf-reader\components\pdf-tiles\PdfTiledPageCanvas.tsx","C:\knexit-workspace\knexit-workspace\knexwriter\src\modules\Knexread\native-pdf-reader\components\pdf-tiles\PdfTiledPageCanvas.tsx","386","outputScale","outputScale","     383:       height: input.bitmapHeight,
     384:       cssWidth: input.cssWidth,
     385:       cssHeight: input.cssHeight,
>>   386:       outputScale: input.outputScale,
     387:       devicePixelRatio:
     388:         typeof globalThis.devicePixelRatio === ""number""
     389:           ? globalThis.devicePixelRatio"
"knexwriter\src\modules\Knexread\native-pdf-reader\components\pdf-tiles\PdfTiledPageCanvas.tsx","C:\knexit-workspace\knexit-workspace\knexwriter\src\modules\Knexread\native-pdf-reader\components\pdf-tiles\PdfTiledPageCanvas.tsx","386","outputScale","outputScale","     383:       height: input.bitmapHeight,
     384:       cssWidth: input.cssWidth,
     385:       cssHeight: input.cssHeight,
>>   386:       outputScale: input.outputScale,
     387:       devicePixelRatio:
     388:         typeof globalThis.devicePixelRatio === ""number""
     389:           ? globalThis.devicePixelRatio"
"knexwriter\src\modules\Knexread\native-pdf-reader\components\pdf-tiles\PdfTiledPageCanvas.tsx","C:\knexit-workspace\knexit-workspace\knexwriter\src\modules\Knexread\native-pdf-reader\components\pdf-tiles\PdfTiledPageCanvas.tsx","405","renderVersion","RenderVersion","     402:   isZooming = false,
     403:   isScrolling = false,
     404:   renderPhase = ""settled-final"",
>>   405:   finalRenderVersion = 0,
     406:   isActivePage = false,
     407:   isPageVisible = false,
     408:   isWarmupPage = false,"
"knexwriter\src\modules\Knexread\native-pdf-reader\components\pdf-tiles\PdfTiledPageCanvas.tsx","C:\knexit-workspace\knexit-workspace\knexwriter\src\modules\Knexread\native-pdf-reader\components\pdf-tiles\PdfTiledPageCanvas.tsx","415","pdfEngine","PdfEngine","     412:   visualRenderMode = ""tiled-canvas"",
     413:   pdfFileId,
     414: }: PdfTiledPageCanvasProps) {
>>   415:   const engineState = useKnexPdfEngineState();
     416:   const frameRef = useRef<HTMLDivElement | null>(null);
     417:   const documentId = useMemo(() => getRenderDocumentId(session), [session]);
     418:   const [pageBaseSize, setPageBaseSize] = useState<PdfPageBaseSize>(() => {"
"knexwriter\src\modules\Knexread\native-pdf-reader\components\pdf-tiles\PdfTiledPageCanvas.tsx","C:\knexit-workspace\knexit-workspace\knexwriter\src\modules\Knexread\native-pdf-reader\components\pdf-tiles\PdfTiledPageCanvas.tsx","415","engine.*=","engineState =","     412:   visualRenderMode = ""tiled-canvas"",
     413:   pdfFileId,
     414: }: PdfTiledPageCanvasProps) {
>>   415:   const engineState = useKnexPdfEngineState();
     416:   const frameRef = useRef<HTMLDivElement | null>(null);
     417:   const documentId = useMemo(() => getRenderDocumentId(session), [session]);
     418:   const [pageBaseSize, setPageBaseSize] = useState<PdfPageBaseSize>(() => {"
"knexwriter\src\modules\Knexread\native-pdf-reader\components\pdf-tiles\PdfTiledPageCanvas.tsx","C:\knexit-workspace\knexit-workspace\knexwriter\src\modules\Knexread\native-pdf-reader\components\pdf-tiles\PdfTiledPageCanvas.tsx","421","fallback","FALLBACK","     418:   const [pageBaseSize, setPageBaseSize] = useState<PdfPageBaseSize>(() => {
     419:     return (
     420:       readCachedPageBaseSize(session, pageNumber) ?? {
>>   421:         width: FALLBACK_PAGE_WIDTH_PT,
     422:         height: FALLBACK_PAGE_HEIGHT_PT,
     423:       }
     424:     );"
"knexwriter\src\modules\Knexread\native-pdf-reader\components\pdf-tiles\PdfTiledPageCanvas.tsx","C:\knexit-workspace\knexit-workspace\knexwriter\src\modules\Knexread\native-pdf-reader\components\pdf-tiles\PdfTiledPageCanvas.tsx","422","fallback","FALLBACK","     419:     return (
     420:       readCachedPageBaseSize(session, pageNumber) ?? {
     421:         width: FALLBACK_PAGE_WIDTH_PT,
>>   422:         height: FALLBACK_PAGE_HEIGHT_PT,
     423:       }
     424:     );
     425:   });"
"knexwriter\src\modules\Knexread\native-pdf-reader\components\pdf-tiles\PdfTiledPageCanvas.tsx","C:\knexit-workspace\knexit-workspace\knexwriter\src\modules\Knexread\native-pdf-reader\components\pdf-tiles\PdfTiledPageCanvas.tsx","494","getViewport","getViewport","     491:       .then((page) => {
     492:         if (cancelled) return;
     493: 
>>   494:         const viewport = (page as PdfPageWithViewport).getViewport({
     495:           scale: 1,
     496:         });
     497:         const nextSize = {"
"knexwriter\src\modules\Knexread\native-pdf-reader\components\pdf-tiles\PdfTiledPageCanvas.tsx","C:\knexit-workspace\knexit-workspace\knexwriter\src\modules\Knexread\native-pdf-reader\components\pdf-tiles\PdfTiledPageCanvas.tsx","500","fallback","FALLBACK","     497:         const nextSize = {
     498:           width: Math.max(
     499:             1,
>>   500:             Math.ceil(safeNumber(viewport.width, FALLBACK_PAGE_WIDTH_PT)),
     501:           ),
     502:           height: Math.max(
     503:             1,"
"knexwriter\src\modules\Knexread\native-pdf-reader\components\pdf-tiles\PdfTiledPageCanvas.tsx","C:\knexit-workspace\knexit-workspace\knexwriter\src\modules\Knexread\native-pdf-reader\components\pdf-tiles\PdfTiledPageCanvas.tsx","504","fallback","FALLBACK","     501:           ),
     502:           height: Math.max(
     503:             1,
>>   504:             Math.ceil(safeNumber(viewport.height, FALLBACK_PAGE_HEIGHT_PT)),
     505:           ),
     506:         };
     507: "
"knexwriter\src\modules\Knexread\native-pdf-reader\components\pdf-tiles\PdfTiledPageCanvas.tsx","C:\knexit-workspace\knexit-workspace\knexwriter\src\modules\Knexread\native-pdf-reader\components\pdf-tiles\PdfTiledPageCanvas.tsx","559","outputScale","OutputScale","     556:         renderPhase,
     557:         maxBitmapPixels: TILE_GEOMETRY_MAX_BITMAP_PIXELS,
     558:         maxBitmapSide: TILE_GEOMETRY_MAX_BITMAP_SIDE,
>>   559:         minimumOutputScale: resolveTileGeometryMinOutputScale(renderPhase),
     560:         maxOutputScale: resolveTileGeometryMaxOutputScale(renderPhase),
     561:       }),
     562:     ["
"knexwriter\src\modules\Knexread\native-pdf-reader\components\pdf-tiles\PdfTiledPageCanvas.tsx","C:\knexit-workspace\knexit-workspace\knexwriter\src\modules\Knexread\native-pdf-reader\components\pdf-tiles\PdfTiledPageCanvas.tsx","559","outputScale","OutputScale","     556:         renderPhase,
     557:         maxBitmapPixels: TILE_GEOMETRY_MAX_BITMAP_PIXELS,
     558:         maxBitmapSide: TILE_GEOMETRY_MAX_BITMAP_SIDE,
>>   559:         minimumOutputScale: resolveTileGeometryMinOutputScale(renderPhase),
     560:         maxOutputScale: resolveTileGeometryMaxOutputScale(renderPhase),
     561:       }),
     562:     ["
"knexwriter\src\modules\Knexread\native-pdf-reader\components\pdf-tiles\PdfTiledPageCanvas.tsx","C:\knexit-workspace\knexit-workspace\knexwriter\src\modules\Knexread\native-pdf-reader\components\pdf-tiles\PdfTiledPageCanvas.tsx","560","outputScale","OutputScale","     557:         maxBitmapPixels: TILE_GEOMETRY_MAX_BITMAP_PIXELS,
     558:         maxBitmapSide: TILE_GEOMETRY_MAX_BITMAP_SIDE,
     559:         minimumOutputScale: resolveTileGeometryMinOutputScale(renderPhase),
>>   560:         maxOutputScale: resolveTileGeometryMaxOutputScale(renderPhase),
     561:       }),
     562:     [
     563:       effectiveRenderQuality,"
"knexwriter\src\modules\Knexread\native-pdf-reader\components\pdf-tiles\PdfTiledPageCanvas.tsx","C:\knexit-workspace\knexit-workspace\knexwriter\src\modules\Knexread\native-pdf-reader\components\pdf-tiles\PdfTiledPageCanvas.tsx","560","outputScale","OutputScale","     557:         maxBitmapPixels: TILE_GEOMETRY_MAX_BITMAP_PIXELS,
     558:         maxBitmapSide: TILE_GEOMETRY_MAX_BITMAP_SIDE,
     559:         minimumOutputScale: resolveTileGeometryMinOutputScale(renderPhase),
>>   560:         maxOutputScale: resolveTileGeometryMaxOutputScale(renderPhase),
     561:       }),
     562:     [
     563:       effectiveRenderQuality,"
"knexwriter\src\modules\Knexread\native-pdf-reader\components\pdf-tiles\PdfTiledPageCanvas.tsx","C:\knexit-workspace\knexit-workspace\knexwriter\src\modules\Knexread\native-pdf-reader\components\pdf-tiles\PdfTiledPageCanvas.tsx","576","tileRows","tileRows","     573:       buildKnexPdfTileRenderPlan({
     574:         geometry,
     575:         tileSizeCss: resolveTileCssSize(renderPhase),
>>   576:         tileRows: TILE_GRID_ROWS,
     577:         tileColumns: TILE_GRID_COLUMNS,
     578:         overlapPx: TILE_OVERLAP_PX,
     579:       }),"
"knexwriter\src\modules\Knexread\native-pdf-reader\components\pdf-tiles\PdfTiledPageCanvas.tsx","C:\knexit-workspace\knexit-workspace\knexwriter\src\modules\Knexread\native-pdf-reader\components\pdf-tiles\PdfTiledPageCanvas.tsx","577","tileColumns","tileColumns","     574:         geometry,
     575:         tileSizeCss: resolveTileCssSize(renderPhase),
     576:         tileRows: TILE_GRID_ROWS,
>>   577:         tileColumns: TILE_GRID_COLUMNS,
     578:         overlapPx: TILE_OVERLAP_PX,
     579:       }),
     580:     [geometry, renderPhase],"
"knexwriter\src\modules\Knexread\native-pdf-reader\components\pdf-tiles\PdfTiledPageCanvas.tsx","C:\knexit-workspace\knexit-workspace\knexwriter\src\modules\Knexread\native-pdf-reader\components\pdf-tiles\PdfTiledPageCanvas.tsx","591","fallback","Fallback","     588:     });
     589:   const serverTileDecision = useMemo(
     590:     () =>
>>   591:       resolveServerTileFallbackPolicy({
     592:         visualRenderMode,
     593:         serverAvailable:
     594:           canUseServerTileMode(visualRenderMode) && serverPdfSourceReady,"
"knexwriter\src\modules\Knexread\native-pdf-reader\components\pdf-tiles\PdfTiledPageCanvas.tsx","C:\knexit-workspace\knexit-workspace\knexwriter\src\modules\Knexread\native-pdf-reader\components\pdf-tiles\PdfTiledPageCanvas.tsx","597","fallback","fallback","     594:           canUseServerTileMode(visualRenderMode) && serverPdfSourceReady,
     595:         localTilesAvailable: true,
     596:         reason: serverPdfSourceReady
>>   597:           ? ""server-tile-client-fallback""
     598:           : ""server-pdf-source-upload-pending"",
     599:       }),
     600:     [serverPdfSourceReady, visualRenderMode],"
"knexwriter\src\modules\Knexread\native-pdf-reader\components\pdf-tiles\PdfTiledPageCanvas.tsx","C:\knexit-workspace\knexit-workspace\knexwriter\src\modules\Knexread\native-pdf-reader\components\pdf-tiles\PdfTiledPageCanvas.tsx","608","generationId","GenerationId","     605:   const currentLayer = useMemo(
     606:     () =>
     607:       createTileLayerSnapshot({
>>   608:         id: createTileLayerGenerationId({
     609:           documentId,
     610:           pageNumber,
     611:           geometry,"
"knexwriter\src\modules\Knexread\native-pdf-reader\components\pdf-tiles\PdfTiledPageCanvas.tsx","C:\knexit-workspace\knexit-workspace\knexwriter\src\modules\Knexread\native-pdf-reader\components\pdf-tiles\PdfTiledPageCanvas.tsx","616","tileRows","tileRows","     613:           renderPhase,
     614:           backendVersion: engineState.backendVersion,
     615:           tileSizeCss: tilePlan.tileSizeCss,
>>   616:           tileRows: tilePlan.tileRows,
     617:           tileColumns: tilePlan.tileColumns,
     618:           overlapPx: tilePlan.overlapPx,
     619:           tileRenderMode: serverTileDecision.renderMode,"
"knexwriter\src\modules\Knexread\native-pdf-reader\components\pdf-tiles\PdfTiledPageCanvas.tsx","C:\knexit-workspace\knexit-workspace\knexwriter\src\modules\Knexread\native-pdf-reader\components\pdf-tiles\PdfTiledPageCanvas.tsx","616","tileRows","tileRows","     613:           renderPhase,
     614:           backendVersion: engineState.backendVersion,
     615:           tileSizeCss: tilePlan.tileSizeCss,
>>   616:           tileRows: tilePlan.tileRows,
     617:           tileColumns: tilePlan.tileColumns,
     618:           overlapPx: tilePlan.overlapPx,
     619:           tileRenderMode: serverTileDecision.renderMode,"
"knexwriter\src\modules\Knexread\native-pdf-reader\components\pdf-tiles\PdfTiledPageCanvas.tsx","C:\knexit-workspace\knexit-workspace\knexwriter\src\modules\Knexread\native-pdf-reader\components\pdf-tiles\PdfTiledPageCanvas.tsx","617","tileColumns","tileColumns","     614:           backendVersion: engineState.backendVersion,
     615:           tileSizeCss: tilePlan.tileSizeCss,
     616:           tileRows: tilePlan.tileRows,
>>   617:           tileColumns: tilePlan.tileColumns,
     618:           overlapPx: tilePlan.overlapPx,
     619:           tileRenderMode: serverTileDecision.renderMode,
     620:           tileCount: tilesToRender.length,"
"knexwriter\src\modules\Knexread\native-pdf-reader\components\pdf-tiles\PdfTiledPageCanvas.tsx","C:\knexit-workspace\knexit-workspace\knexwriter\src\modules\Knexread\native-pdf-reader\components\pdf-tiles\PdfTiledPageCanvas.tsx","617","tileColumns","tileColumns","     614:           backendVersion: engineState.backendVersion,
     615:           tileSizeCss: tilePlan.tileSizeCss,
     616:           tileRows: tilePlan.tileRows,
>>   617:           tileColumns: tilePlan.tileColumns,
     618:           overlapPx: tilePlan.overlapPx,
     619:           tileRenderMode: serverTileDecision.renderMode,
     620:           tileCount: tilesToRender.length,"
"knexwriter\src\modules\Knexread\native-pdf-reader\components\pdf-tiles\PdfTiledPageCanvas.tsx","C:\knexit-workspace\knexit-workspace\knexwriter\src\modules\Knexread\native-pdf-reader\components\pdf-tiles\PdfTiledPageCanvas.tsx","620","tileCount","tileCount","     617:           tileColumns: tilePlan.tileColumns,
     618:           overlapPx: tilePlan.overlapPx,
     619:           tileRenderMode: serverTileDecision.renderMode,
>>   620:           tileCount: tilesToRender.length,
     621:         }),
     622:         geometry,
     623:         tiles: tilesToRender,"
"knexwriter\src\modules\Knexread\native-pdf-reader\components\pdf-tiles\PdfTiledPageCanvas.tsx","C:\knexit-workspace\knexit-workspace\knexwriter\src\modules\Knexread\native-pdf-reader\components\pdf-tiles\PdfTiledPageCanvas.tsx","628","renderVersion","RenderVersion","     625:         renderPhase,
     626:         tileRenderMode: serverTileDecision.renderMode,
     627:         backendVersion: engineState.backendVersion,
>>   628:         finalRenderVersion: STABLE_TILE_RENDER_VERSION,
     629:         tileSizeCss: tilePlan.tileSizeCss,
     630:         tileRows: tilePlan.tileRows,
     631:         tileColumns: tilePlan.tileColumns,"
"knexwriter\src\modules\Knexread\native-pdf-reader\components\pdf-tiles\PdfTiledPageCanvas.tsx","C:\knexit-workspace\knexit-workspace\knexwriter\src\modules\Knexread\native-pdf-reader\components\pdf-tiles\PdfTiledPageCanvas.tsx","630","tileRows","tileRows","     627:         backendVersion: engineState.backendVersion,
     628:         finalRenderVersion: STABLE_TILE_RENDER_VERSION,
     629:         tileSizeCss: tilePlan.tileSizeCss,
>>   630:         tileRows: tilePlan.tileRows,
     631:         tileColumns: tilePlan.tileColumns,
     632:         overlapPx: tilePlan.overlapPx,
     633:       }),"
"knexwriter\src\modules\Knexread\native-pdf-reader\components\pdf-tiles\PdfTiledPageCanvas.tsx","C:\knexit-workspace\knexit-workspace\knexwriter\src\modules\Knexread\native-pdf-reader\components\pdf-tiles\PdfTiledPageCanvas.tsx","630","tileRows","tileRows","     627:         backendVersion: engineState.backendVersion,
     628:         finalRenderVersion: STABLE_TILE_RENDER_VERSION,
     629:         tileSizeCss: tilePlan.tileSizeCss,
>>   630:         tileRows: tilePlan.tileRows,
     631:         tileColumns: tilePlan.tileColumns,
     632:         overlapPx: tilePlan.overlapPx,
     633:       }),"
"knexwriter\src\modules\Knexread\native-pdf-reader\components\pdf-tiles\PdfTiledPageCanvas.tsx","C:\knexit-workspace\knexit-workspace\knexwriter\src\modules\Knexread\native-pdf-reader\components\pdf-tiles\PdfTiledPageCanvas.tsx","631","tileColumns","tileColumns","     628:         finalRenderVersion: STABLE_TILE_RENDER_VERSION,
     629:         tileSizeCss: tilePlan.tileSizeCss,
     630:         tileRows: tilePlan.tileRows,
>>   631:         tileColumns: tilePlan.tileColumns,
     632:         overlapPx: tilePlan.overlapPx,
     633:       }),
     634:     ["
"knexwriter\src\modules\Knexread\native-pdf-reader\components\pdf-tiles\PdfTiledPageCanvas.tsx","C:\knexit-workspace\knexit-workspace\knexwriter\src\modules\Knexread\native-pdf-reader\components\pdf-tiles\PdfTiledPageCanvas.tsx","631","tileColumns","tileColumns","     628:         finalRenderVersion: STABLE_TILE_RENDER_VERSION,
     629:         tileSizeCss: tilePlan.tileSizeCss,
     630:         tileRows: tilePlan.tileRows,
>>   631:         tileColumns: tilePlan.tileColumns,
     632:         overlapPx: tilePlan.overlapPx,
     633:       }),
     634:     ["
"knexwriter\src\modules\Knexread\native-pdf-reader\components\pdf-tiles\PdfTiledPageCanvas.tsx","C:\knexit-workspace\knexit-workspace\knexwriter\src\modules\Knexread\native-pdf-reader\components\pdf-tiles\PdfTiledPageCanvas.tsx","643","tileColumns","tileColumns","     640:       renderPhase,
     641:       serverTileDecision.renderMode,
     642:       tilePlan.overlapPx,
>>   643:       tilePlan.tileColumns,
     644:       tilePlan.tileRows,
     645:       tilePlan.tileSizeCss,
     646:       tilesToRender,"
"knexwriter\src\modules\Knexread\native-pdf-reader\components\pdf-tiles\PdfTiledPageCanvas.tsx","C:\knexit-workspace\knexit-workspace\knexwriter\src\modules\Knexread\native-pdf-reader\components\pdf-tiles\PdfTiledPageCanvas.tsx","644","tileRows","tileRows","     641:       serverTileDecision.renderMode,
     642:       tilePlan.overlapPx,
     643:       tilePlan.tileColumns,
>>   644:       tilePlan.tileRows,
     645:       tilePlan.tileSizeCss,
     646:       tilesToRender,
     647:     ],"
"knexwriter\src\modules\Knexread\native-pdf-reader\components\pdf-tiles\PdfTiledPageCanvas.tsx","C:\knexit-workspace\knexit-workspace\knexwriter\src\modules\Knexread\native-pdf-reader\components\pdf-tiles\PdfTiledPageCanvas.tsx","722","generationId","generationId","     719:   ]);
     720: 
     721:   const handlePendingTileReady = useCallback(
>>   722:     (tileId: string, generationId: string) => {
     723:       setPendingReadyCount((current) => {
     724:         if (!pendingLayer || pendingLayer.id !== generationId) {
     725:           return current;"
"knexwriter\src\modules\Knexread\native-pdf-reader\components\pdf-tiles\PdfTiledPageCanvas.tsx","C:\knexit-workspace\knexit-workspace\knexwriter\src\modules\Knexread\native-pdf-reader\components\pdf-tiles\PdfTiledPageCanvas.tsx","724","generationId","generationId","     721:   const handlePendingTileReady = useCallback(
     722:     (tileId: string, generationId: string) => {
     723:       setPendingReadyCount((current) => {
>>   724:         if (!pendingLayer || pendingLayer.id !== generationId) {
     725:           return current;
     726:         }
     727: "
"knexwriter\src\modules\Knexread\native-pdf-reader\components\pdf-tiles\PdfTiledPageCanvas.tsx","C:\knexit-workspace\knexit-workspace\knexwriter\src\modules\Knexread\native-pdf-reader\components\pdf-tiles\PdfTiledPageCanvas.tsx","783","outputScale","outputScale","     780:       bitmapWidth: geometry.bitmapWidth,
     781:       bitmapHeight: geometry.bitmapHeight,
     782:       renderScale: geometry.zoom,
>>   783:       outputScale: geometry.outputScale,
     784:       zoom,
     785:       renderText,
     786:     });"
"knexwriter\src\modules\Knexread\native-pdf-reader\components\pdf-tiles\PdfTiledPageCanvas.tsx","C:\knexit-workspace\knexit-workspace\knexwriter\src\modules\Knexread\native-pdf-reader\components\pdf-tiles\PdfTiledPageCanvas.tsx","783","outputScale","outputScale","     780:       bitmapWidth: geometry.bitmapWidth,
     781:       bitmapHeight: geometry.bitmapHeight,
     782:       renderScale: geometry.zoom,
>>   783:       outputScale: geometry.outputScale,
     784:       zoom,
     785:       renderText,
     786:     });"
"knexwriter\src\modules\Knexread\native-pdf-reader\components\pdf-tiles\PdfTiledPageCanvas.tsx","C:\knexit-workspace\knexit-workspace\knexwriter\src\modules\Knexread\native-pdf-reader\components\pdf-tiles\PdfTiledPageCanvas.tsx","799","outputScale","outputScale","     796:         renderPhase,
     797:         renderQuality: effectiveRenderQuality,
     798:         renderScale: geometry.zoom,
>>   799:         outputScale: geometry.outputScale,
     800:         zoom,
     801:         renderText,
     802:         backendVersion: engineState.backendVersion,"
"knexwriter\src\modules\Knexread\native-pdf-reader\components\pdf-tiles\PdfTiledPageCanvas.tsx","C:\knexit-workspace\knexit-workspace\knexwriter\src\modules\Knexread\native-pdf-reader\components\pdf-tiles\PdfTiledPageCanvas.tsx","799","outputScale","outputScale","     796:         renderPhase,
     797:         renderQuality: effectiveRenderQuality,
     798:         renderScale: geometry.zoom,
>>   799:         outputScale: geometry.outputScale,
     800:         zoom,
     801:         renderText,
     802:         backendVersion: engineState.backendVersion,"
"knexwriter\src\modules\Knexread\native-pdf-reader\components\pdf-tiles\PdfTiledPageCanvas.tsx","C:\knexit-workspace\knexit-workspace\knexwriter\src\modules\Knexread\native-pdf-reader\components\pdf-tiles\PdfTiledPageCanvas.tsx","803","renderVersion","RenderVersion","     800:         zoom,
     801:         renderText,
     802:         backendVersion: engineState.backendVersion,
>>   803:         finalRenderVersion,
     804:       }),
     805:     );
     806:   }, ["
"knexwriter\src\modules\Knexread\native-pdf-reader\components\pdf-tiles\PdfTiledPageCanvas.tsx","C:\knexit-workspace\knexit-workspace\knexwriter\src\modules\Knexread\native-pdf-reader\components\pdf-tiles\PdfTiledPageCanvas.tsx","810","renderVersion","RenderVersion","     807:     documentId,
     808:     effectiveRenderQuality,
     809:     engineState.backendVersion,
>>   810:     finalRenderVersion,
     811:     geometry.baseHeight,
     812:     geometry.baseWidth,
     813:     geometry.bitmapHeight,"
"knexwriter\src\modules\Knexread\native-pdf-reader\components\pdf-tiles\PdfTiledPageCanvas.tsx","C:\knexit-workspace\knexit-workspace\knexwriter\src\modules\Knexread\native-pdf-reader\components\pdf-tiles\PdfTiledPageCanvas.tsx","845","fallback","fallback","     842:       data-knex-pdf-effective-visual-render-mode={
     843:         serverTileDecision.renderMode
     844:       }
>>   845:       data-knex-pdf-server-tile-fallback-used={
     846:         serverTileDecision.fallbackUsed ? ""true"" : ""false""
     847:       }
     848:       data-knex-pdf-server-tile-fallback-reason={"
"knexwriter\src\modules\Knexread\native-pdf-reader\components\pdf-tiles\PdfTiledPageCanvas.tsx","C:\knexit-workspace\knexit-workspace\knexwriter\src\modules\Knexread\native-pdf-reader\components\pdf-tiles\PdfTiledPageCanvas.tsx","846","fallback","fallback","     843:         serverTileDecision.renderMode
     844:       }
     845:       data-knex-pdf-server-tile-fallback-used={
>>   846:         serverTileDecision.fallbackUsed ? ""true"" : ""false""
     847:       }
     848:       data-knex-pdf-server-tile-fallback-reason={
     849:         serverTileDecision.reason ?? """""
"knexwriter\src\modules\Knexread\native-pdf-reader\components\pdf-tiles\PdfTiledPageCanvas.tsx","C:\knexit-workspace\knexit-workspace\knexwriter\src\modules\Knexread\native-pdf-reader\components\pdf-tiles\PdfTiledPageCanvas.tsx","848","fallback","fallback","     845:       data-knex-pdf-server-tile-fallback-used={
     846:         serverTileDecision.fallbackUsed ? ""true"" : ""false""
     847:       }
>>   848:       data-knex-pdf-server-tile-fallback-reason={
     849:         serverTileDecision.reason ?? """"
     850:       }
     851:       data-knex-pdf-server-pdf-source-ready={"
"knexwriter\src\modules\Knexread\native-pdf-reader\components\pdf-tiles\PdfTiledPageCanvas.tsx","C:\knexit-workspace\knexit-workspace\knexwriter\src\modules\Knexread\native-pdf-reader\components\pdf-tiles\PdfTiledPageCanvas.tsx","860","tileRows","tileRows","     857:       data-knex-pdf-css-height={geometry.cssHeight}
     858:       data-knex-pdf-output-scale={geometry.outputScale}
     859:       data-knex-pdf-tile-size-css={tilePlan.tileSizeCss}
>>   860:       data-knex-pdf-tile-rows={tilePlan.tileRows}
     861:       data-knex-pdf-tile-columns={tilePlan.tileColumns}
     862:       data-knex-pdf-tile-overlap-px={tilePlan.overlapPx}
     863:       data-knex-pdf-tile-count={tilePlan.totalTiles}"
"knexwriter\src\modules\Knexread\native-pdf-reader\components\pdf-tiles\PdfTiledPageCanvas.tsx","C:\knexit-workspace\knexit-workspace\knexwriter\src\modules\Knexread\native-pdf-reader\components\pdf-tiles\PdfTiledPageCanvas.tsx","861","tileColumns","tileColumns","     858:       data-knex-pdf-output-scale={geometry.outputScale}
     859:       data-knex-pdf-tile-size-css={tilePlan.tileSizeCss}
     860:       data-knex-pdf-tile-rows={tilePlan.tileRows}
>>   861:       data-knex-pdf-tile-columns={tilePlan.tileColumns}
     862:       data-knex-pdf-tile-overlap-px={tilePlan.overlapPx}
     863:       data-knex-pdf-tile-count={tilePlan.totalTiles}
     864:       data-knex-pdf-target-effective-bitmap-scale={"
"knexwriter\src\modules\Knexread\native-pdf-reader\components\pdf-tiles\PdfTiledPageCanvas.tsx","C:\knexit-workspace\knexit-workspace\knexwriter\src\modules\Knexread\native-pdf-reader\components\pdf-tiles\PdfTiledPageCanvas.tsx","937","backend.*=","backendVersion=","     934:             tileRenderMode={visibleLayer.tileRenderMode}
     935:             pagePriority={pagePriority}
     936:             isActivePage={isActivePage}
>>   937:             backendVersion={visibleLayer.backendVersion}
     938:             finalRenderVersion={visibleLayer.finalRenderVersion}
     939:             generationId={visibleLayer.id}
     940:           />"
"knexwriter\src\modules\Knexread\native-pdf-reader\components\pdf-tiles\PdfTiledPageCanvas.tsx","C:\knexit-workspace\knexit-workspace\knexwriter\src\modules\Knexread\native-pdf-reader\components\pdf-tiles\PdfTiledPageCanvas.tsx","938","renderVersion","RenderVersion","     935:             pagePriority={pagePriority}
     936:             isActivePage={isActivePage}
     937:             backendVersion={visibleLayer.backendVersion}
>>   938:             finalRenderVersion={visibleLayer.finalRenderVersion}
     939:             generationId={visibleLayer.id}
     940:           />
     941:         </div>"
"knexwriter\src\modules\Knexread\native-pdf-reader\components\pdf-tiles\PdfTiledPageCanvas.tsx","C:\knexit-workspace\knexit-workspace\knexwriter\src\modules\Knexread\native-pdf-reader\components\pdf-tiles\PdfTiledPageCanvas.tsx","938","renderVersion","RenderVersion","     935:             pagePriority={pagePriority}
     936:             isActivePage={isActivePage}
     937:             backendVersion={visibleLayer.backendVersion}
>>   938:             finalRenderVersion={visibleLayer.finalRenderVersion}
     939:             generationId={visibleLayer.id}
     940:           />
     941:         </div>"
"knexwriter\src\modules\Knexread\native-pdf-reader\components\pdf-tiles\PdfTiledPageCanvas.tsx","C:\knexit-workspace\knexit-workspace\knexwriter\src\modules\Knexread\native-pdf-reader\components\pdf-tiles\PdfTiledPageCanvas.tsx","939","generationId","generationId","     936:             isActivePage={isActivePage}
     937:             backendVersion={visibleLayer.backendVersion}
     938:             finalRenderVersion={visibleLayer.finalRenderVersion}
>>   939:             generationId={visibleLayer.id}
     940:           />
     941:         </div>
     942:       ) : null}"
"knexwriter\src\modules\Knexread\native-pdf-reader\components\pdf-tiles\PdfTiledPageCanvas.tsx","C:\knexit-workspace\knexit-workspace\knexwriter\src\modules\Knexread\native-pdf-reader\components\pdf-tiles\PdfTiledPageCanvas.tsx","979","backend.*=","backendVersion=","     976:             tileRenderMode={pendingLayer.tileRenderMode}
     977:             pagePriority={pagePriority}
     978:             isActivePage={isActivePage}
>>   979:             backendVersion={pendingLayer.backendVersion}
     980:             finalRenderVersion={pendingLayer.finalRenderVersion}
     981:             generationId={pendingLayer.id}
     982:             onTileReady={handlePendingTileReady}"
"knexwriter\src\modules\Knexread\native-pdf-reader\components\pdf-tiles\PdfTiledPageCanvas.tsx","C:\knexit-workspace\knexit-workspace\knexwriter\src\modules\Knexread\native-pdf-reader\components\pdf-tiles\PdfTiledPageCanvas.tsx","980","renderVersion","RenderVersion","     977:             pagePriority={pagePriority}
     978:             isActivePage={isActivePage}
     979:             backendVersion={pendingLayer.backendVersion}
>>   980:             finalRenderVersion={pendingLayer.finalRenderVersion}
     981:             generationId={pendingLayer.id}
     982:             onTileReady={handlePendingTileReady}
     983:           />"
"knexwriter\src\modules\Knexread\native-pdf-reader\components\pdf-tiles\PdfTiledPageCanvas.tsx","C:\knexit-workspace\knexit-workspace\knexwriter\src\modules\Knexread\native-pdf-reader\components\pdf-tiles\PdfTiledPageCanvas.tsx","980","renderVersion","RenderVersion","     977:             pagePriority={pagePriority}
     978:             isActivePage={isActivePage}
     979:             backendVersion={pendingLayer.backendVersion}
>>   980:             finalRenderVersion={pendingLayer.finalRenderVersion}
     981:             generationId={pendingLayer.id}
     982:             onTileReady={handlePendingTileReady}
     983:           />"
"knexwriter\src\modules\Knexread\native-pdf-reader\components\pdf-tiles\PdfTiledPageCanvas.tsx","C:\knexit-workspace\knexit-workspace\knexwriter\src\modules\Knexread\native-pdf-reader\components\pdf-tiles\PdfTiledPageCanvas.tsx","981","generationId","generationId","     978:             isActivePage={isActivePage}
     979:             backendVersion={pendingLayer.backendVersion}
     980:             finalRenderVersion={pendingLayer.finalRenderVersion}
>>   981:             generationId={pendingLayer.id}
     982:             onTileReady={handlePendingTileReady}
     983:           />
     984:         </div>"
"knexwriter\src\modules\Knexread\native-pdf-reader\components\pdf-tiles\PdfTileLayer.tsx","C:\knexit-workspace\knexit-workspace\knexwriter\src\modules\Knexread\native-pdf-reader\components\pdf-tiles\PdfTileLayer.tsx","46","renderVersion","RenderVersion","      43:   pagePriority: number;
      44:   isActivePage: boolean;
      45:   backendVersion: number;
>>    46:   finalRenderVersion: number;
      47:   generationId: string;
      48:   onTileReady?: (tileId: string, generationId: string) => void;
      49: };"
"knexwriter\src\modules\Knexread\native-pdf-reader\components\pdf-tiles\PdfTileLayer.tsx","C:\knexit-workspace\knexit-workspace\knexwriter\src\modules\Knexread\native-pdf-reader\components\pdf-tiles\PdfTileLayer.tsx","47","generationId","generationId","      44:   isActivePage: boolean;
      45:   backendVersion: number;
      46:   finalRenderVersion: number;
>>    47:   generationId: string;
      48:   onTileReady?: (tileId: string, generationId: string) => void;
      49: };
      50: "
"knexwriter\src\modules\Knexread\native-pdf-reader\components\pdf-tiles\PdfTileLayer.tsx","C:\knexit-workspace\knexit-workspace\knexwriter\src\modules\Knexread\native-pdf-reader\components\pdf-tiles\PdfTileLayer.tsx","48","generationId","generationId","      45:   backendVersion: number;
      46:   finalRenderVersion: number;
      47:   generationId: string;
>>    48:   onTileReady?: (tileId: string, generationId: string) => void;
      49: };
      50: 
      51: export function PdfTileLayer({"
"knexwriter\src\modules\Knexread\native-pdf-reader\components\pdf-tiles\PdfTileLayer.tsx","C:\knexit-workspace\knexit-workspace\knexwriter\src\modules\Knexread\native-pdf-reader\components\pdf-tiles\PdfTileLayer.tsx","64","renderVersion","RenderVersion","      61:   pagePriority,
      62:   isActivePage,
      63:   backendVersion,
>>    64:   finalRenderVersion,
      65:   generationId,
      66:   onTileReady,
      67: }: PdfTileLayerProps) {"
"knexwriter\src\modules\Knexread\native-pdf-reader\components\pdf-tiles\PdfTileLayer.tsx","C:\knexit-workspace\knexit-workspace\knexwriter\src\modules\Knexread\native-pdf-reader\components\pdf-tiles\PdfTileLayer.tsx","65","generationId","generationId","      62:   isActivePage,
      63:   backendVersion,
      64:   finalRenderVersion,
>>    65:   generationId,
      66:   onTileReady,
      67: }: PdfTileLayerProps) {
      68:   const orderedTiles = useMemo("
"knexwriter\src\modules\Knexread\native-pdf-reader\components\pdf-tiles\PdfTileLayer.tsx","C:\knexit-workspace\knexit-workspace\knexwriter\src\modules\Knexread\native-pdf-reader\components\pdf-tiles\PdfTileLayer.tsx","87","generationId","generationId","      84:       data-knex-pdf-tile-layer=""true""
      85:       data-knex-pdf-page-number={geometry.pageNumber}
      86:       data-knex-pdf-tile-count={orderedTiles.length}
>>    87:       data-knex-pdf-tile-generation-id={generationId}
      88:       style={{
      89:         width: `${geometry.cssWidth}px`,
      90:         height: `${geometry.cssHeight}px`,"
"knexwriter\src\modules\Knexread\native-pdf-reader\components\pdf-tiles\PdfTileLayer.tsx","C:\knexit-workspace\knexit-workspace\knexwriter\src\modules\Knexread\native-pdf-reader\components\pdf-tiles\PdfTileLayer.tsx","95","generationId","generationId","      92:     >
      93:       {orderedTiles.map((tile) => (
      94:         <PdfTileCanvas
>>    95:           key={`${generationId}:${tile.row}:${tile.column}`}
      96:           documentId={documentId}
      97:           pdfFileId={pdfFileId}
      98:           session={session}"
"knexwriter\src\modules\Knexread\native-pdf-reader\components\pdf-tiles\PdfTileLayer.tsx","C:\knexit-workspace\knexit-workspace\knexwriter\src\modules\Knexread\native-pdf-reader\components\pdf-tiles\PdfTileLayer.tsx","106","backend.*=","backendVersion=","     103:           renderText={renderText}
     104:           tileRenderMode={tileRenderMode}
     105:           priority={getTilePriority({ tile, pagePriority, isActivePage })}
>>   106:           backendVersion={backendVersion}
     107:           finalRenderVersion={finalRenderVersion}
     108:           generationId={generationId}
     109:           onTileReady={onTileReady}"
"knexwriter\src\modules\Knexread\native-pdf-reader\components\pdf-tiles\PdfTileLayer.tsx","C:\knexit-workspace\knexit-workspace\knexwriter\src\modules\Knexread\native-pdf-reader\components\pdf-tiles\PdfTileLayer.tsx","107","renderVersion","RenderVersion","     104:           tileRenderMode={tileRenderMode}
     105:           priority={getTilePriority({ tile, pagePriority, isActivePage })}
     106:           backendVersion={backendVersion}
>>   107:           finalRenderVersion={finalRenderVersion}
     108:           generationId={generationId}
     109:           onTileReady={onTileReady}
     110:         />"
"knexwriter\src\modules\Knexread\native-pdf-reader\components\pdf-tiles\PdfTileLayer.tsx","C:\knexit-workspace\knexit-workspace\knexwriter\src\modules\Knexread\native-pdf-reader\components\pdf-tiles\PdfTileLayer.tsx","107","renderVersion","RenderVersion","     104:           tileRenderMode={tileRenderMode}
     105:           priority={getTilePriority({ tile, pagePriority, isActivePage })}
     106:           backendVersion={backendVersion}
>>   107:           finalRenderVersion={finalRenderVersion}
     108:           generationId={generationId}
     109:           onTileReady={onTileReady}
     110:         />"
"knexwriter\src\modules\Knexread\native-pdf-reader\components\pdf-tiles\PdfTileLayer.tsx","C:\knexit-workspace\knexit-workspace\knexwriter\src\modules\Knexread\native-pdf-reader\components\pdf-tiles\PdfTileLayer.tsx","108","generationId","generationId","     105:           priority={getTilePriority({ tile, pagePriority, isActivePage })}
     106:           backendVersion={backendVersion}
     107:           finalRenderVersion={finalRenderVersion}
>>   108:           generationId={generationId}
     109:           onTileReady={onTileReady}
     110:         />
     111:       ))}"
"knexwriter\src\modules\Knexread\native-pdf-reader\components\pdf-tiles\PdfTileLayer.tsx","C:\knexit-workspace\knexit-workspace\knexwriter\src\modules\Knexread\native-pdf-reader\components\pdf-tiles\PdfTileLayer.tsx","108","generationId","generationId","     105:           priority={getTilePriority({ tile, pagePriority, isActivePage })}
     106:           backendVersion={backendVersion}
     107:           finalRenderVersion={finalRenderVersion}
>>   108:           generationId={generationId}
     109:           onTileReady={onTileReady}
     110:         />
     111:       ))}"
"knexwriter\src\modules\Knexread\native-pdf-reader\components\pdf-tiles\TileRenderDiagnostics.tsx","C:\knexit-workspace\knexit-workspace\knexwriter\src\modules\Knexread\native-pdf-reader\components\pdf-tiles\TileRenderDiagnostics.tsx","15","outputScale","outputScale","      12:   cache: string;
      13:   backend: string;
      14:   renderPhase: string;
>>    15:   outputScale: string;
      16:   dpi: string;
      17:   renderDurationMs: string;
      18:   storageHit: string;"
"knexwriter\src\modules\Knexread\native-pdf-reader\components\pdf-tiles\TileRenderDiagnostics.tsx","C:\knexit-workspace\knexit-workspace\knexwriter\src\modules\Knexread\native-pdf-reader\components\pdf-tiles\TileRenderDiagnostics.tsx","24","tileCount","tileCount","      21: 
      22: export type KnexReadPageTileAuditSummary = {
      23:   page: number;
>>    24:   tileCount: number;
      25:   gridLikely: string;
      26:   rows: number;
      27:   columns: number;"
"knexwriter\src\modules\Knexread\native-pdf-reader\components\pdf-tiles\TileRenderDiagnostics.tsx","C:\knexit-workspace\knexit-workspace\knexwriter\src\modules\Knexread\native-pdf-reader\components\pdf-tiles\TileRenderDiagnostics.tsx","73","outputScale","OutputScale","      70:     cache: tile.dataset.knexPdfTileCache ?? """",
      71:     backend: tile.dataset.knexPdfBackend ?? """",
      72:     renderPhase: tile.dataset.knexPdfRenderPhase ?? """",
>>    73:     outputScale: tile.dataset.knexPdfOutputScale ?? """",
      74:     dpi: tile.dataset.knexPdfDpi ?? """",
      75:     renderDurationMs: tile.dataset.knexPdfTileRenderDurationMs ?? """",
      76:     storageHit: tile.dataset.knexPdfStorageHit ?? """","
"knexwriter\src\modules\Knexread\native-pdf-reader\components\pdf-tiles\TileRenderDiagnostics.tsx","C:\knexit-workspace\knexit-workspace\knexwriter\src\modules\Knexread\native-pdf-reader\components\pdf-tiles\TileRenderDiagnostics.tsx","73","outputScale","outputScale","      70:     cache: tile.dataset.knexPdfTileCache ?? """",
      71:     backend: tile.dataset.knexPdfBackend ?? """",
      72:     renderPhase: tile.dataset.knexPdfRenderPhase ?? """",
>>    73:     outputScale: tile.dataset.knexPdfOutputScale ?? """",
      74:     dpi: tile.dataset.knexPdfDpi ?? """",
      75:     renderDurationMs: tile.dataset.knexPdfTileRenderDurationMs ?? """",
      76:     storageHit: tile.dataset.knexPdfStorageHit ?? """","
"knexwriter\src\modules\Knexread\native-pdf-reader\components\pdf-tiles\TileRenderDiagnostics.tsx","C:\knexit-workspace\knexit-workspace\knexwriter\src\modules\Knexread\native-pdf-reader\components\pdf-tiles\TileRenderDiagnostics.tsx","84","canvas\.width","canvas.width","      81: function readTileScale(tile: HTMLElement): { scaleX: number; scaleY: number } {
      82:   const rect = tile.getBoundingClientRect();
      83:   const canvas = tile as HTMLCanvasElement;
>>    84:   const scaleX = canvas.width / Math.max(1, rect.width);
      85:   const scaleY = canvas.height / Math.max(1, rect.height);
      86: 
      87:   return { scaleX, scaleY };"
"knexwriter\src\modules\Knexread\native-pdf-reader\components\pdf-tiles\TileRenderDiagnostics.tsx","C:\knexit-workspace\knexit-workspace\knexwriter\src\modules\Knexread\native-pdf-reader\components\pdf-tiles\TileRenderDiagnostics.tsx","85","canvas\.height","canvas.height","      82:   const rect = tile.getBoundingClientRect();
      83:   const canvas = tile as HTMLCanvasElement;
      84:   const scaleX = canvas.width / Math.max(1, rect.width);
>>    85:   const scaleY = canvas.height / Math.max(1, rect.height);
      86: 
      87:   return { scaleX, scaleY };
      88: }"
"knexwriter\src\modules\Knexread\native-pdf-reader\components\pdf-tiles\TileRenderDiagnostics.tsx","C:\knexit-workspace\knexit-workspace\knexwriter\src\modules\Knexread\native-pdf-reader\components\pdf-tiles\TileRenderDiagnostics.tsx","175","tileCount","tileCount","     172:       const minScaleY = Math.min(...scales.map((scale) => scale.scaleY));
     173:       return {
     174:         page,
>>   175:         tileCount: tiles.length,
     176:         gridLikely: `${rows.size} linhas x ${columns.size} colunas`,
     177:         rows: rows.size,
     178:         columns: columns.size,"
"knexwriter\src\modules\Knexread\native-pdf-reader\hooks\usePdfZoom.ts","C:\knexit-workspace\knexit-workspace\knexwriter\src\modules\Knexread\native-pdf-reader\hooks\usePdfZoom.ts","3","pdfEngine","PdfEngine","       1: import { useCallback, useMemo } from ""react"";
       2: import {
>>     3:   useKnexPdfEngine,
       4:   useKnexPdfEngineState,
       5: } from ""../knex-pdf-engine/KnexPdfEngineProvider"";
       6: "
"knexwriter\src\modules\Knexread\native-pdf-reader\hooks\usePdfZoom.ts","C:\knexit-workspace\knexit-workspace\knexwriter\src\modules\Knexread\native-pdf-reader\hooks\usePdfZoom.ts","4","pdfEngine","PdfEngine","       1: import { useCallback, useMemo } from ""react"";
       2: import {
       3:   useKnexPdfEngine,
>>     4:   useKnexPdfEngineState,
       5: } from ""../knex-pdf-engine/KnexPdfEngineProvider"";
       6: 
       7: export function usePdfZoom() {"
"knexwriter\src\modules\Knexread\native-pdf-reader\hooks\usePdfZoom.ts","C:\knexit-workspace\knexit-workspace\knexwriter\src\modules\Knexread\native-pdf-reader\hooks\usePdfZoom.ts","5","pdfEngine","PdfEngine","       2: import {
       3:   useKnexPdfEngine,
       4:   useKnexPdfEngineState,
>>     5: } from ""../knex-pdf-engine/KnexPdfEngineProvider"";
       6: 
       7: export function usePdfZoom() {
       8:   const engine = useKnexPdfEngine();"
"knexwriter\src\modules\Knexread\native-pdf-reader\hooks\usePdfZoom.ts","C:\knexit-workspace\knexit-workspace\knexwriter\src\modules\Knexread\native-pdf-reader\hooks\usePdfZoom.ts","8","engine.*=","engine =","       5: } from ""../knex-pdf-engine/KnexPdfEngineProvider"";
       6: 
       7: export function usePdfZoom() {
>>     8:   const engine = useKnexPdfEngine();
       9:   const engineState = useKnexPdfEngineState();
      10: 
      11:   const zoomScale = engineState.zoom;"
"knexwriter\src\modules\Knexread\native-pdf-reader\hooks\usePdfZoom.ts","C:\knexit-workspace\knexit-workspace\knexwriter\src\modules\Knexread\native-pdf-reader\hooks\usePdfZoom.ts","8","pdfEngine","PdfEngine","       5: } from ""../knex-pdf-engine/KnexPdfEngineProvider"";
       6: 
       7: export function usePdfZoom() {
>>     8:   const engine = useKnexPdfEngine();
       9:   const engineState = useKnexPdfEngineState();
      10: 
      11:   const zoomScale = engineState.zoom;"
"knexwriter\src\modules\Knexread\native-pdf-reader\hooks\usePdfZoom.ts","C:\knexit-workspace\knexit-workspace\knexwriter\src\modules\Knexread\native-pdf-reader\hooks\usePdfZoom.ts","9","pdfEngine","PdfEngine","       6: 
       7: export function usePdfZoom() {
       8:   const engine = useKnexPdfEngine();
>>     9:   const engineState = useKnexPdfEngineState();
      10: 
      11:   const zoomScale = engineState.zoom;
      12:   const zoom = Math.round(zoomScale * 100);"
"knexwriter\src\modules\Knexread\native-pdf-reader\hooks\usePdfZoom.ts","C:\knexit-workspace\knexit-workspace\knexwriter\src\modules\Knexread\native-pdf-reader\hooks\usePdfZoom.ts","9","engine.*=","engineState =","       6: 
       7: export function usePdfZoom() {
       8:   const engine = useKnexPdfEngine();
>>     9:   const engineState = useKnexPdfEngineState();
      10: 
      11:   const zoomScale = engineState.zoom;
      12:   const zoom = Math.round(zoomScale * 100);"
"knexwriter\src\modules\Knexread\native-pdf-reader\knex-pdf-engine\backends\BackendRegistry.ts","C:\knexit-workspace\knexit-workspace\knexwriter\src\modules\Knexread\native-pdf-reader\knex-pdf-engine\backends\BackendRegistry.ts","3","PdfRenderBackend","PdfRenderBackend","       1: import type { KnexPdfBackendId } from ""../core/engineTypes"";
       2: import type { KnexPdfBackendSelectionMode } from ""../core/engineState"";
>>     3: import type { PdfRenderBackend } from ""./PdfRenderBackend"";
       4: import { PdfJsBackend } from ""./pdfjs/PdfJsBackend"";
       5: import { PdfiumBackend } from ""./future-pdfium"";
       6: import { MuPdfBackend } from ""./future-mupdf"";"
"knexwriter\src\modules\Knexread\native-pdf-reader\knex-pdf-engine\backends\BackendRegistry.ts","C:\knexit-workspace\knexit-workspace\knexwriter\src\modules\Knexread\native-pdf-reader\knex-pdf-engine\backends\BackendRegistry.ts","3","PdfRenderBackend","PdfRenderBackend","       1: import type { KnexPdfBackendId } from ""../core/engineTypes"";
       2: import type { KnexPdfBackendSelectionMode } from ""../core/engineState"";
>>     3: import type { PdfRenderBackend } from ""./PdfRenderBackend"";
       4: import { PdfJsBackend } from ""./pdfjs/PdfJsBackend"";
       5: import { PdfiumBackend } from ""./future-pdfium"";
       6: import { MuPdfBackend } from ""./future-mupdf"";"
"knexwriter\src\modules\Knexread\native-pdf-reader\knex-pdf-engine\backends\BackendRegistry.ts","C:\knexit-workspace\knexit-workspace\knexwriter\src\modules\Knexread\native-pdf-reader\knex-pdf-engine\backends\BackendRegistry.ts","10","backend.*=","BackendRegistryEntry =","       7: 
       8: export type { KnexPdfBackendSelectionMode };
       9: 
>>    10: export type BackendRegistryEntry = {
      11:   backend: PdfRenderBackend;
      12:   experimental: boolean;
      13: };"
"knexwriter\src\modules\Knexread\native-pdf-reader\knex-pdf-engine\backends\BackendRegistry.ts","C:\knexit-workspace\knexit-workspace\knexwriter\src\modules\Knexread\native-pdf-reader\knex-pdf-engine\backends\BackendRegistry.ts","11","PdfRenderBackend","PdfRenderBackend","       8: export type { KnexPdfBackendSelectionMode };
       9: 
      10: export type BackendRegistryEntry = {
>>    11:   backend: PdfRenderBackend;
      12:   experimental: boolean;
      13: };
      14: "
"knexwriter\src\modules\Knexread\native-pdf-reader\knex-pdf-engine\backends\BackendRegistry.ts","C:\knexit-workspace\knexit-workspace\knexwriter\src\modules\Knexread\native-pdf-reader\knex-pdf-engine\backends\BackendRegistry.ts","16","backend.*=","backends =","      13: };
      14: 
      15: export class BackendRegistry {
>>    16:   private readonly backends = new Map<string, BackendRegistryEntry>();
      17: 
      18:   register(
      19:     backend: PdfRenderBackend,"
"knexwriter\src\modules\Knexread\native-pdf-reader\knex-pdf-engine\backends\BackendRegistry.ts","C:\knexit-workspace\knexit-workspace\knexwriter\src\modules\Knexread\native-pdf-reader\knex-pdf-engine\backends\BackendRegistry.ts","19","PdfRenderBackend","PdfRenderBackend","      16:   private readonly backends = new Map<string, BackendRegistryEntry>();
      17: 
      18:   register(
>>    19:     backend: PdfRenderBackend,
      20:     options: { experimental?: boolean } = {},
      21:   ): this {
      22:     this.backends.set(backend.id, {"
"knexwriter\src\modules\Knexread\native-pdf-reader\knex-pdf-engine\backends\BackendRegistry.ts","C:\knexit-workspace\knexit-workspace\knexwriter\src\modules\Knexread\native-pdf-reader\knex-pdf-engine\backends\BackendRegistry.ts","30","PdfRenderBackend","PdfRenderBackend","      27:     return this;
      28:   }
      29: 
>>    30:   get(id: KnexPdfBackendId | string): PdfRenderBackend | undefined {
      31:     return this.backends.get(id)?.backend;
      32:   }
      33: "
"knexwriter\src\modules\Knexread\native-pdf-reader\knex-pdf-engine\backends\BackendRegistry.ts","C:\knexit-workspace\knexit-workspace\knexwriter\src\modules\Knexread\native-pdf-reader\knex-pdf-engine\backends\BackendRegistry.ts","34","PdfRenderBackend","PdfRenderBackend","      31:     return this.backends.get(id)?.backend;
      32:   }
      33: 
>>    34:   getRequired(id: KnexPdfBackendId | string): PdfRenderBackend {
      35:     const backend = this.get(id);
      36: 
      37:     if (!backend) {"
"knexwriter\src\modules\Knexread\native-pdf-reader\knex-pdf-engine\backends\BackendRegistry.ts","C:\knexit-workspace\knexit-workspace\knexwriter\src\modules\Knexread\native-pdf-reader\knex-pdf-engine\backends\BackendRegistry.ts","35","backend.*=","backend =","      32:   }
      33: 
      34:   getRequired(id: KnexPdfBackendId | string): PdfRenderBackend {
>>    35:     const backend = this.get(id);
      36: 
      37:     if (!backend) {
      38:       throw new Error(`KnexPDF backend is not registered: ${id}`);"
"knexwriter\src\modules\Knexread\native-pdf-reader\knex-pdf-engine\backends\BackendRegistry.ts","C:\knexit-workspace\knexit-workspace\knexwriter\src\modules\Knexread\native-pdf-reader\knex-pdf-engine\backends\BackendRegistry.ts","50","PdfRenderBackend","PdfRenderBackend","      47:     );
      48:   }
      49: 
>>    50:   listBackends(): PdfRenderBackend[] {
      51:     return this.list().map((entry) => entry.backend);
      52:   }
      53: "
"knexwriter\src\modules\Knexread\native-pdf-reader\knex-pdf-engine\backends\BackendRegistry.ts","C:\knexit-workspace\knexit-workspace\knexwriter\src\modules\Knexread\native-pdf-reader\knex-pdf-engine\backends\BackendRegistry.ts","59","create.*Backend","createDefaultBackend","      56:   }
      57: }
      58: 
>>    59: export function createDefaultBackendRegistry(options: {
      60:   pdfJsBackend?: PdfJsBackend;
      61:   pdfiumBackend?: PdfiumBackend;
      62:   muPdfBackend?: MuPdfBackend;"
"knexwriter\src\modules\Knexread\native-pdf-reader\knex-pdf-engine\backends\BackendRegistry.ts","C:\knexit-workspace\knexit-workspace\knexwriter\src\modules\Knexread\native-pdf-reader\knex-pdf-engine\backends\BackendRegistry.ts","67","new\s+Pdfium","new Pdfium","      64:   const registry = new BackendRegistry();
      65: 
      66:   registry.register(options.pdfJsBackend ?? new PdfJsBackend());
>>    67:   registry.register(options.pdfiumBackend ?? new PdfiumBackend(), {
      68:     experimental: true,
      69:   });
      70:   registry.register(options.muPdfBackend ?? new MuPdfBackend(), {"
"knexwriter\src\modules\Knexread\native-pdf-reader\knex-pdf-engine\backends\BackendSelector.ts","C:\knexit-workspace\knexit-workspace\knexwriter\src\modules\Knexread\native-pdf-reader\knex-pdf-engine\backends\BackendSelector.ts","5","PdfRenderBackend","PdfRenderBackend","       2: import type { KnexPdfBackendId } from ""../core/engineTypes"";
       3: import type {
       4:   PdfBackendCapabilities,
>>     5:   PdfRenderBackend,
       6: } from ""./PdfRenderBackend"";
       7: import { BackendRegistry } from ""./BackendRegistry"";
       8: "
"knexwriter\src\modules\Knexread\native-pdf-reader\knex-pdf-engine\backends\BackendSelector.ts","C:\knexit-workspace\knexit-workspace\knexwriter\src\modules\Knexread\native-pdf-reader\knex-pdf-engine\backends\BackendSelector.ts","6","PdfRenderBackend","PdfRenderBackend","       3: import type {
       4:   PdfBackendCapabilities,
       5:   PdfRenderBackend,
>>     6: } from ""./PdfRenderBackend"";
       7: import { BackendRegistry } from ""./BackendRegistry"";
       8: 
       9: export type BackendSelectionResult = {"
"knexwriter\src\modules\Knexread\native-pdf-reader\knex-pdf-engine\backends\BackendSelector.ts","C:\knexit-workspace\knexit-workspace\knexwriter\src\modules\Knexread\native-pdf-reader\knex-pdf-engine\backends\BackendSelector.ts","9","backend.*=","BackendSelectionResult =","       6: } from ""./PdfRenderBackend"";
       7: import { BackendRegistry } from ""./BackendRegistry"";
       8: 
>>     9: export type BackendSelectionResult = {
      10:   requestedBackend: KnexPdfBackendSelectionMode;
      11:   activeBackend: KnexPdfBackendId;
      12:   backend: PdfRenderBackend;"
"knexwriter\src\modules\Knexread\native-pdf-reader\knex-pdf-engine\backends\BackendSelector.ts","C:\knexit-workspace\knexit-workspace\knexwriter\src\modules\Knexread\native-pdf-reader\knex-pdf-engine\backends\BackendSelector.ts","11","active.*Backend","activeBackend: KnexPdfBackend","       8: 
       9: export type BackendSelectionResult = {
      10:   requestedBackend: KnexPdfBackendSelectionMode;
>>    11:   activeBackend: KnexPdfBackendId;
      12:   backend: PdfRenderBackend;
      13:   fallbackUsed: boolean;
      14:   failedBackend?: KnexPdfBackendId | string;"
"knexwriter\src\modules\Knexread\native-pdf-reader\knex-pdf-engine\backends\BackendSelector.ts","C:\knexit-workspace\knexit-workspace\knexwriter\src\modules\Knexread\native-pdf-reader\knex-pdf-engine\backends\BackendSelector.ts","12","PdfRenderBackend","PdfRenderBackend","       9: export type BackendSelectionResult = {
      10:   requestedBackend: KnexPdfBackendSelectionMode;
      11:   activeBackend: KnexPdfBackendId;
>>    12:   backend: PdfRenderBackend;
      13:   fallbackUsed: boolean;
      14:   failedBackend?: KnexPdfBackendId | string;
      15:   reason?: string;"
"knexwriter\src\modules\Knexread\native-pdf-reader\knex-pdf-engine\backends\BackendSelector.ts","C:\knexit-workspace\knexit-workspace\knexwriter\src\modules\Knexread\native-pdf-reader\knex-pdf-engine\backends\BackendSelector.ts","13","fallback","fallback","      10:   requestedBackend: KnexPdfBackendSelectionMode;
      11:   activeBackend: KnexPdfBackendId;
      12:   backend: PdfRenderBackend;
>>    13:   fallbackUsed: boolean;
      14:   failedBackend?: KnexPdfBackendId | string;
      15:   reason?: string;
      16: };"
"knexwriter\src\modules\Knexread\native-pdf-reader\knex-pdf-engine\backends\BackendSelector.ts","C:\knexit-workspace\knexit-workspace\knexwriter\src\modules\Knexread\native-pdf-reader\knex-pdf-engine\backends\BackendSelector.ts","18","backend.*=","BackendAttemptFailure =","      15:   reason?: string;
      16: };
      17: 
>>    18: type BackendAttemptFailure = {
      19:   backendId: KnexPdfBackendId | string;
      20:   reason: string;
      21: };"
"knexwriter\src\modules\Knexread\native-pdf-reader\knex-pdf-engine\backends\BackendSelector.ts","C:\knexit-workspace\knexit-workspace\knexwriter\src\modules\Knexread\native-pdf-reader\knex-pdf-engine\backends\BackendSelector.ts","23","backend.*=","BACKEND_ORDER: KnexPdfBackendId[] =","      20:   reason: string;
      21: };
      22: 
>>    23: const AUTO_BACKEND_ORDER: KnexPdfBackendId[] = [""pdfium"", ""mupdf"", ""pdfjs""];
      24: 
      25: function createUnavailableCapabilities(reason: string): PdfBackendCapabilities {
      26:   return {"
"knexwriter\src\modules\Knexread\native-pdf-reader\knex-pdf-engine\backends\BackendSelector.ts","C:\knexit-workspace\knexit-workspace\knexwriter\src\modules\Knexread\native-pdf-reader\knex-pdf-engine\backends\BackendSelector.ts","25","create.*Backend","createUnavailableCapabilities(reason: string): PdfBackend","      22: 
      23: const AUTO_BACKEND_ORDER: KnexPdfBackendId[] = [""pdfium"", ""mupdf"", ""pdfjs""];
      24: 
>>    25: function createUnavailableCapabilities(reason: string): PdfBackendCapabilities {
      26:   return {
      27:     available: false,
      28:     renderPage: false,"
"knexwriter\src\modules\Knexread\native-pdf-reader\knex-pdf-engine\backends\BackendSelector.ts","C:\knexit-workspace\knexit-workspace\knexwriter\src\modules\Knexread\native-pdf-reader\knex-pdf-engine\backends\BackendSelector.ts","53","fallback","Fallback","      50:     .join(""; "");
      51: }
      52: 
>>    53: function getFallbackReason(input: {
      54:   requestedBackend: KnexPdfBackendSelectionMode;
      55:   failures: BackendAttemptFailure[];
      56: }): string | undefined {"
"knexwriter\src\modules\Knexread\native-pdf-reader\knex-pdf-engine\backends\BackendSelector.ts","C:\knexit-workspace\knexit-workspace\knexwriter\src\modules\Knexread\native-pdf-reader\knex-pdf-engine\backends\BackendSelector.ts","59","backend.*=","Backend !==","      56: }): string | undefined {
      57:   if (input.failures.length === 0) return undefined;
      58: 
>>    59:   if (input.requestedBackend !== ""auto"") {
      60:     return input.failures[0]?.reason;
      61:   }
      62: "
"knexwriter\src\modules\Knexread\native-pdf-reader\knex-pdf-engine\backends\BackendSelector.ts","C:\knexit-workspace\knexit-workspace\knexwriter\src\modules\Knexread\native-pdf-reader\knex-pdf-engine\backends\BackendSelector.ts","70","preferred.*Backend","preferredBackend: KnexPdfBackend","      67:   constructor(private readonly registry: BackendRegistry) {}
      68: 
      69:   async select(
>>    70:     preferredBackend: KnexPdfBackendSelectionMode,
      71:   ): Promise<BackendSelectionResult> {
      72:     const requestedBackend = preferredBackend;
      73:     const orderedBackendIds ="
"knexwriter\src\modules\Knexread\native-pdf-reader\knex-pdf-engine\backends\BackendSelector.ts","C:\knexit-workspace\knexit-workspace\knexwriter\src\modules\Knexread\native-pdf-reader\knex-pdf-engine\backends\BackendSelector.ts","72","backend.*=","Backend =","      69:   async select(
      70:     preferredBackend: KnexPdfBackendSelectionMode,
      71:   ): Promise<BackendSelectionResult> {
>>    72:     const requestedBackend = preferredBackend;
      73:     const orderedBackendIds =
      74:       preferredBackend === ""auto""
      75:         ? AUTO_BACKEND_ORDER"
"knexwriter\src\modules\Knexread\native-pdf-reader\knex-pdf-engine\backends\BackendSelector.ts","C:\knexit-workspace\knexit-workspace\knexwriter\src\modules\Knexread\native-pdf-reader\knex-pdf-engine\backends\BackendSelector.ts","72","preferred.*Backend","preferredBackend","      69:   async select(
      70:     preferredBackend: KnexPdfBackendSelectionMode,
      71:   ): Promise<BackendSelectionResult> {
>>    72:     const requestedBackend = preferredBackend;
      73:     const orderedBackendIds =
      74:       preferredBackend === ""auto""
      75:         ? AUTO_BACKEND_ORDER"
"knexwriter\src\modules\Knexread\native-pdf-reader\knex-pdf-engine\backends\BackendSelector.ts","C:\knexit-workspace\knexit-workspace\knexwriter\src\modules\Knexread\native-pdf-reader\knex-pdf-engine\backends\BackendSelector.ts","73","backend.*=","BackendIds =","      70:     preferredBackend: KnexPdfBackendSelectionMode,
      71:   ): Promise<BackendSelectionResult> {
      72:     const requestedBackend = preferredBackend;
>>    73:     const orderedBackendIds =
      74:       preferredBackend === ""auto""
      75:         ? AUTO_BACKEND_ORDER
      76:         : [preferredBackend, ""pdfjs""].filter("
"knexwriter\src\modules\Knexread\native-pdf-reader\knex-pdf-engine\backends\BackendSelector.ts","C:\knexit-workspace\knexit-workspace\knexwriter\src\modules\Knexread\native-pdf-reader\knex-pdf-engine\backends\BackendSelector.ts","74","preferred.*Backend","preferredBackend","      71:   ): Promise<BackendSelectionResult> {
      72:     const requestedBackend = preferredBackend;
      73:     const orderedBackendIds =
>>    74:       preferredBackend === ""auto""
      75:         ? AUTO_BACKEND_ORDER
      76:         : [preferredBackend, ""pdfjs""].filter(
      77:             (id, index, values) => values.indexOf(id) === index,"
"knexwriter\src\modules\Knexread\native-pdf-reader\knex-pdf-engine\backends\BackendSelector.ts","C:\knexit-workspace\knexit-workspace\knexwriter\src\modules\Knexread\native-pdf-reader\knex-pdf-engine\backends\BackendSelector.ts","74","backend.*=","Backend ===","      71:   ): Promise<BackendSelectionResult> {
      72:     const requestedBackend = preferredBackend;
      73:     const orderedBackendIds =
>>    74:       preferredBackend === ""auto""
      75:         ? AUTO_BACKEND_ORDER
      76:         : [preferredBackend, ""pdfjs""].filter(
      77:             (id, index, values) => values.indexOf(id) === index,"
"knexwriter\src\modules\Knexread\native-pdf-reader\knex-pdf-engine\backends\BackendSelector.ts","C:\knexit-workspace\knexit-workspace\knexwriter\src\modules\Knexread\native-pdf-reader\knex-pdf-engine\backends\BackendSelector.ts","76","preferred.*Backend","preferredBackend","      73:     const orderedBackendIds =
      74:       preferredBackend === ""auto""
      75:         ? AUTO_BACKEND_ORDER
>>    76:         : [preferredBackend, ""pdfjs""].filter(
      77:             (id, index, values) => values.indexOf(id) === index,
      78:           );
      79: "
"knexwriter\src\modules\Knexread\native-pdf-reader\knex-pdf-engine\backends\BackendSelector.ts","C:\knexit-workspace\knexit-workspace\knexwriter\src\modules\Knexread\native-pdf-reader\knex-pdf-engine\backends\BackendSelector.ts","80","backend.*=","BackendAttemptFailure[] =","      77:             (id, index, values) => values.indexOf(id) === index,
      78:           );
      79: 
>>    80:     const failures: BackendAttemptFailure[] = [];
      81: 
      82:     for (const backendId of orderedBackendIds) {
      83:       const backend = this.registry.get(backendId);"
"knexwriter\src\modules\Knexread\native-pdf-reader\knex-pdf-engine\backends\BackendSelector.ts","C:\knexit-workspace\knexit-workspace\knexwriter\src\modules\Knexread\native-pdf-reader\knex-pdf-engine\backends\BackendSelector.ts","83","backend.*=","backend =","      80:     const failures: BackendAttemptFailure[] = [];
      81: 
      82:     for (const backendId of orderedBackendIds) {
>>    83:       const backend = this.registry.get(backendId);
      84: 
      85:       if (!backend) {
      86:         failures.push({"
"knexwriter\src\modules\Knexread\native-pdf-reader\knex-pdf-engine\backends\BackendSelector.ts","C:\knexit-workspace\knexit-workspace\knexwriter\src\modules\Knexread\native-pdf-reader\knex-pdf-engine\backends\BackendSelector.ts","111","fallback","fallback","     108:         continue;
     109:       }
     110: 
>>   111:       const fallbackUsed =
     112:         requestedBackend === ""auto""
     113:           ? failures.length > 0
     114:           : requestedBackend !== backend.id;"
"knexwriter\src\modules\Knexread\native-pdf-reader\knex-pdf-engine\backends\BackendSelector.ts","C:\knexit-workspace\knexit-workspace\knexwriter\src\modules\Knexread\native-pdf-reader\knex-pdf-engine\backends\BackendSelector.ts","112","backend.*=","Backend ===","     109:       }
     110: 
     111:       const fallbackUsed =
>>   112:         requestedBackend === ""auto""
     113:           ? failures.length > 0
     114:           : requestedBackend !== backend.id;
     115:       const failed = failures[0];"
"knexwriter\src\modules\Knexread\native-pdf-reader\knex-pdf-engine\backends\BackendSelector.ts","C:\knexit-workspace\knexit-workspace\knexwriter\src\modules\Knexread\native-pdf-reader\knex-pdf-engine\backends\BackendSelector.ts","114","backend.*=","Backend !==","     111:       const fallbackUsed =
     112:         requestedBackend === ""auto""
     113:           ? failures.length > 0
>>   114:           : requestedBackend !== backend.id;
     115:       const failed = failures[0];
     116: 
     117:       return {"
"knexwriter\src\modules\Knexread\native-pdf-reader\knex-pdf-engine\backends\BackendSelector.ts","C:\knexit-workspace\knexit-workspace\knexwriter\src\modules\Knexread\native-pdf-reader\knex-pdf-engine\backends\BackendSelector.ts","119","active.*Backend","activeBackend: backend","     116: 
     117:       return {
     118:         requestedBackend,
>>   119:         activeBackend: backend.id,
     120:         backend,
     121:         fallbackUsed,
     122:         failedBackend: fallbackUsed ? failed?.backendId : undefined,"
"knexwriter\src\modules\Knexread\native-pdf-reader\knex-pdf-engine\backends\BackendSelector.ts","C:\knexit-workspace\knexit-workspace\knexwriter\src\modules\Knexread\native-pdf-reader\knex-pdf-engine\backends\BackendSelector.ts","121","fallback","fallback","     118:         requestedBackend,
     119:         activeBackend: backend.id,
     120:         backend,
>>   121:         fallbackUsed,
     122:         failedBackend: fallbackUsed ? failed?.backendId : undefined,
     123:         reason: fallbackUsed
     124:           ? getFallbackReason({ requestedBackend, failures })"
"knexwriter\src\modules\Knexread\native-pdf-reader\knex-pdf-engine\backends\BackendSelector.ts","C:\knexit-workspace\knexit-workspace\knexwriter\src\modules\Knexread\native-pdf-reader\knex-pdf-engine\backends\BackendSelector.ts","122","fallback","fallback","     119:         activeBackend: backend.id,
     120:         backend,
     121:         fallbackUsed,
>>   122:         failedBackend: fallbackUsed ? failed?.backendId : undefined,
     123:         reason: fallbackUsed
     124:           ? getFallbackReason({ requestedBackend, failures })
     125:           : capabilities.reason,"
"knexwriter\src\modules\Knexread\native-pdf-reader\knex-pdf-engine\backends\BackendSelector.ts","C:\knexit-workspace\knexit-workspace\knexwriter\src\modules\Knexread\native-pdf-reader\knex-pdf-engine\backends\BackendSelector.ts","123","fallback","fallback","     120:         backend,
     121:         fallbackUsed,
     122:         failedBackend: fallbackUsed ? failed?.backendId : undefined,
>>   123:         reason: fallbackUsed
     124:           ? getFallbackReason({ requestedBackend, failures })
     125:           : capabilities.reason,
     126:       };"
"knexwriter\src\modules\Knexread\native-pdf-reader\knex-pdf-engine\backends\BackendSelector.ts","C:\knexit-workspace\knexit-workspace\knexwriter\src\modules\Knexread\native-pdf-reader\knex-pdf-engine\backends\BackendSelector.ts","124","fallback","Fallback","     121:         fallbackUsed,
     122:         failedBackend: fallbackUsed ? failed?.backendId : undefined,
     123:         reason: fallbackUsed
>>   124:           ? getFallbackReason({ requestedBackend, failures })
     125:           : capabilities.reason,
     126:       };
     127:     }"
"knexwriter\src\modules\Knexread\native-pdf-reader\knex-pdf-engine\backends\BackendSelector.ts","C:\knexit-workspace\knexit-workspace\knexwriter\src\modules\Knexread\native-pdf-reader\knex-pdf-engine\backends\BackendSelector.ts","137","PdfRenderBackend","PdfRenderBackend","     134:   }
     135: 
     136:   private async getCapabilities(
>>   137:     backend: PdfRenderBackend,
     138:   ): Promise<PdfBackendCapabilities> {
     139:     try {
     140:       return backend.getCapabilities"
"knexwriter\src\modules\Knexread\native-pdf-reader\knex-pdf-engine\backends\BackendSelector.ts","C:\knexit-workspace\knexit-workspace\knexwriter\src\modules\Knexread\native-pdf-reader\knex-pdf-engine\backends\BackendSelector.ts","142","create.*Backend","createUnavailableCapabilities(""Backend","     139:     try {
     140:       return backend.getCapabilities
     141:         ? await backend.getCapabilities()
>>   142:         : createUnavailableCapabilities(""Backend does not expose capabilities."");
     143:     } catch (error) {
     144:       return createUnavailableCapabilities(
     145:         error instanceof Error"
"knexwriter\src\modules\Knexread\native-pdf-reader\knex-pdf-engine\backends\future-mupdf\MuPdfAnnotationExtractor.ts","C:\knexit-workspace\knexit-workspace\knexwriter\src\modules\Knexread\native-pdf-reader\knex-pdf-engine\backends\future-mupdf\MuPdfAnnotationExtractor.ts","4","PdfRenderBackend","PdfRenderBackend","       1: import type {
       2:   PdfBackendAnnotation,
       3:   PdfBackendExtractAnnotationsInput,
>>     4: } from ""../PdfRenderBackend"";
       5: import { MuPdfRuntimeLoader } from ""./MuPdfRuntimeLoader"";
       6: 
       7: export class MuPdfAnnotationExtractor {"
"knexwriter\src\modules\Knexread\native-pdf-reader\knex-pdf-engine\backends\future-mupdf\MuPdfAnnotationExtractor.ts","C:\knexit-workspace\knexit-workspace\knexwriter\src\modules\Knexread\native-pdf-reader\knex-pdf-engine\backends\future-mupdf\MuPdfAnnotationExtractor.ts","13","runtime.*=","runtime =","      10:   async extract(
      11:     input: PdfBackendExtractAnnotationsInput,
      12:   ): Promise<PdfBackendAnnotation[]> {
>>    13:     const runtime = await this.runtimeLoader.getRuntime();
      14: 
      15:     if (!runtime.extractAnnotations) {
      16:       return [];"
"knexwriter\src\modules\Knexread\native-pdf-reader\knex-pdf-engine\backends\future-mupdf\MuPdfBackend.ts","C:\knexit-workspace\knexit-workspace\knexwriter\src\modules\Knexread\native-pdf-reader\knex-pdf-engine\backends\future-mupdf\MuPdfBackend.ts","13","PdfRenderBackend","PdfRenderBackend","      10:   PdfBackendPageHandle,
      11:   PdfBackendRenderPageInput,
      12:   PdfBackendRenderTileInput,
>>    13:   PdfRenderBackend,
      14: } from ""../PdfRenderBackend"";
      15: import { MuPdfAnnotationExtractor } from ""./MuPdfAnnotationExtractor"";
      16: import { MuPdfPageRenderer } from ""./MuPdfPageRenderer"";"
"knexwriter\src\modules\Knexread\native-pdf-reader\knex-pdf-engine\backends\future-mupdf\MuPdfBackend.ts","C:\knexit-workspace\knexit-workspace\knexwriter\src\modules\Knexread\native-pdf-reader\knex-pdf-engine\backends\future-mupdf\MuPdfBackend.ts","14","PdfRenderBackend","PdfRenderBackend","      11:   PdfBackendRenderPageInput,
      12:   PdfBackendRenderTileInput,
      13:   PdfRenderBackend,
>>    14: } from ""../PdfRenderBackend"";
      15: import { MuPdfAnnotationExtractor } from ""./MuPdfAnnotationExtractor"";
      16: import { MuPdfPageRenderer } from ""./MuPdfPageRenderer"";
      17: import { MuPdfRuntimeLoader } from ""./MuPdfRuntimeLoader"";"
"knexwriter\src\modules\Knexread\native-pdf-reader\knex-pdf-engine\backends\future-mupdf\MuPdfBackend.ts","C:\knexit-workspace\knexit-workspace\knexwriter\src\modules\Knexread\native-pdf-reader\knex-pdf-engine\backends\future-mupdf\MuPdfBackend.ts","24","PdfRenderBackend","PdfRenderBackend","      21:   return Math.max(0.01, Number.isFinite(scale) ? scale : 1);
      22: }
      23: 
>>    24: export class MuPdfBackend implements PdfRenderBackend {
      25:   readonly id = ""mupdf"" as const;
      26:   readonly label = ""MuPDF WASM"";
      27:   readonly priority = 80;"
"knexwriter\src\modules\Knexread\native-pdf-reader\knex-pdf-engine\backends\future-mupdf\MuPdfBackend.ts","C:\knexit-workspace\knexit-workspace\knexwriter\src\modules\Knexread\native-pdf-reader\knex-pdf-engine\backends\future-mupdf\MuPdfBackend.ts","30","runtime.*=","runtimeLoader =","      27:   readonly priority = 80;
      28: 
      29:   constructor(
>>    30:     private readonly runtimeLoader = new MuPdfRuntimeLoader(),
      31:     private readonly pageRenderer = new MuPdfPageRenderer(runtimeLoader),
      32:     private readonly textExtractor = new MuPdfTextExtractor(runtimeLoader),
      33:     private readonly annotationExtractor = new MuPdfAnnotationExtractor("
"knexwriter\src\modules\Knexread\native-pdf-reader\knex-pdf-engine\backends\future-mupdf\MuPdfBackend.ts","C:\knexit-workspace\knexit-workspace\knexwriter\src\modules\Knexread\native-pdf-reader\knex-pdf-engine\backends\future-mupdf\MuPdfBackend.ts","45","runtime.*=","runtime =","      42:   async createDocumentHandle(
      43:     source: PdfBackendDocumentSource,
      44:   ): Promise<PdfBackendDocumentHandle> {
>>    45:     const runtime = await this.runtimeLoader.getRuntime();
      46:     return runtime.createDocumentHandle(source);
      47:   }
      48: "
"knexwriter\src\modules\Knexread\native-pdf-reader\knex-pdf-engine\backends\future-mupdf\MuPdfBackend.ts","C:\knexit-workspace\knexit-workspace\knexwriter\src\modules\Knexread\native-pdf-reader\knex-pdf-engine\backends\future-mupdf\MuPdfBackend.ts","53","runtime.*=","runtime =","      50:     document: PdfBackendDocumentHandle,
      51:     pageNumber: number,
      52:   ): Promise<PdfBackendPageHandle> {
>>    53:     const runtime = await this.runtimeLoader.getRuntime();
      54:     return runtime.getPage(document, pageNumber);
      55:   }
      56: "
"knexwriter\src\modules\Knexread\native-pdf-reader\knex-pdf-engine\backends\future-mupdf\MuPdfBackend.ts","C:\knexit-workspace\knexit-workspace\knexwriter\src\modules\Knexread\native-pdf-reader\knex-pdf-engine\backends\future-mupdf\MuPdfBackend.ts","118","runtime.*=","runtime =","     115:   }
     116: 
     117:   async destroyDocument(document: PdfBackendDocumentHandle): Promise<void> {
>>   118:     const runtime = await this.runtimeLoader.getRuntime();
     119:     await runtime.destroyDocument?.(document);
     120:   }
     121: "
"knexwriter\src\modules\Knexread\native-pdf-reader\knex-pdf-engine\backends\future-mupdf\MuPdfBackend.ts","C:\knexit-workspace\knexit-workspace\knexwriter\src\modules\Knexread\native-pdf-reader\knex-pdf-engine\backends\future-mupdf\MuPdfBackend.ts","123","runtime.*=","runtime =","     120:   }
     121: 
     122:   async destroy(): Promise<void> {
>>   123:     const runtime = await this.runtimeLoader.getRuntime();
     124:     await runtime.destroy?.();
     125:   }
     126: }"
"knexwriter\src\modules\Knexread\native-pdf-reader\knex-pdf-engine\backends\future-mupdf\MuPdfPageRenderer.ts","C:\knexit-workspace\knexit-workspace\knexwriter\src\modules\Knexread\native-pdf-reader\knex-pdf-engine\backends\future-mupdf\MuPdfPageRenderer.ts","5","PdfRenderBackend","PdfRenderBackend","       2: import type {
       3:   PdfBackendRenderPageInput,
       4:   PdfBackendRenderTileInput,
>>     5: } from ""../PdfRenderBackend"";
       6: import { MuPdfRuntimeLoader } from ""./MuPdfRuntimeLoader"";
       7: 
       8: export class MuPdfPageRenderer {"
"knexwriter\src\modules\Knexread\native-pdf-reader\knex-pdf-engine\backends\future-mupdf\MuPdfPageRenderer.ts","C:\knexit-workspace\knexit-workspace\knexwriter\src\modules\Knexread\native-pdf-reader\knex-pdf-engine\backends\future-mupdf\MuPdfPageRenderer.ts","14","runtime.*=","runtime =","      11:   async render(
      12:     input: PdfBackendRenderPageInput,
      13:   ): Promise<KnexPdfCanvasRenderResult> {
>>    14:     const runtime = await this.runtimeLoader.getRuntime();
      15:     return runtime.renderPage(input);
      16:   }
      17: "
"knexwriter\src\modules\Knexread\native-pdf-reader\knex-pdf-engine\backends\future-mupdf\MuPdfPageRenderer.ts","C:\knexit-workspace\knexit-workspace\knexwriter\src\modules\Knexread\native-pdf-reader\knex-pdf-engine\backends\future-mupdf\MuPdfPageRenderer.ts","21","runtime.*=","runtime =","      18:   async renderTile(
      19:     input: PdfBackendRenderTileInput,
      20:   ): Promise<KnexPdfCanvasRenderResult> {
>>    21:     const runtime = await this.runtimeLoader.getRuntime();
      22: 
      23:     if (typeof runtime.renderTile !== ""function"") {
      24:       throw new Error(""MuPDF runtime does not expose renderTile."");"
"knexwriter\src\modules\Knexread\native-pdf-reader\knex-pdf-engine\backends\future-mupdf\MuPdfPageRenderer.ts","C:\knexit-workspace\knexit-workspace\knexwriter\src\modules\Knexread\native-pdf-reader\knex-pdf-engine\backends\future-mupdf\MuPdfPageRenderer.ts","23","runtime.*=","runtime.renderTile !==","      20:   ): Promise<KnexPdfCanvasRenderResult> {
      21:     const runtime = await this.runtimeLoader.getRuntime();
      22: 
>>    23:     if (typeof runtime.renderTile !== ""function"") {
      24:       throw new Error(""MuPDF runtime does not expose renderTile."");
      25:     }
      26: "
"knexwriter\src\modules\Knexread\native-pdf-reader\knex-pdf-engine\backends\future-mupdf\MuPdfRuntimeLoader.ts","C:\knexit-workspace\knexit-workspace\knexwriter\src\modules\Knexread\native-pdf-reader\knex-pdf-engine\backends\future-mupdf\MuPdfRuntimeLoader.ts","15","PdfRenderBackend","PdfRenderBackend","      12:   PdfBackendPageHandle,
      13:   PdfBackendRenderPageInput,
      14:   PdfBackendRenderTileInput,
>>    15: } from ""../PdfRenderBackend"";
      16: 
      17: export const MUPDF_RUNTIME_NOT_CONFIGURED_REASON =
      18:   ""MuPDF runtime is not installed/configured."";"
"knexwriter\src\modules\Knexread\native-pdf-reader\knex-pdf-engine\backends\future-mupdf\MuPdfRuntimeLoader.ts","C:\knexit-workspace\knexit-workspace\knexwriter\src\modules\Knexread\native-pdf-reader\knex-pdf-engine\backends\future-mupdf\MuPdfRuntimeLoader.ts","17","runtime.*=","RUNTIME_NOT_CONFIGURED_REASON =","      14:   PdfBackendRenderTileInput,
      15: } from ""../PdfRenderBackend"";
      16: 
>>    17: export const MUPDF_RUNTIME_NOT_CONFIGURED_REASON =
      18:   ""MuPDF runtime is not installed/configured."";
      19: 
      20: export const MUPDF_RUNTIME_REQUESTED_BUT_NOT_CONFIGURED ="
"knexwriter\src\modules\Knexread\native-pdf-reader\knex-pdf-engine\backends\future-mupdf\MuPdfRuntimeLoader.ts","C:\knexit-workspace\knexit-workspace\knexwriter\src\modules\Knexread\native-pdf-reader\knex-pdf-engine\backends\future-mupdf\MuPdfRuntimeLoader.ts","20","runtime.*=","RUNTIME_REQUESTED_BUT_NOT_CONFIGURED =","      17: export const MUPDF_RUNTIME_NOT_CONFIGURED_REASON =
      18:   ""MuPDF runtime is not installed/configured."";
      19: 
>>    20: export const MUPDF_RUNTIME_REQUESTED_BUT_NOT_CONFIGURED =
      21:   ""MuPDF backend requested but runtime is not installed/configured."";
      22: 
      23: export type MuPdfRuntime = {"
"knexwriter\src\modules\Knexread\native-pdf-reader\knex-pdf-engine\backends\future-mupdf\MuPdfRuntimeLoader.ts","C:\knexit-workspace\knexit-workspace\knexwriter\src\modules\Knexread\native-pdf-reader\knex-pdf-engine\backends\future-mupdf\MuPdfRuntimeLoader.ts","23","runtime.*=","Runtime =","      20: export const MUPDF_RUNTIME_REQUESTED_BUT_NOT_CONFIGURED =
      21:   ""MuPDF backend requested but runtime is not installed/configured."";
      22: 
>>    23: export type MuPdfRuntime = {
      24:   getCapabilities?: () =>
      25:     | Partial<PdfBackendCapabilities>
      26:     | Promise<Partial<PdfBackendCapabilities>>;"
"knexwriter\src\modules\Knexread\native-pdf-reader\knex-pdf-engine\backends\future-mupdf\MuPdfRuntimeLoader.ts","C:\knexit-workspace\knexit-workspace\knexwriter\src\modules\Knexread\native-pdf-reader\knex-pdf-engine\backends\future-mupdf\MuPdfRuntimeLoader.ts","52","runtime.*=","RuntimeLoaderOptions =","      49:   destroy?: () => Promise<void> | void;
      50: };
      51: 
>>    52: export type MuPdfRuntimeLoaderOptions = {
      53:   runtime?: MuPdfRuntime;
      54:   runtimeFactory?: () => Promise<MuPdfRuntime | null> | MuPdfRuntime | null;
      55:   importSpecifier?: string;"
"knexwriter\src\modules\Knexread\native-pdf-reader\knex-pdf-engine\backends\future-mupdf\MuPdfRuntimeLoader.ts","C:\knexit-workspace\knexit-workspace\knexwriter\src\modules\Knexread\native-pdf-reader\knex-pdf-engine\backends\future-mupdf\MuPdfRuntimeLoader.ts","54","runtime.*=","runtimeFactory?: () =","      51: 
      52: export type MuPdfRuntimeLoaderOptions = {
      53:   runtime?: MuPdfRuntime;
>>    54:   runtimeFactory?: () => Promise<MuPdfRuntime | null> | MuPdfRuntime | null;
      55:   importSpecifier?: string;
      56:   resolveRuntime?: (module: unknown) => MuPdfRuntime | null | undefined;
      57:   globalRuntimeKeys?: string[];"
"knexwriter\src\modules\Knexread\native-pdf-reader\knex-pdf-engine\backends\future-mupdf\MuPdfRuntimeLoader.ts","C:\knexit-workspace\knexit-workspace\knexwriter\src\modules\Knexread\native-pdf-reader\knex-pdf-engine\backends\future-mupdf\MuPdfRuntimeLoader.ts","56","runtime.*=","Runtime?: (module: unknown) =","      53:   runtime?: MuPdfRuntime;
      54:   runtimeFactory?: () => Promise<MuPdfRuntime | null> | MuPdfRuntime | null;
      55:   importSpecifier?: string;
>>    56:   resolveRuntime?: (module: unknown) => MuPdfRuntime | null | undefined;
      57:   globalRuntimeKeys?: string[];
      58:   globalImportSpecifierKeys?: string[];
      59: };"
"knexwriter\src\modules\Knexread\native-pdf-reader\knex-pdf-engine\backends\future-mupdf\MuPdfRuntimeLoader.ts","C:\knexit-workspace\knexit-workspace\knexwriter\src\modules\Knexread\native-pdf-reader\knex-pdf-engine\backends\future-mupdf\MuPdfRuntimeLoader.ts","61","runtime.*=","RUNTIME_KEYS =","      58:   globalImportSpecifierKeys?: string[];
      59: };
      60: 
>>    61: const DEFAULT_GLOBAL_RUNTIME_KEYS = [
      62:   ""KNEX_MUPDF_RUNTIME"",
      63:   ""__KNEX_MUPDF_RUNTIME__"",
      64: ];"
"knexwriter\src\modules\Knexread\native-pdf-reader\knex-pdf-engine\backends\future-mupdf\MuPdfRuntimeLoader.ts","C:\knexit-workspace\knexit-workspace\knexwriter\src\modules\Knexread\native-pdf-reader\knex-pdf-engine\backends\future-mupdf\MuPdfRuntimeLoader.ts","70","backend.*=","BackendCapabilities =","      67:   ""__KNEX_MUPDF_RUNTIME_MODULE__"",
      68: ];
      69: 
>>    70: const baseUnavailableCapabilities: PdfBackendCapabilities = {
      71:   available: false,
      72:   renderPage: false,
      73:   extractText: false,"
"knexwriter\src\modules\Knexread\native-pdf-reader\knex-pdf-engine\backends\future-mupdf\MuPdfRuntimeLoader.ts","C:\knexit-workspace\knexit-workspace\knexwriter\src\modules\Knexread\native-pdf-reader\knex-pdf-engine\backends\future-mupdf\MuPdfRuntimeLoader.ts","125","runtime.*=","runtimePromise: Promise<MuPdfRuntime> | null =","     122: }
     123: 
     124: export class MuPdfRuntimeLoader {
>>   125:   private runtimePromise: Promise<MuPdfRuntime> | null = null;
     126: 
     127:   constructor(private readonly options: MuPdfRuntimeLoaderOptions = {}) {}
     128: "
"knexwriter\src\modules\Knexread\native-pdf-reader\knex-pdf-engine\backends\future-mupdf\MuPdfRuntimeLoader.ts","C:\knexit-workspace\knexit-workspace\knexwriter\src\modules\Knexread\native-pdf-reader\knex-pdf-engine\backends\future-mupdf\MuPdfRuntimeLoader.ts","127","runtime.*=","RuntimeLoaderOptions =","     124: export class MuPdfRuntimeLoader {
     125:   private runtimePromise: Promise<MuPdfRuntime> | null = null;
     126: 
>>   127:   constructor(private readonly options: MuPdfRuntimeLoaderOptions = {}) {}
     128: 
     129:   isRuntimeConfigured(): boolean {
     130:     return Boolean("
"knexwriter\src\modules\Knexread\native-pdf-reader\knex-pdf-engine\backends\future-mupdf\MuPdfRuntimeLoader.ts","C:\knexit-workspace\knexit-workspace\knexwriter\src\modules\Knexread\native-pdf-reader\knex-pdf-engine\backends\future-mupdf\MuPdfRuntimeLoader.ts","144","runtime.*=","runtime =","     141:     }
     142: 
     143:     try {
>>   144:       const runtime = await this.getRuntime();
     145:       const runtimeCapabilities = await runtime.getCapabilities?.();
     146: 
     147:       return {"
"knexwriter\src\modules\Knexread\native-pdf-reader\knex-pdf-engine\backends\future-mupdf\MuPdfRuntimeLoader.ts","C:\knexit-workspace\knexit-workspace\knexwriter\src\modules\Knexread\native-pdf-reader\knex-pdf-engine\backends\future-mupdf\MuPdfRuntimeLoader.ts","145","runtime.*=","runtimeCapabilities =","     142: 
     143:     try {
     144:       const runtime = await this.getRuntime();
>>   145:       const runtimeCapabilities = await runtime.getCapabilities?.();
     146: 
     147:       return {
     148:         available: runtimeCapabilities?.available ?? true,"
"knexwriter\src\modules\Knexread\native-pdf-reader\knex-pdf-engine\backends\future-mupdf\MuPdfRuntimeLoader.ts","C:\knexit-workspace\knexit-workspace\knexwriter\src\modules\Knexread\native-pdf-reader\knex-pdf-engine\backends\future-mupdf\MuPdfRuntimeLoader.ts","152","runtime.*=","runtime.extractText ===","     149:         renderPage: runtimeCapabilities?.renderPage ?? true,
     150:         extractText:
     151:           runtimeCapabilities?.extractText ??
>>   152:           typeof runtime.extractText === ""function"",
     153:         extractAnnotations:
     154:           runtimeCapabilities?.extractAnnotations ??
     155:           typeof runtime.extractAnnotations === ""function"","
"knexwriter\src\modules\Knexread\native-pdf-reader\knex-pdf-engine\backends\future-mupdf\MuPdfRuntimeLoader.ts","C:\knexit-workspace\knexit-workspace\knexwriter\src\modules\Knexread\native-pdf-reader\knex-pdf-engine\backends\future-mupdf\MuPdfRuntimeLoader.ts","155","runtime.*=","runtime.extractAnnotations ===","     152:           typeof runtime.extractText === ""function"",
     153:         extractAnnotations:
     154:           runtimeCapabilities?.extractAnnotations ??
>>   155:           typeof runtime.extractAnnotations === ""function"",
     156:         cancellation: runtimeCapabilities?.cancellation ?? true,
     157:         hiDpi: runtimeCapabilities?.hiDpi ?? true,
     158:         tileRendering:"
"knexwriter\src\modules\Knexread\native-pdf-reader\knex-pdf-engine\backends\future-mupdf\MuPdfRuntimeLoader.ts","C:\knexit-workspace\knexit-workspace\knexwriter\src\modules\Knexread\native-pdf-reader\knex-pdf-engine\backends\future-mupdf\MuPdfRuntimeLoader.ts","160","runtime.*=","runtime.renderTile ===","     157:         hiDpi: runtimeCapabilities?.hiDpi ?? true,
     158:         tileRendering:
     159:           runtimeCapabilities?.tileRendering ??
>>   160:           typeof runtime.renderTile === ""function"",
     161:         worker: runtimeCapabilities?.worker ?? true,
     162:         reason:
     163:           runtimeCapabilities?.reason ??"
"knexwriter\src\modules\Knexread\native-pdf-reader\knex-pdf-engine\backends\future-mupdf\MuPdfRuntimeLoader.ts","C:\knexit-workspace\knexit-workspace\knexwriter\src\modules\Knexread\native-pdf-reader\knex-pdf-engine\backends\future-mupdf\MuPdfRuntimeLoader.ts","179","runtime.*=","runtimePromise = this.loadRuntime().catch((error) =","     176: 
     177:   async getRuntime(): Promise<MuPdfRuntime> {
     178:     if (!this.runtimePromise) {
>>   179:       this.runtimePromise = this.loadRuntime().catch((error) => {
     180:         this.runtimePromise = null;
     181:         throw error;
     182:       });"
"knexwriter\src\modules\Knexread\native-pdf-reader\knex-pdf-engine\backends\future-mupdf\MuPdfRuntimeLoader.ts","C:\knexit-workspace\knexit-workspace\knexwriter\src\modules\Knexread\native-pdf-reader\knex-pdf-engine\backends\future-mupdf\MuPdfRuntimeLoader.ts","180","runtime.*=","runtimePromise =","     177:   async getRuntime(): Promise<MuPdfRuntime> {
     178:     if (!this.runtimePromise) {
     179:       this.runtimePromise = this.loadRuntime().catch((error) => {
>>   180:         this.runtimePromise = null;
     181:         throw error;
     182:       });
     183:     }"
"knexwriter\src\modules\Knexread\native-pdf-reader\knex-pdf-engine\backends\future-mupdf\MuPdfRuntimeLoader.ts","C:\knexit-workspace\knexit-workspace\knexwriter\src\modules\Knexread\native-pdf-reader\knex-pdf-engine\backends\future-mupdf\MuPdfRuntimeLoader.ts","193","runtime.*=","runtimeFromFactory =","     190:       return this.options.runtime;
     191:     }
     192: 
>>   193:     const runtimeFromFactory = await this.options.runtimeFactory?.();
     194:     if (runtimeFromFactory) {
     195:       return runtimeFromFactory;
     196:     }"
"knexwriter\src\modules\Knexread\native-pdf-reader\knex-pdf-engine\backends\future-mupdf\MuPdfRuntimeLoader.ts","C:\knexit-workspace\knexit-workspace\knexwriter\src\modules\Knexread\native-pdf-reader\knex-pdf-engine\backends\future-mupdf\MuPdfRuntimeLoader.ts","198","runtime.*=","Runtime =","     195:       return runtimeFromFactory;
     196:     }
     197: 
>>   198:     const globalRuntime = this.getGlobalRuntime();
     199:     if (globalRuntime) {
     200:       return globalRuntime;
     201:     }"
"knexwriter\src\modules\Knexread\native-pdf-reader\knex-pdf-engine\backends\future-mupdf\MuPdfRuntimeLoader.ts","C:\knexit-workspace\knexit-workspace\knexwriter\src\modules\Knexread\native-pdf-reader\knex-pdf-engine\backends\future-mupdf\MuPdfRuntimeLoader.ts","210","runtime.*=","runtime =","     207:     }
     208: 
     209:     const module = await dynamicImportModule(importSpecifier);
>>   210:     const runtime =
     211:       this.options.resolveRuntime?.(module) ?? pickRuntimeFromModule(module);
     212: 
     213:     if (!runtime) {"
"knexwriter\src\modules\Knexread\native-pdf-reader\knex-pdf-engine\backends\future-mupdf\MuPdfTextExtractor.ts","C:\knexit-workspace\knexit-workspace\knexwriter\src\modules\Knexread\native-pdf-reader\knex-pdf-engine\backends\future-mupdf\MuPdfTextExtractor.ts","2","PdfRenderBackend","PdfRenderBackend","       1: import type { KnexPdfSemanticTextBlock } from ""../../core/engineTypes"";
>>     2: import type { PdfBackendExtractTextInput } from ""../PdfRenderBackend"";
       3: import { MuPdfRuntimeLoader } from ""./MuPdfRuntimeLoader"";
       4: 
       5: export class MuPdfTextExtractor {"
"knexwriter\src\modules\Knexread\native-pdf-reader\knex-pdf-engine\backends\future-mupdf\MuPdfTextExtractor.ts","C:\knexit-workspace\knexit-workspace\knexwriter\src\modules\Knexread\native-pdf-reader\knex-pdf-engine\backends\future-mupdf\MuPdfTextExtractor.ts","11","runtime.*=","runtime =","       8:   async extract(
       9:     input: PdfBackendExtractTextInput,
      10:   ): Promise<KnexPdfSemanticTextBlock[]> {
>>    11:     const runtime = await this.runtimeLoader.getRuntime();
      12: 
      13:     if (!runtime.extractText) {
      14:       return [];"
"knexwriter\src\modules\Knexread\native-pdf-reader\knex-pdf-engine\backends\future-pdfium\index.ts","C:\knexit-workspace\knexit-workspace\knexwriter\src\modules\Knexread\native-pdf-reader\knex-pdf-engine\backends\future-pdfium\index.ts","3","PdfiumEmbedPdfRuntime","PdfiumEmbedPdfRuntime","       1: export * from ""./PdfiumAnnotationExtractor"";
       2: export * from ""./PdfiumBackend"";
>>     3: export * from ""./PdfiumEmbedPdfRuntime"";
       4: export * from ""./PdfiumPageRenderer"";
       5: export * from ""./PdfiumRuntimeLoader"";
       6: export * from ""./PdfiumTextExtractor"";"
"knexwriter\src\modules\Knexread\native-pdf-reader\knex-pdf-engine\backends\future-pdfium\index.ts","C:\knexit-workspace\knexit-workspace\knexwriter\src\modules\Knexread\native-pdf-reader\knex-pdf-engine\backends\future-pdfium\index.ts","4","PdfiumPageRenderer","PdfiumPageRenderer","       1: export * from ""./PdfiumAnnotationExtractor"";
       2: export * from ""./PdfiumBackend"";
       3: export * from ""./PdfiumEmbedPdfRuntime"";
>>     4: export * from ""./PdfiumPageRenderer"";
       5: export * from ""./PdfiumRuntimeLoader"";
       6: export * from ""./PdfiumTextExtractor"";
       7: "
"knexwriter\src\modules\Knexread\native-pdf-reader\knex-pdf-engine\backends\future-pdfium\PdfiumAnnotationExtractor.ts","C:\knexit-workspace\knexit-workspace\knexwriter\src\modules\Knexread\native-pdf-reader\knex-pdf-engine\backends\future-pdfium\PdfiumAnnotationExtractor.ts","4","PdfRenderBackend","PdfRenderBackend","       1: import type {
       2:   PdfBackendAnnotation,
       3:   PdfBackendExtractAnnotationsInput,
>>     4: } from ""../PdfRenderBackend"";
       5: import { PdfiumRuntimeLoader } from ""./PdfiumRuntimeLoader"";
       6: 
       7: export class PdfiumAnnotationExtractor {"
"knexwriter\src\modules\Knexread\native-pdf-reader\knex-pdf-engine\backends\future-pdfium\PdfiumAnnotationExtractor.ts","C:\knexit-workspace\knexit-workspace\knexwriter\src\modules\Knexread\native-pdf-reader\knex-pdf-engine\backends\future-pdfium\PdfiumAnnotationExtractor.ts","13","runtime.*=","runtime =","      10:   async extract(
      11:     input: PdfBackendExtractAnnotationsInput,
      12:   ): Promise<PdfBackendAnnotation[]> {
>>    13:     const runtime = await this.runtimeLoader.getRuntime();
      14: 
      15:     if (!runtime.extractAnnotations) {
      16:       return [];"
"knexwriter\src\modules\Knexread\native-pdf-reader\knex-pdf-engine\backends\future-pdfium\PdfiumBackend.ts","C:\knexit-workspace\knexit-workspace\knexwriter\src\modules\Knexread\native-pdf-reader\knex-pdf-engine\backends\future-pdfium\PdfiumBackend.ts","13","PdfRenderBackend","PdfRenderBackend","      10:   PdfBackendPageHandle,
      11:   PdfBackendRenderPageInput,
      12:   PdfBackendRenderTileInput,
>>    13:   PdfRenderBackend,
      14: } from ""../PdfRenderBackend"";
      15: import { PdfiumAnnotationExtractor } from ""./PdfiumAnnotationExtractor"";
      16: import { PdfiumPageRenderer } from ""./PdfiumPageRenderer"";"
"knexwriter\src\modules\Knexread\native-pdf-reader\knex-pdf-engine\backends\future-pdfium\PdfiumBackend.ts","C:\knexit-workspace\knexit-workspace\knexwriter\src\modules\Knexread\native-pdf-reader\knex-pdf-engine\backends\future-pdfium\PdfiumBackend.ts","14","PdfRenderBackend","PdfRenderBackend","      11:   PdfBackendRenderPageInput,
      12:   PdfBackendRenderTileInput,
      13:   PdfRenderBackend,
>>    14: } from ""../PdfRenderBackend"";
      15: import { PdfiumAnnotationExtractor } from ""./PdfiumAnnotationExtractor"";
      16: import { PdfiumPageRenderer } from ""./PdfiumPageRenderer"";
      17: import { PdfiumRuntimeLoader } from ""./PdfiumRuntimeLoader"";"
"knexwriter\src\modules\Knexread\native-pdf-reader\knex-pdf-engine\backends\future-pdfium\PdfiumBackend.ts","C:\knexit-workspace\knexit-workspace\knexwriter\src\modules\Knexread\native-pdf-reader\knex-pdf-engine\backends\future-pdfium\PdfiumBackend.ts","16","PdfiumPageRenderer","PdfiumPageRenderer","      13:   PdfRenderBackend,
      14: } from ""../PdfRenderBackend"";
      15: import { PdfiumAnnotationExtractor } from ""./PdfiumAnnotationExtractor"";
>>    16: import { PdfiumPageRenderer } from ""./PdfiumPageRenderer"";
      17: import { PdfiumRuntimeLoader } from ""./PdfiumRuntimeLoader"";
      18: import { PdfiumTextExtractor } from ""./PdfiumTextExtractor"";
      19: "
"knexwriter\src\modules\Knexread\native-pdf-reader\knex-pdf-engine\backends\future-pdfium\PdfiumBackend.ts","C:\knexit-workspace\knexit-workspace\knexwriter\src\modules\Knexread\native-pdf-reader\knex-pdf-engine\backends\future-pdfium\PdfiumBackend.ts","16","PdfiumPageRenderer","PdfiumPageRenderer","      13:   PdfRenderBackend,
      14: } from ""../PdfRenderBackend"";
      15: import { PdfiumAnnotationExtractor } from ""./PdfiumAnnotationExtractor"";
>>    16: import { PdfiumPageRenderer } from ""./PdfiumPageRenderer"";
      17: import { PdfiumRuntimeLoader } from ""./PdfiumRuntimeLoader"";
      18: import { PdfiumTextExtractor } from ""./PdfiumTextExtractor"";
      19: "
"knexwriter\src\modules\Knexread\native-pdf-reader\knex-pdf-engine\backends\future-pdfium\PdfiumBackend.ts","C:\knexit-workspace\knexit-workspace\knexwriter\src\modules\Knexread\native-pdf-reader\knex-pdf-engine\backends\future-pdfium\PdfiumBackend.ts","24","PdfRenderBackend","PdfRenderBackend","      21:   return Math.max(0.01, Number.isFinite(scale) ? scale : 1);
      22: }
      23: 
>>    24: export class PdfiumBackend implements PdfRenderBackend {
      25:   readonly id = ""pdfium"" as const;
      26:   readonly label = ""PDFium WASM"";
      27:   readonly priority = 90;"
"knexwriter\src\modules\Knexread\native-pdf-reader\knex-pdf-engine\backends\future-pdfium\PdfiumBackend.ts","C:\knexit-workspace\knexit-workspace\knexwriter\src\modules\Knexread\native-pdf-reader\knex-pdf-engine\backends\future-pdfium\PdfiumBackend.ts","30","new\s+Pdfium","new Pdfium","      27:   readonly priority = 90;
      28: 
      29:   constructor(
>>    30:     private readonly runtimeLoader = new PdfiumRuntimeLoader(),
      31:     private readonly pageRenderer = new PdfiumPageRenderer(runtimeLoader),
      32:     private readonly textExtractor = new PdfiumTextExtractor(runtimeLoader),
      33:     private readonly annotationExtractor = new PdfiumAnnotationExtractor("
"knexwriter\src\modules\Knexread\native-pdf-reader\knex-pdf-engine\backends\future-pdfium\PdfiumBackend.ts","C:\knexit-workspace\knexit-workspace\knexwriter\src\modules\Knexread\native-pdf-reader\knex-pdf-engine\backends\future-pdfium\PdfiumBackend.ts","30","runtime.*=","runtimeLoader =","      27:   readonly priority = 90;
      28: 
      29:   constructor(
>>    30:     private readonly runtimeLoader = new PdfiumRuntimeLoader(),
      31:     private readonly pageRenderer = new PdfiumPageRenderer(runtimeLoader),
      32:     private readonly textExtractor = new PdfiumTextExtractor(runtimeLoader),
      33:     private readonly annotationExtractor = new PdfiumAnnotationExtractor("
"knexwriter\src\modules\Knexread\native-pdf-reader\knex-pdf-engine\backends\future-pdfium\PdfiumBackend.ts","C:\knexit-workspace\knexit-workspace\knexwriter\src\modules\Knexread\native-pdf-reader\knex-pdf-engine\backends\future-pdfium\PdfiumBackend.ts","31","new\s+Pdfium","new Pdfium","      28: 
      29:   constructor(
      30:     private readonly runtimeLoader = new PdfiumRuntimeLoader(),
>>    31:     private readonly pageRenderer = new PdfiumPageRenderer(runtimeLoader),
      32:     private readonly textExtractor = new PdfiumTextExtractor(runtimeLoader),
      33:     private readonly annotationExtractor = new PdfiumAnnotationExtractor(
      34:       runtimeLoader,"
"knexwriter\src\modules\Knexread\native-pdf-reader\knex-pdf-engine\backends\future-pdfium\PdfiumBackend.ts","C:\knexit-workspace\knexit-workspace\knexwriter\src\modules\Knexread\native-pdf-reader\knex-pdf-engine\backends\future-pdfium\PdfiumBackend.ts","31","PdfiumPageRenderer","PdfiumPageRenderer","      28: 
      29:   constructor(
      30:     private readonly runtimeLoader = new PdfiumRuntimeLoader(),
>>    31:     private readonly pageRenderer = new PdfiumPageRenderer(runtimeLoader),
      32:     private readonly textExtractor = new PdfiumTextExtractor(runtimeLoader),
      33:     private readonly annotationExtractor = new PdfiumAnnotationExtractor(
      34:       runtimeLoader,"
"knexwriter\src\modules\Knexread\native-pdf-reader\knex-pdf-engine\backends\future-pdfium\PdfiumBackend.ts","C:\knexit-workspace\knexit-workspace\knexwriter\src\modules\Knexread\native-pdf-reader\knex-pdf-engine\backends\future-pdfium\PdfiumBackend.ts","32","new\s+Pdfium","new Pdfium","      29:   constructor(
      30:     private readonly runtimeLoader = new PdfiumRuntimeLoader(),
      31:     private readonly pageRenderer = new PdfiumPageRenderer(runtimeLoader),
>>    32:     private readonly textExtractor = new PdfiumTextExtractor(runtimeLoader),
      33:     private readonly annotationExtractor = new PdfiumAnnotationExtractor(
      34:       runtimeLoader,
      35:     ),"
"knexwriter\src\modules\Knexread\native-pdf-reader\knex-pdf-engine\backends\future-pdfium\PdfiumBackend.ts","C:\knexit-workspace\knexit-workspace\knexwriter\src\modules\Knexread\native-pdf-reader\knex-pdf-engine\backends\future-pdfium\PdfiumBackend.ts","33","new\s+Pdfium","new Pdfium","      30:     private readonly runtimeLoader = new PdfiumRuntimeLoader(),
      31:     private readonly pageRenderer = new PdfiumPageRenderer(runtimeLoader),
      32:     private readonly textExtractor = new PdfiumTextExtractor(runtimeLoader),
>>    33:     private readonly annotationExtractor = new PdfiumAnnotationExtractor(
      34:       runtimeLoader,
      35:     ),
      36:   ) {}"
"knexwriter\src\modules\Knexread\native-pdf-reader\knex-pdf-engine\backends\future-pdfium\PdfiumBackend.ts","C:\knexit-workspace\knexit-workspace\knexwriter\src\modules\Knexread\native-pdf-reader\knex-pdf-engine\backends\future-pdfium\PdfiumBackend.ts","45","runtime.*=","runtime =","      42:   async createDocumentHandle(
      43:     source: PdfBackendDocumentSource,
      44:   ): Promise<PdfBackendDocumentHandle> {
>>    45:     const runtime = await this.runtimeLoader.getRuntime();
      46:     return runtime.createDocumentHandle(source);
      47:   }
      48: "
"knexwriter\src\modules\Knexread\native-pdf-reader\knex-pdf-engine\backends\future-pdfium\PdfiumBackend.ts","C:\knexit-workspace\knexit-workspace\knexwriter\src\modules\Knexread\native-pdf-reader\knex-pdf-engine\backends\future-pdfium\PdfiumBackend.ts","53","runtime.*=","runtime =","      50:     document: PdfBackendDocumentHandle,
      51:     pageNumber: number,
      52:   ): Promise<PdfBackendPageHandle> {
>>    53:     const runtime = await this.runtimeLoader.getRuntime();
      54:     return runtime.getPage(document, pageNumber);
      55:   }
      56: "
"knexwriter\src\modules\Knexread\native-pdf-reader\knex-pdf-engine\backends\future-pdfium\PdfiumBackend.ts","C:\knexit-workspace\knexit-workspace\knexwriter\src\modules\Knexread\native-pdf-reader\knex-pdf-engine\backends\future-pdfium\PdfiumBackend.ts","118","runtime.*=","runtime =","     115:   }
     116: 
     117:   async destroyDocument(document: PdfBackendDocumentHandle): Promise<void> {
>>   118:     const runtime = await this.runtimeLoader.getRuntime();
     119:     await runtime.destroyDocument?.(document);
     120:   }
     121: "
"knexwriter\src\modules\Knexread\native-pdf-reader\knex-pdf-engine\backends\future-pdfium\PdfiumBackend.ts","C:\knexit-workspace\knexit-workspace\knexwriter\src\modules\Knexread\native-pdf-reader\knex-pdf-engine\backends\future-pdfium\PdfiumBackend.ts","123","runtime.*=","runtime =","     120:   }
     121: 
     122:   async destroy(): Promise<void> {
>>   123:     const runtime = await this.runtimeLoader.getRuntime();
     124:     await runtime.destroy?.();
     125:   }
     126: }"
"knexwriter\src\modules\Knexread\native-pdf-reader\knex-pdf-engine\backends\future-pdfium\PdfiumEmbedPdfRuntime.ts","C:\knexit-workspace\knexit-workspace\knexwriter\src\modules\Knexread\native-pdf-reader\knex-pdf-engine\backends\future-pdfium\PdfiumEmbedPdfRuntime.ts","20","PdfRenderBackend","PdfRenderBackend","      17:   PdfBackendExtractTextInput,
      18:   PdfBackendPageHandle,
      19:   PdfBackendRenderPageInput,
>>    20: } from ""../PdfRenderBackend"";
      21: import type { PdfiumRuntime } from ""./PdfiumRuntimeLoader"";
      22: 
      23: export const EMBED_PDF_PDFIUM_PACKAGE = ""@embedpdf/pdfium"";"
"knexwriter\src\modules\Knexread\native-pdf-reader\knex-pdf-engine\backends\future-pdfium\PdfiumEmbedPdfRuntime.ts","C:\knexit-workspace\knexit-workspace\knexwriter\src\modules\Knexread\native-pdf-reader\knex-pdf-engine\backends\future-pdfium\PdfiumEmbedPdfRuntime.ts","64","runtime.*=","RuntimeMethodsLike =","      61:   memory?: WebAssembly.Memory;
      62: };
      63: 
>>    64: type PdfiumRuntimeMethodsLike = {
      65:   HEAPU8?: Uint8Array;
      66:   UTF16ToString?: (ptr: number, maxBytesToRead?: number) => string;
      67:   getValue?: (ptr: number, type: string) => number;"
"knexwriter\src\modules\Knexread\native-pdf-reader\knex-pdf-engine\backends\future-pdfium\PdfiumEmbedPdfRuntime.ts","C:\knexit-workspace\knexit-workspace\knexwriter\src\modules\Knexread\native-pdf-reader\knex-pdf-engine\backends\future-pdfium\PdfiumEmbedPdfRuntime.ts","209","fallback","fallback","     206:   confidence: number;
     207: };
     208: 
>>   209: function safeNumber(value: number | null | undefined, fallback = 0): number {
     210:   return typeof value === ""number"" && Number.isFinite(value)
     211:     ? value
     212:     : fallback;"
"knexwriter\src\modules\Knexread\native-pdf-reader\knex-pdf-engine\backends\future-pdfium\PdfiumEmbedPdfRuntime.ts","C:\knexit-workspace\knexit-workspace\knexwriter\src\modules\Knexread\native-pdf-reader\knex-pdf-engine\backends\future-pdfium\PdfiumEmbedPdfRuntime.ts","212","fallback","fallback","     209: function safeNumber(value: number | null | undefined, fallback = 0): number {
     210:   return typeof value === ""number"" && Number.isFinite(value)
     211:     ? value
>>   212:     : fallback;
     213: }
     214: 
     215: function normalizeScale(scale: number): number {"
"knexwriter\src\modules\Knexread\native-pdf-reader\knex-pdf-engine\backends\future-pdfium\PdfiumEmbedPdfRuntime.ts","C:\knexit-workspace\knexit-workspace\knexwriter\src\modules\Knexread\native-pdf-reader\knex-pdf-engine\backends\future-pdfium\PdfiumEmbedPdfRuntime.ts","341","outputScale","OutputScale","     338:   );
     339: }
     340: 
>>   341: function getPdfiumMinimumOutputScale(input: {
     342:   quality: unknown;
     343:   renderPhase: KnexPdfRenderPhase;
     344: }): number {"
"knexwriter\src\modules\Knexread\native-pdf-reader\knex-pdf-engine\backends\future-pdfium\PdfiumEmbedPdfRuntime.ts","C:\knexit-workspace\knexit-workspace\knexwriter\src\modules\Knexread\native-pdf-reader\knex-pdf-engine\backends\future-pdfium\PdfiumEmbedPdfRuntime.ts","462","NEXT_PUBLIC","NEXT_PUBLIC","     459:     .KNEX_PDF_DEBUG_PDFIUM;
     460:   const envFlag =
     461:     typeof process !== ""undefined""
>>   462:       ? process.env.NEXT_PUBLIC_KNEX_PDF_DEBUG_PDFIUM ??
     463:         process.env.KNEX_PDF_DEBUG_PDFIUM
     464:       : undefined;
     465: "
"knexwriter\src\modules\Knexread\native-pdf-reader\knex-pdf-engine\backends\future-pdfium\PdfiumEmbedPdfRuntime.ts","C:\knexit-workspace\knexit-workspace\knexwriter\src\modules\Knexread\native-pdf-reader\knex-pdf-engine\backends\future-pdfium\PdfiumEmbedPdfRuntime.ts","671","outputScale","outputScale","     668:   cssHeight: number;
     669:   width: number;
     670:   height: number;
>>   671:   outputScale: number;
     672:   requestedOutputScale: number;
     673:   wasOutputScaleClamped: boolean;
     674:   renderProfile?: PdfiumRenderProfile;"
"knexwriter\src\modules\Knexread\native-pdf-reader\knex-pdf-engine\backends\future-pdfium\PdfiumEmbedPdfRuntime.ts","C:\knexit-workspace\knexit-workspace\knexwriter\src\modules\Knexread\native-pdf-reader\knex-pdf-engine\backends\future-pdfium\PdfiumEmbedPdfRuntime.ts","672","outputScale","OutputScale","     669:   width: number;
     670:   height: number;
     671:   outputScale: number;
>>   672:   requestedOutputScale: number;
     673:   wasOutputScaleClamped: boolean;
     674:   renderProfile?: PdfiumRenderProfile;
     675:   colorConversionMode?: PdfiumColorConversionMode;"
"knexwriter\src\modules\Knexread\native-pdf-reader\knex-pdf-engine\backends\future-pdfium\PdfiumEmbedPdfRuntime.ts","C:\knexit-workspace\knexit-workspace\knexwriter\src\modules\Knexread\native-pdf-reader\knex-pdf-engine\backends\future-pdfium\PdfiumEmbedPdfRuntime.ts","673","outputScale","OutputScale","     670:   height: number;
     671:   outputScale: number;
     672:   requestedOutputScale: number;
>>   673:   wasOutputScaleClamped: boolean;
     674:   renderProfile?: PdfiumRenderProfile;
     675:   colorConversionMode?: PdfiumColorConversionMode;
     676:   textContrastMode?: PdfiumTextContrastMode;"
"knexwriter\src\modules\Knexread\native-pdf-reader\knex-pdf-engine\backends\future-pdfium\PdfiumEmbedPdfRuntime.ts","C:\knexit-workspace\knexit-workspace\knexwriter\src\modules\Knexread\native-pdf-reader\knex-pdf-engine\backends\future-pdfium\PdfiumEmbedPdfRuntime.ts","684","outputScale","outputScale","     681:   filteredTextOperationCount: number;
     682: }) {
     683:   const { canvas } = input;
>>   684:   const outputScaleX = input.width / Math.max(1, input.cssWidth);
     685:   const outputScaleY = input.height / Math.max(1, input.cssHeight);
     686:   const bitmapCssRatio = Math.min(outputScaleX, outputScaleY);
     687: "
"knexwriter\src\modules\Knexread\native-pdf-reader\knex-pdf-engine\backends\future-pdfium\PdfiumEmbedPdfRuntime.ts","C:\knexit-workspace\knexit-workspace\knexwriter\src\modules\Knexread\native-pdf-reader\knex-pdf-engine\backends\future-pdfium\PdfiumEmbedPdfRuntime.ts","685","outputScale","outputScale","     682: }) {
     683:   const { canvas } = input;
     684:   const outputScaleX = input.width / Math.max(1, input.cssWidth);
>>   685:   const outputScaleY = input.height / Math.max(1, input.cssHeight);
     686:   const bitmapCssRatio = Math.min(outputScaleX, outputScaleY);
     687: 
     688:   canvas.width = input.width;"
"knexwriter\src\modules\Knexread\native-pdf-reader\knex-pdf-engine\backends\future-pdfium\PdfiumEmbedPdfRuntime.ts","C:\knexit-workspace\knexit-workspace\knexwriter\src\modules\Knexread\native-pdf-reader\knex-pdf-engine\backends\future-pdfium\PdfiumEmbedPdfRuntime.ts","686","outputScale","outputScale","     683:   const { canvas } = input;
     684:   const outputScaleX = input.width / Math.max(1, input.cssWidth);
     685:   const outputScaleY = input.height / Math.max(1, input.cssHeight);
>>   686:   const bitmapCssRatio = Math.min(outputScaleX, outputScaleY);
     687: 
     688:   canvas.width = input.width;
     689:   canvas.height = input.height;"
"knexwriter\src\modules\Knexread\native-pdf-reader\knex-pdf-engine\backends\future-pdfium\PdfiumEmbedPdfRuntime.ts","C:\knexit-workspace\knexit-workspace\knexwriter\src\modules\Knexread\native-pdf-reader\knex-pdf-engine\backends\future-pdfium\PdfiumEmbedPdfRuntime.ts","686","outputScale","outputScale","     683:   const { canvas } = input;
     684:   const outputScaleX = input.width / Math.max(1, input.cssWidth);
     685:   const outputScaleY = input.height / Math.max(1, input.cssHeight);
>>   686:   const bitmapCssRatio = Math.min(outputScaleX, outputScaleY);
     687: 
     688:   canvas.width = input.width;
     689:   canvas.height = input.height;"
"knexwriter\src\modules\Knexread\native-pdf-reader\knex-pdf-engine\backends\future-pdfium\PdfiumEmbedPdfRuntime.ts","C:\knexit-workspace\knexit-workspace\knexwriter\src\modules\Knexread\native-pdf-reader\knex-pdf-engine\backends\future-pdfium\PdfiumEmbedPdfRuntime.ts","688","canvas\.width","canvas.width","     685:   const outputScaleY = input.height / Math.max(1, input.cssHeight);
     686:   const bitmapCssRatio = Math.min(outputScaleX, outputScaleY);
     687: 
>>   688:   canvas.width = input.width;
     689:   canvas.height = input.height;
     690:   canvas.style.width = `${input.cssWidth}px`;
     691:   canvas.style.height = `${input.cssHeight}px`;"
"knexwriter\src\modules\Knexread\native-pdf-reader\knex-pdf-engine\backends\future-pdfium\PdfiumEmbedPdfRuntime.ts","C:\knexit-workspace\knexit-workspace\knexwriter\src\modules\Knexread\native-pdf-reader\knex-pdf-engine\backends\future-pdfium\PdfiumEmbedPdfRuntime.ts","689","canvas\.height","canvas.height","     686:   const bitmapCssRatio = Math.min(outputScaleX, outputScaleY);
     687: 
     688:   canvas.width = input.width;
>>   689:   canvas.height = input.height;
     690:   canvas.style.width = `${input.cssWidth}px`;
     691:   canvas.style.height = `${input.cssHeight}px`;
     692:   canvas.style.imageRendering = ""auto"";"
"knexwriter\src\modules\Knexread\native-pdf-reader\knex-pdf-engine\backends\future-pdfium\PdfiumEmbedPdfRuntime.ts","C:\knexit-workspace\knexit-workspace\knexwriter\src\modules\Knexread\native-pdf-reader\knex-pdf-engine\backends\future-pdfium\PdfiumEmbedPdfRuntime.ts","703","outputScale","outputScale","     700:   canvas.dataset.knexPdfBitmapPixels = String(input.width * input.height);
     701:   canvas.dataset.knexPdfBitmapCssRatio = String(bitmapCssRatio);
     702: 
>>   703:   canvas.dataset.knexPdfOutputScale = String(input.outputScale);
     704:   canvas.dataset.knexPdfOutputScaleX = String(outputScaleX);
     705:   canvas.dataset.knexPdfOutputScaleY = String(outputScaleY);
     706: "
"knexwriter\src\modules\Knexread\native-pdf-reader\knex-pdf-engine\backends\future-pdfium\PdfiumEmbedPdfRuntime.ts","C:\knexit-workspace\knexit-workspace\knexwriter\src\modules\Knexread\native-pdf-reader\knex-pdf-engine\backends\future-pdfium\PdfiumEmbedPdfRuntime.ts","703","outputScale","OutputScale","     700:   canvas.dataset.knexPdfBitmapPixels = String(input.width * input.height);
     701:   canvas.dataset.knexPdfBitmapCssRatio = String(bitmapCssRatio);
     702: 
>>   703:   canvas.dataset.knexPdfOutputScale = String(input.outputScale);
     704:   canvas.dataset.knexPdfOutputScaleX = String(outputScaleX);
     705:   canvas.dataset.knexPdfOutputScaleY = String(outputScaleY);
     706: "
"knexwriter\src\modules\Knexread\native-pdf-reader\knex-pdf-engine\backends\future-pdfium\PdfiumEmbedPdfRuntime.ts","C:\knexit-workspace\knexit-workspace\knexwriter\src\modules\Knexread\native-pdf-reader\knex-pdf-engine\backends\future-pdfium\PdfiumEmbedPdfRuntime.ts","704","outputScale","outputScale","     701:   canvas.dataset.knexPdfBitmapCssRatio = String(bitmapCssRatio);
     702: 
     703:   canvas.dataset.knexPdfOutputScale = String(input.outputScale);
>>   704:   canvas.dataset.knexPdfOutputScaleX = String(outputScaleX);
     705:   canvas.dataset.knexPdfOutputScaleY = String(outputScaleY);
     706: 
     707:   canvas.dataset.knexPdfRequestedOutputScale = String("
"knexwriter\src\modules\Knexread\native-pdf-reader\knex-pdf-engine\backends\future-pdfium\PdfiumEmbedPdfRuntime.ts","C:\knexit-workspace\knexit-workspace\knexwriter\src\modules\Knexread\native-pdf-reader\knex-pdf-engine\backends\future-pdfium\PdfiumEmbedPdfRuntime.ts","704","outputScale","OutputScale","     701:   canvas.dataset.knexPdfBitmapCssRatio = String(bitmapCssRatio);
     702: 
     703:   canvas.dataset.knexPdfOutputScale = String(input.outputScale);
>>   704:   canvas.dataset.knexPdfOutputScaleX = String(outputScaleX);
     705:   canvas.dataset.knexPdfOutputScaleY = String(outputScaleY);
     706: 
     707:   canvas.dataset.knexPdfRequestedOutputScale = String("
"knexwriter\src\modules\Knexread\native-pdf-reader\knex-pdf-engine\backends\future-pdfium\PdfiumEmbedPdfRuntime.ts","C:\knexit-workspace\knexit-workspace\knexwriter\src\modules\Knexread\native-pdf-reader\knex-pdf-engine\backends\future-pdfium\PdfiumEmbedPdfRuntime.ts","705","outputScale","outputScale","     702: 
     703:   canvas.dataset.knexPdfOutputScale = String(input.outputScale);
     704:   canvas.dataset.knexPdfOutputScaleX = String(outputScaleX);
>>   705:   canvas.dataset.knexPdfOutputScaleY = String(outputScaleY);
     706: 
     707:   canvas.dataset.knexPdfRequestedOutputScale = String(
     708:     input.requestedOutputScale,"
"knexwriter\src\modules\Knexread\native-pdf-reader\knex-pdf-engine\backends\future-pdfium\PdfiumEmbedPdfRuntime.ts","C:\knexit-workspace\knexit-workspace\knexwriter\src\modules\Knexread\native-pdf-reader\knex-pdf-engine\backends\future-pdfium\PdfiumEmbedPdfRuntime.ts","705","outputScale","OutputScale","     702: 
     703:   canvas.dataset.knexPdfOutputScale = String(input.outputScale);
     704:   canvas.dataset.knexPdfOutputScaleX = String(outputScaleX);
>>   705:   canvas.dataset.knexPdfOutputScaleY = String(outputScaleY);
     706: 
     707:   canvas.dataset.knexPdfRequestedOutputScale = String(
     708:     input.requestedOutputScale,"
"knexwriter\src\modules\Knexread\native-pdf-reader\knex-pdf-engine\backends\future-pdfium\PdfiumEmbedPdfRuntime.ts","C:\knexit-workspace\knexit-workspace\knexwriter\src\modules\Knexread\native-pdf-reader\knex-pdf-engine\backends\future-pdfium\PdfiumEmbedPdfRuntime.ts","707","outputScale","OutputScale","     704:   canvas.dataset.knexPdfOutputScaleX = String(outputScaleX);
     705:   canvas.dataset.knexPdfOutputScaleY = String(outputScaleY);
     706: 
>>   707:   canvas.dataset.knexPdfRequestedOutputScale = String(
     708:     input.requestedOutputScale,
     709:   );
     710:   canvas.dataset.knexPdfWasOutputScaleClamped = String("
"knexwriter\src\modules\Knexread\native-pdf-reader\knex-pdf-engine\backends\future-pdfium\PdfiumEmbedPdfRuntime.ts","C:\knexit-workspace\knexit-workspace\knexwriter\src\modules\Knexread\native-pdf-reader\knex-pdf-engine\backends\future-pdfium\PdfiumEmbedPdfRuntime.ts","708","outputScale","OutputScale","     705:   canvas.dataset.knexPdfOutputScaleY = String(outputScaleY);
     706: 
     707:   canvas.dataset.knexPdfRequestedOutputScale = String(
>>   708:     input.requestedOutputScale,
     709:   );
     710:   canvas.dataset.knexPdfWasOutputScaleClamped = String(
     711:     input.wasOutputScaleClamped,"
"knexwriter\src\modules\Knexread\native-pdf-reader\knex-pdf-engine\backends\future-pdfium\PdfiumEmbedPdfRuntime.ts","C:\knexit-workspace\knexit-workspace\knexwriter\src\modules\Knexread\native-pdf-reader\knex-pdf-engine\backends\future-pdfium\PdfiumEmbedPdfRuntime.ts","710","outputScale","OutputScale","     707:   canvas.dataset.knexPdfRequestedOutputScale = String(
     708:     input.requestedOutputScale,
     709:   );
>>   710:   canvas.dataset.knexPdfWasOutputScaleClamped = String(
     711:     input.wasOutputScaleClamped,
     712:   );
     713: "
"knexwriter\src\modules\Knexread\native-pdf-reader\knex-pdf-engine\backends\future-pdfium\PdfiumEmbedPdfRuntime.ts","C:\knexit-workspace\knexit-workspace\knexwriter\src\modules\Knexread\native-pdf-reader\knex-pdf-engine\backends\future-pdfium\PdfiumEmbedPdfRuntime.ts","711","outputScale","OutputScale","     708:     input.requestedOutputScale,
     709:   );
     710:   canvas.dataset.knexPdfWasOutputScaleClamped = String(
>>   711:     input.wasOutputScaleClamped,
     712:   );
     713: 
     714:   canvas.dataset.knexPdfCanvasTextRender = input.renderText ? ""true"" : ""false"";"
"knexwriter\src\modules\Knexread\native-pdf-reader\knex-pdf-engine\backends\future-pdfium\PdfiumEmbedPdfRuntime.ts","C:\knexit-workspace\knexit-workspace\knexwriter\src\modules\Knexread\native-pdf-reader\knex-pdf-engine\backends\future-pdfium\PdfiumEmbedPdfRuntime.ts","1439","outputScale","OutputScale","    1436:         canvasTextMode,
    1437:       });
    1438: 
>>  1439:       const minimumOutputScale = getPdfiumMinimumOutputScale({
    1440:         quality: input.quality,
    1441:         renderPhase,
    1442:       });"
"knexwriter\src\modules\Knexread\native-pdf-reader\knex-pdf-engine\backends\future-pdfium\PdfiumEmbedPdfRuntime.ts","C:\knexit-workspace\knexit-workspace\knexwriter\src\modules\Knexread\native-pdf-reader\knex-pdf-engine\backends\future-pdfium\PdfiumEmbedPdfRuntime.ts","1439","outputScale","OutputScale","    1436:         canvasTextMode,
    1437:       });
    1438: 
>>  1439:       const minimumOutputScale = getPdfiumMinimumOutputScale({
    1440:         quality: input.quality,
    1441:         renderPhase,
    1442:       });"
"knexwriter\src\modules\Knexread\native-pdf-reader\knex-pdf-engine\backends\future-pdfium\PdfiumEmbedPdfRuntime.ts","C:\knexit-workspace\knexit-workspace\knexwriter\src\modules\Knexread\native-pdf-reader\knex-pdf-engine\backends\future-pdfium\PdfiumEmbedPdfRuntime.ts","1810","backend.*=","BackendAnnotation[] =","    1807:       }
    1808: 
    1809:       const linkPagePtr = loadWebLinks(textPagePtr);
>>  1810:       const annotations: PdfBackendAnnotation[] = [];
    1811:       const scratchPtr = pdfium.pdfium.wasmExports.malloc(8 * 4);
    1812:       const scale = normalizeScale(input.scale);
    1813: "
"knexwriter\src\modules\Knexread\native-pdf-reader\knex-pdf-engine\backends\future-pdfium\PdfiumPageRenderer.ts","C:\knexit-workspace\knexit-workspace\knexwriter\src\modules\Knexread\native-pdf-reader\knex-pdf-engine\backends\future-pdfium\PdfiumPageRenderer.ts","6","PdfRenderBackend","PdfRenderBackend","       3: import type {
       4:   PdfBackendRenderPageInput,
       5:   PdfBackendRenderTileInput,
>>     6: } from ""../PdfRenderBackend"";
       7: import { PdfiumRuntimeLoader } from ""./PdfiumRuntimeLoader"";
       8: 
       9: type PdfiumRenderTaskMetadata = {"
"knexwriter\src\modules\Knexread\native-pdf-reader\knex-pdf-engine\backends\future-pdfium\PdfiumPageRenderer.ts","C:\knexit-workspace\knexit-workspace\knexwriter\src\modules\Knexread\native-pdf-reader\knex-pdf-engine\backends\future-pdfium\PdfiumPageRenderer.ts","9","renderTask","RenderTask","       6: } from ""../PdfRenderBackend"";
       7: import { PdfiumRuntimeLoader } from ""./PdfiumRuntimeLoader"";
       8: 
>>     9: type PdfiumRenderTaskMetadata = {
      10:   priority?: number;
      11:   renderPriority?: number;
      12:   phase?: KnexPdfRenderPhase;"
"knexwriter\src\modules\Knexread\native-pdf-reader\knex-pdf-engine\backends\future-pdfium\PdfiumPageRenderer.ts","C:\knexit-workspace\knexit-workspace\knexwriter\src\modules\Knexread\native-pdf-reader\knex-pdf-engine\backends\future-pdfium\PdfiumPageRenderer.ts","49","renderTask","RenderTask","      46: 
      47: function getInputMetadata(
      48:   input: PdfiumRenderInput,
>>    49: ): PdfiumRenderTaskMetadata {
      50:   return input as PdfiumRenderInput & PdfiumRenderTaskMetadata;
      51: }
      52: "
"knexwriter\src\modules\Knexread\native-pdf-reader\knex-pdf-engine\backends\future-pdfium\PdfiumPageRenderer.ts","C:\knexit-workspace\knexit-workspace\knexwriter\src\modules\Knexread\native-pdf-reader\knex-pdf-engine\backends\future-pdfium\PdfiumPageRenderer.ts","50","renderTask","RenderTask","      47: function getInputMetadata(
      48:   input: PdfiumRenderInput,
      49: ): PdfiumRenderTaskMetadata {
>>    50:   return input as PdfiumRenderInput & PdfiumRenderTaskMetadata;
      51: }
      52: 
      53: function getRenderPriority(input: PdfiumRenderInput): number {"
"knexwriter\src\modules\Knexread\native-pdf-reader\knex-pdf-engine\backends\future-pdfium\PdfiumPageRenderer.ts","C:\knexit-workspace\knexit-workspace\knexwriter\src\modules\Knexread\native-pdf-reader\knex-pdf-engine\backends\future-pdfium\PdfiumPageRenderer.ts","135","runtime.*=","runtimeGlobal =","     132:   }
     133: 
     134:   return new Promise((resolve, reject) => {
>>   135:     const runtimeGlobal = globalThis as typeof globalThis & {
     136:       requestIdleCallback?: (
     137:         callback: () => void,
     138:         options?: { timeout?: number },"
"knexwriter\src\modules\Knexread\native-pdf-reader\knex-pdf-engine\backends\future-pdfium\PdfiumPageRenderer.ts","C:\knexit-workspace\knexit-workspace\knexwriter\src\modules\Knexread\native-pdf-reader\knex-pdf-engine\backends\future-pdfium\PdfiumPageRenderer.ts","147","runtime.*=","runtimeGlobal.cancelIdleCallback ===","     144:     let timeoutId: ReturnType<typeof globalThis.setTimeout> | null = null;
     145: 
     146:     const cleanup = () => {
>>   147:       if (idleId && typeof runtimeGlobal.cancelIdleCallback === ""function"") {
     148:         runtimeGlobal.cancelIdleCallback(idleId);
     149:       }
     150: "
"knexwriter\src\modules\Knexread\native-pdf-reader\knex-pdf-engine\backends\future-pdfium\PdfiumPageRenderer.ts","C:\knexit-workspace\knexit-workspace\knexwriter\src\modules\Knexread\native-pdf-reader\knex-pdf-engine\backends\future-pdfium\PdfiumPageRenderer.ts","165","runtime.*=","runtimeGlobal.requestIdleCallback ===","     162: 
     163:     input.signal?.addEventListener(""abort"", handleAbort, { once: true });
     164: 
>>   165:     if (typeof runtimeGlobal.requestIdleCallback === ""function"") {
     166:       idleId = runtimeGlobal.requestIdleCallback(
     167:         () => {
     168:           cleanup();"
"knexwriter\src\modules\Knexread\native-pdf-reader\knex-pdf-engine\backends\future-pdfium\PdfiumPageRenderer.ts","C:\knexit-workspace\knexit-workspace\knexwriter\src\modules\Knexread\native-pdf-reader\knex-pdf-engine\backends\future-pdfium\PdfiumPageRenderer.ts","282","new\s+Pdfium","new Pdfium","     279:   }
     280: }
     281: 
>>   282: const pdfiumRenderSemaphore = new PdfiumRenderSemaphore();
     283: 
     284: export class PdfiumPageRenderer {
     285:   constructor(private readonly runtimeLoader: PdfiumRuntimeLoader) {}"
"knexwriter\src\modules\Knexread\native-pdf-reader\knex-pdf-engine\backends\future-pdfium\PdfiumPageRenderer.ts","C:\knexit-workspace\knexit-workspace\knexwriter\src\modules\Knexread\native-pdf-reader\knex-pdf-engine\backends\future-pdfium\PdfiumPageRenderer.ts","284","PdfiumPageRenderer","PdfiumPageRenderer","     281: 
     282: const pdfiumRenderSemaphore = new PdfiumRenderSemaphore();
     283: 
>>   284: export class PdfiumPageRenderer {
     285:   constructor(private readonly runtimeLoader: PdfiumRuntimeLoader) {}
     286: 
     287:   async render("
"knexwriter\src\modules\Knexread\native-pdf-reader\knex-pdf-engine\backends\future-pdfium\PdfiumPageRenderer.ts","C:\knexit-workspace\knexit-workspace\knexwriter\src\modules\Knexread\native-pdf-reader\knex-pdf-engine\backends\future-pdfium\PdfiumPageRenderer.ts","318","runtime.*=","runtime =","     315:         throw createAbortError();
     316:       }
     317: 
>>   318:       const runtime = await this.runtimeLoader.getRuntime();
     319: 
     320:       if (isAbortSignalAborted(signal)) {
     321:         throw createAbortError();"
"knexwriter\src\modules\Knexread\native-pdf-reader\knex-pdf-engine\backends\future-pdfium\PdfiumPageRenderer.ts","C:\knexit-workspace\knexit-workspace\knexwriter\src\modules\Knexread\native-pdf-reader\knex-pdf-engine\backends\future-pdfium\PdfiumPageRenderer.ts","357","runtime.*=","runtime =","     354:         throw createAbortError();
     355:       }
     356: 
>>   357:       const runtime = await this.runtimeLoader.getRuntime();
     358: 
     359:       if (typeof runtime.renderTile !== ""function"") {
     360:         throw new Error(""PDFium runtime does not expose renderTile."");"
"knexwriter\src\modules\Knexread\native-pdf-reader\knex-pdf-engine\backends\future-pdfium\PdfiumPageRenderer.ts","C:\knexit-workspace\knexit-workspace\knexwriter\src\modules\Knexread\native-pdf-reader\knex-pdf-engine\backends\future-pdfium\PdfiumPageRenderer.ts","359","runtime.*=","runtime.renderTile !==","     356: 
     357:       const runtime = await this.runtimeLoader.getRuntime();
     358: 
>>   359:       if (typeof runtime.renderTile !== ""function"") {
     360:         throw new Error(""PDFium runtime does not expose renderTile."");
     361:       }
     362: "
"knexwriter\src\modules\Knexread\native-pdf-reader\knex-pdf-engine\backends\future-pdfium\PdfiumRuntimeLoader.ts","C:\knexit-workspace\knexit-workspace\knexwriter\src\modules\Knexread\native-pdf-reader\knex-pdf-engine\backends\future-pdfium\PdfiumRuntimeLoader.ts","15","PdfRenderBackend","PdfRenderBackend","      12:   PdfBackendPageHandle,
      13:   PdfBackendRenderPageInput,
      14:   PdfBackendRenderTileInput,
>>    15: } from ""../PdfRenderBackend"";
      16: import {
      17:   createEmbedPdfPdfiumRuntime,
      18:   EMBED_PDF_PDFIUM_PACKAGE,"
"knexwriter\src\modules\Knexread\native-pdf-reader\knex-pdf-engine\backends\future-pdfium\PdfiumRuntimeLoader.ts","C:\knexit-workspace\knexit-workspace\knexwriter\src\modules\Knexread\native-pdf-reader\knex-pdf-engine\backends\future-pdfium\PdfiumRuntimeLoader.ts","19","PdfiumEmbedPdfRuntime","PdfiumEmbedPdfRuntime","      16: import {
      17:   createEmbedPdfPdfiumRuntime,
      18:   EMBED_PDF_PDFIUM_PACKAGE,
>>    19: } from ""./PdfiumEmbedPdfRuntime"";
      20: 
      21: export const PDFIUM_RUNTIME_NOT_CONFIGURED_REASON =
      22:   ""PDFium runtime is not installed/configured."";"
"knexwriter\src\modules\Knexread\native-pdf-reader\knex-pdf-engine\backends\future-pdfium\PdfiumRuntimeLoader.ts","C:\knexit-workspace\knexit-workspace\knexwriter\src\modules\Knexread\native-pdf-reader\knex-pdf-engine\backends\future-pdfium\PdfiumRuntimeLoader.ts","21","runtime.*=","RUNTIME_NOT_CONFIGURED_REASON =","      18:   EMBED_PDF_PDFIUM_PACKAGE,
      19: } from ""./PdfiumEmbedPdfRuntime"";
      20: 
>>    21: export const PDFIUM_RUNTIME_NOT_CONFIGURED_REASON =
      22:   ""PDFium runtime is not installed/configured."";
      23: 
      24: export const PDFIUM_RUNTIME_REQUESTED_BUT_NOT_CONFIGURED ="
"knexwriter\src\modules\Knexread\native-pdf-reader\knex-pdf-engine\backends\future-pdfium\PdfiumRuntimeLoader.ts","C:\knexit-workspace\knexit-workspace\knexwriter\src\modules\Knexread\native-pdf-reader\knex-pdf-engine\backends\future-pdfium\PdfiumRuntimeLoader.ts","24","runtime.*=","RUNTIME_REQUESTED_BUT_NOT_CONFIGURED =","      21: export const PDFIUM_RUNTIME_NOT_CONFIGURED_REASON =
      22:   ""PDFium runtime is not installed/configured."";
      23: 
>>    24: export const PDFIUM_RUNTIME_REQUESTED_BUT_NOT_CONFIGURED =
      25:   ""PDFium backend requested but runtime is not installed/configured."";
      26: 
      27: export type PdfiumRuntime = {"
"knexwriter\src\modules\Knexread\native-pdf-reader\knex-pdf-engine\backends\future-pdfium\PdfiumRuntimeLoader.ts","C:\knexit-workspace\knexit-workspace\knexwriter\src\modules\Knexread\native-pdf-reader\knex-pdf-engine\backends\future-pdfium\PdfiumRuntimeLoader.ts","27","runtime.*=","Runtime =","      24: export const PDFIUM_RUNTIME_REQUESTED_BUT_NOT_CONFIGURED =
      25:   ""PDFium backend requested but runtime is not installed/configured."";
      26: 
>>    27: export type PdfiumRuntime = {
      28:   getCapabilities?: () =>
      29:     | Partial<PdfBackendCapabilities>
      30:     | Promise<Partial<PdfBackendCapabilities>>;"
"knexwriter\src\modules\Knexread\native-pdf-reader\knex-pdf-engine\backends\future-pdfium\PdfiumRuntimeLoader.ts","C:\knexit-workspace\knexit-workspace\knexwriter\src\modules\Knexread\native-pdf-reader\knex-pdf-engine\backends\future-pdfium\PdfiumRuntimeLoader.ts","56","runtime.*=","RuntimeLoaderOptions =","      53:   destroy?: () => Promise<void> | void;
      54: };
      55: 
>>    56: export type PdfiumRuntimeLoaderOptions = {
      57:   runtime?: PdfiumRuntime;
      58:   runtimeFactory?: () => Promise<PdfiumRuntime | null> | PdfiumRuntime | null;
      59:   importSpecifier?: string;"
"knexwriter\src\modules\Knexread\native-pdf-reader\knex-pdf-engine\backends\future-pdfium\PdfiumRuntimeLoader.ts","C:\knexit-workspace\knexit-workspace\knexwriter\src\modules\Knexread\native-pdf-reader\knex-pdf-engine\backends\future-pdfium\PdfiumRuntimeLoader.ts","58","runtime.*=","runtimeFactory?: () =","      55: 
      56: export type PdfiumRuntimeLoaderOptions = {
      57:   runtime?: PdfiumRuntime;
>>    58:   runtimeFactory?: () => Promise<PdfiumRuntime | null> | PdfiumRuntime | null;
      59:   importSpecifier?: string;
      60:   wasmUrl?: string;
      61:   resolveRuntime?: (module: unknown) => PdfiumRuntime | null | undefined;"
"knexwriter\src\modules\Knexread\native-pdf-reader\knex-pdf-engine\backends\future-pdfium\PdfiumRuntimeLoader.ts","C:\knexit-workspace\knexit-workspace\knexwriter\src\modules\Knexread\native-pdf-reader\knex-pdf-engine\backends\future-pdfium\PdfiumRuntimeLoader.ts","61","runtime.*=","Runtime?: (module: unknown) =","      58:   runtimeFactory?: () => Promise<PdfiumRuntime | null> | PdfiumRuntime | null;
      59:   importSpecifier?: string;
      60:   wasmUrl?: string;
>>    61:   resolveRuntime?: (module: unknown) => PdfiumRuntime | null | undefined;
      62:   globalRuntimeKeys?: string[];
      63:   globalImportSpecifierKeys?: string[];
      64:   globalWasmUrlKeys?: string[];"
"knexwriter\src\modules\Knexread\native-pdf-reader\knex-pdf-engine\backends\future-pdfium\PdfiumRuntimeLoader.ts","C:\knexit-workspace\knexit-workspace\knexwriter\src\modules\Knexread\native-pdf-reader\knex-pdf-engine\backends\future-pdfium\PdfiumRuntimeLoader.ts","67","runtime.*=","RUNTIME_KEYS =","      64:   globalWasmUrlKeys?: string[];
      65: };
      66: 
>>    67: const DEFAULT_GLOBAL_RUNTIME_KEYS = [
      68:   ""KNEX_PDFIUM_RUNTIME"",
      69:   ""__KNEX_PDFIUM_RUNTIME__"",
      70: ];"
"knexwriter\src\modules\Knexread\native-pdf-reader\knex-pdf-engine\backends\future-pdfium\PdfiumRuntimeLoader.ts","C:\knexit-workspace\knexit-workspace\knexwriter\src\modules\Knexread\native-pdf-reader\knex-pdf-engine\backends\future-pdfium\PdfiumRuntimeLoader.ts","80","backend.*=","BackendCapabilities =","      77:   ""__KNEX_PDFIUM_WASM_URL__"",
      78: ];
      79: 
>>    80: const baseUnavailableCapabilities: PdfBackendCapabilities = {
      81:   available: false,
      82:   renderPage: false,
      83:   extractText: false,"
"knexwriter\src\modules\Knexread\native-pdf-reader\knex-pdf-engine\backends\future-pdfium\PdfiumRuntimeLoader.ts","C:\knexit-workspace\knexit-workspace\knexwriter\src\modules\Knexread\native-pdf-reader\knex-pdf-engine\backends\future-pdfium\PdfiumRuntimeLoader.ts","138","runtime.*=","runtimePromise: Promise<PdfiumRuntime> | null =","     135: }
     136: 
     137: export class PdfiumRuntimeLoader {
>>   138:   private runtimePromise: Promise<PdfiumRuntime> | null = null;
     139: 
     140:   constructor(private readonly options: PdfiumRuntimeLoaderOptions = {}) {}
     141: "
"knexwriter\src\modules\Knexread\native-pdf-reader\knex-pdf-engine\backends\future-pdfium\PdfiumRuntimeLoader.ts","C:\knexit-workspace\knexit-workspace\knexwriter\src\modules\Knexread\native-pdf-reader\knex-pdf-engine\backends\future-pdfium\PdfiumRuntimeLoader.ts","140","runtime.*=","RuntimeLoaderOptions =","     137: export class PdfiumRuntimeLoader {
     138:   private runtimePromise: Promise<PdfiumRuntime> | null = null;
     139: 
>>   140:   constructor(private readonly options: PdfiumRuntimeLoaderOptions = {}) {}
     141: 
     142:   isRuntimeConfigured(): boolean {
     143:     return Boolean("
"knexwriter\src\modules\Knexread\native-pdf-reader\knex-pdf-engine\backends\future-pdfium\PdfiumRuntimeLoader.ts","C:\knexit-workspace\knexit-workspace\knexwriter\src\modules\Knexread\native-pdf-reader\knex-pdf-engine\backends\future-pdfium\PdfiumRuntimeLoader.ts","157","runtime.*=","runtime =","     154:     }
     155: 
     156:     try {
>>   157:       const runtime = await this.getRuntime();
     158:       const runtimeCapabilities = await runtime.getCapabilities?.();
     159: 
     160:       return {"
"knexwriter\src\modules\Knexread\native-pdf-reader\knex-pdf-engine\backends\future-pdfium\PdfiumRuntimeLoader.ts","C:\knexit-workspace\knexit-workspace\knexwriter\src\modules\Knexread\native-pdf-reader\knex-pdf-engine\backends\future-pdfium\PdfiumRuntimeLoader.ts","158","runtime.*=","runtimeCapabilities =","     155: 
     156:     try {
     157:       const runtime = await this.getRuntime();
>>   158:       const runtimeCapabilities = await runtime.getCapabilities?.();
     159: 
     160:       return {
     161:         available: runtimeCapabilities?.available ?? true,"
"knexwriter\src\modules\Knexread\native-pdf-reader\knex-pdf-engine\backends\future-pdfium\PdfiumRuntimeLoader.ts","C:\knexit-workspace\knexit-workspace\knexwriter\src\modules\Knexread\native-pdf-reader\knex-pdf-engine\backends\future-pdfium\PdfiumRuntimeLoader.ts","165","runtime.*=","runtime.extractText ===","     162:         renderPage: runtimeCapabilities?.renderPage ?? true,
     163:         extractText:
     164:           runtimeCapabilities?.extractText ??
>>   165:           typeof runtime.extractText === ""function"",
     166:         extractAnnotations:
     167:           runtimeCapabilities?.extractAnnotations ??
     168:           typeof runtime.extractAnnotations === ""function"","
"knexwriter\src\modules\Knexread\native-pdf-reader\knex-pdf-engine\backends\future-pdfium\PdfiumRuntimeLoader.ts","C:\knexit-workspace\knexit-workspace\knexwriter\src\modules\Knexread\native-pdf-reader\knex-pdf-engine\backends\future-pdfium\PdfiumRuntimeLoader.ts","168","runtime.*=","runtime.extractAnnotations ===","     165:           typeof runtime.extractText === ""function"",
     166:         extractAnnotations:
     167:           runtimeCapabilities?.extractAnnotations ??
>>   168:           typeof runtime.extractAnnotations === ""function"",
     169:         cancellation: runtimeCapabilities?.cancellation ?? true,
     170:         hiDpi: runtimeCapabilities?.hiDpi ?? true,
     171:         tileRendering:"
"knexwriter\src\modules\Knexread\native-pdf-reader\knex-pdf-engine\backends\future-pdfium\PdfiumRuntimeLoader.ts","C:\knexit-workspace\knexit-workspace\knexwriter\src\modules\Knexread\native-pdf-reader\knex-pdf-engine\backends\future-pdfium\PdfiumRuntimeLoader.ts","173","runtime.*=","runtime.renderTile ===","     170:         hiDpi: runtimeCapabilities?.hiDpi ?? true,
     171:         tileRendering:
     172:           runtimeCapabilities?.tileRendering ??
>>   173:           typeof runtime.renderTile === ""function"",
     174:         worker: runtimeCapabilities?.worker ?? true,
     175:         reason: runtimeCapabilities?.reason ?? ""PDFium runtime configured."",
     176:       };"
"knexwriter\src\modules\Knexread\native-pdf-reader\knex-pdf-engine\backends\future-pdfium\PdfiumRuntimeLoader.ts","C:\knexit-workspace\knexit-workspace\knexwriter\src\modules\Knexread\native-pdf-reader\knex-pdf-engine\backends\future-pdfium\PdfiumRuntimeLoader.ts","190","runtime.*=","runtimePromise = this.loadRuntime().catch((error) =","     187: 
     188:   async getRuntime(): Promise<PdfiumRuntime> {
     189:     if (!this.runtimePromise) {
>>   190:       this.runtimePromise = this.loadRuntime().catch((error) => {
     191:         this.runtimePromise = null;
     192:         throw error;
     193:       });"
"knexwriter\src\modules\Knexread\native-pdf-reader\knex-pdf-engine\backends\future-pdfium\PdfiumRuntimeLoader.ts","C:\knexit-workspace\knexit-workspace\knexwriter\src\modules\Knexread\native-pdf-reader\knex-pdf-engine\backends\future-pdfium\PdfiumRuntimeLoader.ts","191","runtime.*=","runtimePromise =","     188:   async getRuntime(): Promise<PdfiumRuntime> {
     189:     if (!this.runtimePromise) {
     190:       this.runtimePromise = this.loadRuntime().catch((error) => {
>>   191:         this.runtimePromise = null;
     192:         throw error;
     193:       });
     194:     }"
"knexwriter\src\modules\Knexread\native-pdf-reader\knex-pdf-engine\backends\future-pdfium\PdfiumRuntimeLoader.ts","C:\knexit-workspace\knexit-workspace\knexwriter\src\modules\Knexread\native-pdf-reader\knex-pdf-engine\backends\future-pdfium\PdfiumRuntimeLoader.ts","204","runtime.*=","runtimeFromFactory =","     201:       return this.options.runtime;
     202:     }
     203: 
>>   204:     const runtimeFromFactory = await this.options.runtimeFactory?.();
     205:     if (runtimeFromFactory) {
     206:       return runtimeFromFactory;
     207:     }"
"knexwriter\src\modules\Knexread\native-pdf-reader\knex-pdf-engine\backends\future-pdfium\PdfiumRuntimeLoader.ts","C:\knexit-workspace\knexit-workspace\knexwriter\src\modules\Knexread\native-pdf-reader\knex-pdf-engine\backends\future-pdfium\PdfiumRuntimeLoader.ts","209","runtime.*=","Runtime =","     206:       return runtimeFromFactory;
     207:     }
     208: 
>>   209:     const globalRuntime = this.getGlobalRuntime();
     210:     if (globalRuntime) {
     211:       return globalRuntime;
     212:     }"
"knexwriter\src\modules\Knexread\native-pdf-reader\knex-pdf-engine\backends\future-pdfium\PdfiumRuntimeLoader.ts","C:\knexit-workspace\knexit-workspace\knexwriter\src\modules\Knexread\native-pdf-reader\knex-pdf-engine\backends\future-pdfium\PdfiumRuntimeLoader.ts","221","runtime.*=","runtime =","     218:     }
     219: 
     220:     const module = await dynamicImportModule(importSpecifier);
>>   221:     const runtime =
     222:       this.options.resolveRuntime?.(module) ??
     223:       pickRuntimeFromModule(module) ??
     224:       createEmbedPdfPdfiumRuntime(module, {"
"knexwriter\src\modules\Knexread\native-pdf-reader\knex-pdf-engine\backends\future-pdfium\PdfiumTextExtractor.ts","C:\knexit-workspace\knexit-workspace\knexwriter\src\modules\Knexread\native-pdf-reader\knex-pdf-engine\backends\future-pdfium\PdfiumTextExtractor.ts","2","PdfRenderBackend","PdfRenderBackend","       1: import type { KnexPdfSemanticTextBlock } from ""../../core/engineTypes"";
>>     2: import type { PdfBackendExtractTextInput } from ""../PdfRenderBackend"";
       3: import { PdfiumRuntimeLoader } from ""./PdfiumRuntimeLoader"";
       4: 
       5: export class PdfiumTextExtractor {"
"knexwriter\src\modules\Knexread\native-pdf-reader\knex-pdf-engine\backends\future-pdfium\PdfiumTextExtractor.ts","C:\knexit-workspace\knexit-workspace\knexwriter\src\modules\Knexread\native-pdf-reader\knex-pdf-engine\backends\future-pdfium\PdfiumTextExtractor.ts","11","runtime.*=","runtime =","       8:   async extract(
       9:     input: PdfBackendExtractTextInput,
      10:   ): Promise<KnexPdfSemanticTextBlock[]> {
>>    11:     const runtime = await this.runtimeLoader.getRuntime();
      12: 
      13:     if (!runtime.extractText) {
      14:       return [];"
"knexwriter\src\modules\Knexread\native-pdf-reader\knex-pdf-engine\backends\pdfjs\PdfJsAnnotationExtractor.ts","C:\knexit-workspace\knexit-workspace\knexwriter\src\modules\Knexread\native-pdf-reader\knex-pdf-engine\backends\pdfjs\PdfJsAnnotationExtractor.ts","1","PdfRenderBackend","PdfRenderBackend",">>     1: import type { PdfBackendAnnotation, PdfBackendPageHandle } from ""../PdfRenderBackend"";
       2: 
       3: export class PdfJsAnnotationExtractor {
       4:   async extract(page: PdfBackendPageHandle, scale: number): Promise<PdfBackendAnnotation[]> {"
"knexwriter\src\modules\Knexread\native-pdf-reader\knex-pdf-engine\backends\pdfjs\PdfJsAnnotationExtractor.ts","C:\knexit-workspace\knexit-workspace\knexwriter\src\modules\Knexread\native-pdf-reader\knex-pdf-engine\backends\pdfjs\PdfJsAnnotationExtractor.ts","5","backend.*=","backendPage =","       2: 
       3: export class PdfJsAnnotationExtractor {
       4:   async extract(page: PdfBackendPageHandle, scale: number): Promise<PdfBackendAnnotation[]> {
>>     5:     const backendPage = page.backendPage as {
       6:       getViewport: (params: { scale: number }) => {
       7:         transform?: number[];
       8:         convertToViewportRectangle?: (rect: number[]) => number[];"
"knexwriter\src\modules\Knexread\native-pdf-reader\knex-pdf-engine\backends\pdfjs\PdfJsAnnotationExtractor.ts","C:\knexit-workspace\knexit-workspace\knexwriter\src\modules\Knexread\native-pdf-reader\knex-pdf-engine\backends\pdfjs\PdfJsAnnotationExtractor.ts","6","getViewport","getViewport","       3: export class PdfJsAnnotationExtractor {
       4:   async extract(page: PdfBackendPageHandle, scale: number): Promise<PdfBackendAnnotation[]> {
       5:     const backendPage = page.backendPage as {
>>     6:       getViewport: (params: { scale: number }) => {
       7:         transform?: number[];
       8:         convertToViewportRectangle?: (rect: number[]) => number[];
       9:       };"
"knexwriter\src\modules\Knexread\native-pdf-reader\knex-pdf-engine\backends\pdfjs\PdfJsAnnotationExtractor.ts","C:\knexit-workspace\knexit-workspace\knexwriter\src\modules\Knexread\native-pdf-reader\knex-pdf-engine\backends\pdfjs\PdfJsAnnotationExtractor.ts","20","getViewport","getViewport","      17:       }>
      18:       >;
      19:     };
>>    20:     const viewport = backendPage.getViewport({ scale });
      21:     const annotations = (await backendPage.getAnnotations?.({ intent: ""display"" })) ?? [];
      22:     const viewportMatrix = normalizePdfMatrix(viewport.transform);
      23: "
"knexwriter\src\modules\Knexread\native-pdf-reader\knex-pdf-engine\backends\pdfjs\PdfJsAnnotationExtractor.ts","C:\knexit-workspace\knexit-workspace\knexwriter\src\modules\Knexread\native-pdf-reader\knex-pdf-engine\backends\pdfjs\PdfJsAnnotationExtractor.ts","25","backend.*=","BackendAnnotation | null =","      22:     const viewportMatrix = normalizePdfMatrix(viewport.transform);
      23: 
      24:     return annotations
>>    25:       .map((annotation, index): PdfBackendAnnotation | null => {
      26:         if (annotation.subtype !== ""Link"" || !Array.isArray(annotation.rect)) return null;
      27:         const viewportRect =
      28:           typeof viewport.convertToViewportRectangle === ""function"""
"knexwriter\src\modules\Knexread\native-pdf-reader\knex-pdf-engine\backends\pdfjs\PdfJsBackend.ts","C:\knexit-workspace\knexit-workspace\knexwriter\src\modules\Knexread\native-pdf-reader\knex-pdf-engine\backends\pdfjs\PdfJsBackend.ts","5","PdfRenderBackend","PdfRenderBackend","       2:   PdfBackendAnnotation,
       3:   PdfBackendDocumentHandle,
       4:   PdfBackendPageHandle,
>>     5:   PdfRenderBackend,
       6: } from ""../PdfRenderBackend"";
       7: import type {
       8:   KnexPdfCanvasRenderResult,"
"knexwriter\src\modules\Knexread\native-pdf-reader\knex-pdf-engine\backends\pdfjs\PdfJsBackend.ts","C:\knexit-workspace\knexit-workspace\knexwriter\src\modules\Knexread\native-pdf-reader\knex-pdf-engine\backends\pdfjs\PdfJsBackend.ts","6","PdfRenderBackend","PdfRenderBackend","       3:   PdfBackendDocumentHandle,
       4:   PdfBackendPageHandle,
       5:   PdfRenderBackend,
>>     6: } from ""../PdfRenderBackend"";
       7: import type {
       8:   KnexPdfCanvasRenderResult,
       9:   KnexPdfRenderQualityInput,"
"knexwriter\src\modules\Knexread\native-pdf-reader\knex-pdf-engine\backends\pdfjs\PdfJsBackend.ts","C:\knexit-workspace\knexit-workspace\knexwriter\src\modules\Knexread\native-pdf-reader\knex-pdf-engine\backends\pdfjs\PdfJsBackend.ts","28","fallback","fallback","      25: 
      26: function safeNumber(
      27:   value: number | null | undefined,
>>    28:   fallback = 0,
      29: ): number {
      30:   return typeof value === ""number"" && Number.isFinite(value)
      31:     ? value"
"knexwriter\src\modules\Knexread\native-pdf-reader\knex-pdf-engine\backends\pdfjs\PdfJsBackend.ts","C:\knexit-workspace\knexit-workspace\knexwriter\src\modules\Knexread\native-pdf-reader\knex-pdf-engine\backends\pdfjs\PdfJsBackend.ts","32","fallback","fallback","      29: ): number {
      30:   return typeof value === ""number"" && Number.isFinite(value)
      31:     ? value
>>    32:     : fallback;
      33: }
      34: 
      35: function clampPageNumber(pageNumber: number, pageCount: number): number {"
"knexwriter\src\modules\Knexread\native-pdf-reader\knex-pdf-engine\backends\pdfjs\PdfJsBackend.ts","C:\knexit-workspace\knexit-workspace\knexwriter\src\modules\Knexread\native-pdf-reader\knex-pdf-engine\backends\pdfjs\PdfJsBackend.ts","46","PdfRenderBackend","PdfRenderBackend","      43:   return Math.max(0.01, safeNumber(scale, 1));
      44: }
      45: 
>>    46: export class PdfJsBackend implements PdfRenderBackend {
      47:   readonly id = ""pdfjs"" as const;
      48:   readonly label = ""PDF.js"";
      49:   readonly priority = 10;"
"knexwriter\src\modules\Knexread\native-pdf-reader\knex-pdf-engine\backends\pdfjs\PdfJsBackend.ts","C:\knexit-workspace\knexit-workspace\knexwriter\src\modules\Knexread\native-pdf-reader\knex-pdf-engine\backends\pdfjs\PdfJsBackend.ts","109","renderVersion","renderVersion","     106:     scale: number;
     107:     quality?: KnexPdfRenderQualityInput;
     108:     signal?: AbortSignal;
>>   109:     renderVersion?: number;
     110:     renderPhase?: KnexPdfRenderPhase;
     111:   }): Promise<KnexPdfCanvasRenderResult> {
     112:     return this.pageRenderer.render({"
"knexwriter\src\modules\Knexread\native-pdf-reader\knex-pdf-engine\backends\pdfjs\PdfJsPageRenderer.ts","C:\knexit-workspace\knexit-workspace\knexwriter\src\modules\Knexread\native-pdf-reader\knex-pdf-engine\backends\pdfjs\PdfJsPageRenderer.ts","1","PdfRenderBackend","PdfRenderBackend",">>     1: import type { PdfBackendPageHandle } from ""../PdfRenderBackend"";
       2: import type {
       3:   KnexPdfCanvasRenderResult,
       4:   KnexPdfRenderQualityInput,"
"knexwriter\src\modules\Knexread\native-pdf-reader\knex-pdf-engine\backends\pdfjs\PdfJsPageRenderer.ts","C:\knexit-workspace\knexit-workspace\knexwriter\src\modules\Knexread\native-pdf-reader\knex-pdf-engine\backends\pdfjs\PdfJsPageRenderer.ts","14","fallback","fallback","      11: 
      12: function safeNumber(
      13:   value: number | null | undefined,
>>    14:   fallback = 0,
      15: ): number {
      16:   return typeof value === ""number"" && Number.isFinite(value)
      17:     ? value"
"knexwriter\src\modules\Knexread\native-pdf-reader\knex-pdf-engine\backends\pdfjs\PdfJsPageRenderer.ts","C:\knexit-workspace\knexit-workspace\knexwriter\src\modules\Knexread\native-pdf-reader\knex-pdf-engine\backends\pdfjs\PdfJsPageRenderer.ts","18","fallback","fallback","      15: ): number {
      16:   return typeof value === ""number"" && Number.isFinite(value)
      17:     ? value
>>    18:     : fallback;
      19: }
      20: 
      21: function normalizeRenderScale(scale: number): number {"
"knexwriter\src\modules\Knexread\native-pdf-reader\knex-pdf-engine\backends\pdfjs\PdfJsPageRenderer.ts","C:\knexit-workspace\knexit-workspace\knexwriter\src\modules\Knexread\native-pdf-reader\knex-pdf-engine\backends\pdfjs\PdfJsPageRenderer.ts","32","outputScale","outputScale","      29:    * Importante:
      30:    * - Não aplicar devicePixelRatio aqui.
      31:    * - Não multiplicar por quality aqui.
>>    32:    * - Não usar outputScale aqui.
      33:    *
      34:    * A nitidez real deve ser resolvida dentro do HiDpiCanvasRenderer,
      35:    * usando outputScale."
"knexwriter\src\modules\Knexread\native-pdf-reader\knex-pdf-engine\backends\pdfjs\PdfJsPageRenderer.ts","C:\knexit-workspace\knexit-workspace\knexwriter\src\modules\Knexread\native-pdf-reader\knex-pdf-engine\backends\pdfjs\PdfJsPageRenderer.ts","35","outputScale","outputScale","      32:    * - Não usar outputScale aqui.
      33:    *
      34:    * A nitidez real deve ser resolvida dentro do HiDpiCanvasRenderer,
>>    35:    * usando outputScale.
      36:    */
      37:   return Math.max(0.01, safeNumber(scale, 1));
      38: }"
"knexwriter\src\modules\Knexread\native-pdf-reader\knex-pdf-engine\backends\pdfjs\PdfJsPageRenderer.ts","C:\knexit-workspace\knexit-workspace\knexwriter\src\modules\Knexread\native-pdf-reader\knex-pdf-engine\backends\pdfjs\PdfJsPageRenderer.ts","45","getViewport","getViewport","      42: 
      43:   if (
      44:     !maybePage ||
>>    45:     typeof maybePage.getViewport !== ""function"" ||
      46:     typeof maybePage.render !== ""function""
      47:   ) {
      48:     throw new Error(""Invalid PDF.js page object received by PdfJsPageRenderer."");"
"knexwriter\src\modules\Knexread\native-pdf-reader\knex-pdf-engine\backends\pdfjs\PdfJsPageRenderer.ts","C:\knexit-workspace\knexit-workspace\knexwriter\src\modules\Knexread\native-pdf-reader\knex-pdf-engine\backends\pdfjs\PdfJsPageRenderer.ts","46","page\.render","Page.render","      43:   if (
      44:     !maybePage ||
      45:     typeof maybePage.getViewport !== ""function"" ||
>>    46:     typeof maybePage.render !== ""function""
      47:   ) {
      48:     throw new Error(""Invalid PDF.js page object received by PdfJsPageRenderer."");
      49:   }"
"knexwriter\src\modules\Knexread\native-pdf-reader\knex-pdf-engine\backends\pdfjs\PdfJsPageRenderer.ts","C:\knexit-workspace\knexit-workspace\knexwriter\src\modules\Knexread\native-pdf-reader\knex-pdf-engine\backends\pdfjs\PdfJsPageRenderer.ts","63","outputScale","outputScale","      60:  * - aplicar CSS transform;
      61:  * - reduzir bitmap;
      62:  * - copiar canvas;
>>    63:  * - decidir outputScale.
      64:  *
      65:  * Ele deve apenas:
      66:  * - validar a página;"
"knexwriter\src\modules\Knexread\native-pdf-reader\knex-pdf-engine\backends\pdfjs\PdfJsTextExtractor.ts","C:\knexit-workspace\knexit-workspace\knexwriter\src\modules\Knexread\native-pdf-reader\knex-pdf-engine\backends\pdfjs\PdfJsTextExtractor.ts","1","PdfRenderBackend","PdfRenderBackend",">>     1: import type { PdfBackendPageHandle } from ""../PdfRenderBackend"";
       2: import type { KnexPdfSemanticTextBlock } from ""../../core/engineTypes"";
       3: import { normalizePdfText } from ""../../../utils"";
       4: "
"knexwriter\src\modules\Knexread\native-pdf-reader\knex-pdf-engine\backends\pdfjs\PdfJsTextExtractor.ts","C:\knexit-workspace\knexit-workspace\knexwriter\src\modules\Knexread\native-pdf-reader\knex-pdf-engine\backends\pdfjs\PdfJsTextExtractor.ts","36","getViewport","getViewport","      33: };
      34: 
      35: type PdfJsPageLike = {
>>    36:   getViewport: (params: { scale: number }) => PdfJsViewportLike;
      37:   getTextContent: (params?: {
      38:     disableCombineTextItems?: boolean;
      39:     normalizeWhitespace?: boolean;"
"knexwriter\src\modules\Knexread\native-pdf-reader\knex-pdf-engine\backends\pdfjs\PdfJsTextExtractor.ts","C:\knexit-workspace\knexit-workspace\knexwriter\src\modules\Knexread\native-pdf-reader\knex-pdf-engine\backends\pdfjs\PdfJsTextExtractor.ts","77","backend.*=","backendPage =","      74:     page: PdfBackendPageHandle,
      75:     scale: number,
      76:   ): Promise<KnexPdfSemanticTextBlock[]> {
>>    77:     const backendPage = page.backendPage as PdfJsPageLike;
      78:     const viewport = backendPage.getViewport({
      79:       scale: normalizeScale(scale),
      80:     });"
"knexwriter\src\modules\Knexread\native-pdf-reader\knex-pdf-engine\backends\pdfjs\PdfJsTextExtractor.ts","C:\knexit-workspace\knexit-workspace\knexwriter\src\modules\Knexread\native-pdf-reader\knex-pdf-engine\backends\pdfjs\PdfJsTextExtractor.ts","78","getViewport","getViewport","      75:     scale: number,
      76:   ): Promise<KnexPdfSemanticTextBlock[]> {
      77:     const backendPage = page.backendPage as PdfJsPageLike;
>>    78:     const viewport = backendPage.getViewport({
      79:       scale: normalizeScale(scale),
      80:     });
      81: "
"knexwriter\src\modules\Knexread\native-pdf-reader\knex-pdf-engine\backends\pdfjs\PdfJsTextExtractor.ts","C:\knexit-workspace\knexit-workspace\knexwriter\src\modules\Knexread\native-pdf-reader\knex-pdf-engine\backends\pdfjs\PdfJsTextExtractor.ts","242","fallback","fallback","     239: 
     240: function safeNumber(
     241:   value: number | null | undefined,
>>   242:   fallback = 0,
     243: ): number {
     244:   return typeof value === ""number"" && Number.isFinite(value)
     245:     ? value"
"knexwriter\src\modules\Knexread\native-pdf-reader\knex-pdf-engine\backends\pdfjs\PdfJsTextExtractor.ts","C:\knexit-workspace\knexit-workspace\knexwriter\src\modules\Knexread\native-pdf-reader\knex-pdf-engine\backends\pdfjs\PdfJsTextExtractor.ts","246","fallback","fallback","     243: ): number {
     244:   return typeof value === ""number"" && Number.isFinite(value)
     245:     ? value
>>   246:     : fallback;
     247: }
     248: 
     249: function clamp(value: number, min: number, max: number): number {"
"knexwriter\src\modules\Knexread\native-pdf-reader\knex-pdf-engine\backends\pdfjs\PdfJsTextExtractor.ts","C:\knexit-workspace\knexit-workspace\knexwriter\src\modules\Knexread\native-pdf-reader\knex-pdf-engine\backends\pdfjs\PdfJsTextExtractor.ts","300","fallback","Fallback","     297:   }
     298: 
     299:   /**
>>   300:    * Fallback aproximado para PDFs que não informam width.
     301:    */
     302:   return input.text.length * input.fontSize * 0.5;
     303: }"
"knexwriter\src\modules\Knexread\native-pdf-reader\knex-pdf-engine\backends\PdfRenderBackend.ts","C:\knexit-workspace\knexit-workspace\knexwriter\src\modules\Knexread\native-pdf-reader\knex-pdf-engine\backends\PdfRenderBackend.ts","17","backend.*=","BackendDocumentSource =","      14:  * PDF.js pode usar `pdf` já carregado ou `data`.
      15:  * PDFium/MuPDF devem usar preferencialmente `data`.
      16:  */
>>    17: export type PdfBackendDocumentSource = {
      18:   id: string;
      19:   fileName?: string;
      20:   fileSize?: number;"
"knexwriter\src\modules\Knexread\native-pdf-reader\knex-pdf-engine\backends\PdfRenderBackend.ts","C:\knexit-workspace\knexit-workspace\knexwriter\src\modules\Knexread\native-pdf-reader\knex-pdf-engine\backends\PdfRenderBackend.ts","41","backend.*=","BackendCapabilities =","      38:   metadata?: Record<string, unknown>;
      39: };
      40: 
>>    41: export type PdfBackendCapabilities = {
      42:   /**
      43:    * Indica se o backend está realmente disponível no runtime atual.
      44:    * Exemplo: PDFium WASM carregado, MuPDF instalado, PDF.js importado etc."
"knexwriter\src\modules\Knexread\native-pdf-reader\knex-pdf-engine\backends\PdfRenderBackend.ts","C:\knexit-workspace\knexit-workspace\knexwriter\src\modules\Knexread\native-pdf-reader\knex-pdf-engine\backends\PdfRenderBackend.ts","69","outputScale","outputScale","      66:   cancellation: boolean;
      67: 
      68:   /**
>>    69:    * Suporte a HiDPI/outputScale.
      70:    */
      71:   hiDpi: boolean;
      72: "
"knexwriter\src\modules\Knexread\native-pdf-reader\knex-pdf-engine\backends\PdfRenderBackend.ts","C:\knexit-workspace\knexit-workspace\knexwriter\src\modules\Knexread\native-pdf-reader\knex-pdf-engine\backends\PdfRenderBackend.ts","106","backend.*=","BackendDocumentHandle =","     103:   reason?: string;
     104: };
     105: 
>>   106: export type PdfBackendDocumentHandle = {
     107:   id: string;
     108:   backendId: KnexPdfBackendId | string;
     109:   pageCount: number;"
"knexwriter\src\modules\Knexread\native-pdf-reader\knex-pdf-engine\backends\PdfRenderBackend.ts","C:\knexit-workspace\knexit-workspace\knexwriter\src\modules\Knexread\native-pdf-reader\knex-pdf-engine\backends\PdfRenderBackend.ts","126","backend.*=","BackendPageHandle =","     123:   metadata?: Record<string, unknown>;
     124: };
     125: 
>>   126: export type PdfBackendPageHandle = {
     127:   pageNumber: number;
     128:   backendId?: KnexPdfBackendId | string;
     129: "
"knexwriter\src\modules\Knexread\native-pdf-reader\knex-pdf-engine\backends\PdfRenderBackend.ts","C:\knexit-workspace\knexit-workspace\knexwriter\src\modules\Knexread\native-pdf-reader\knex-pdf-engine\backends\PdfRenderBackend.ts","141","backend.*=","BackendAnnotation =","     138:   document?: PdfBackendDocumentHandle;
     139: };
     140: 
>>   141: export type PdfBackendAnnotation = {
     142:   id: string;
     143:   pageNumber: number;
     144:   x: number;"
"knexwriter\src\modules\Knexread\native-pdf-reader\knex-pdf-engine\backends\PdfRenderBackend.ts","C:\knexit-workspace\knexit-workspace\knexwriter\src\modules\Knexread\native-pdf-reader\knex-pdf-engine\backends\PdfRenderBackend.ts","152","backend.*=","BackendCanvasTextMode =","     149:   dest?: unknown;
     150: };
     151: 
>>   152: export type PdfBackendCanvasTextMode =
     153:   | ""normal""
     154:   | ""without-text""
     155:   | ""unknown"";"
"knexwriter\src\modules\Knexread\native-pdf-reader\knex-pdf-engine\backends\PdfRenderBackend.ts","C:\knexit-workspace\knexit-workspace\knexwriter\src\modules\Knexread\native-pdf-reader\knex-pdf-engine\backends\PdfRenderBackend.ts","157","backend.*=","BackendRenderPageInput =","     154:   | ""without-text""
     155:   | ""unknown"";
     156: 
>>   157: export type PdfBackendRenderPageInput = {
     158:   page: PdfBackendPageHandle;
     159:   canvas: HTMLCanvasElement;
     160: "
"knexwriter\src\modules\Knexread\native-pdf-reader\knex-pdf-engine\backends\PdfRenderBackend.ts","C:\knexit-workspace\knexit-workspace\knexwriter\src\modules\Knexread\native-pdf-reader\knex-pdf-engine\backends\PdfRenderBackend.ts","164","outputScale","outputScale","     161:   /**
     162:    * Escala lógica/CSS da página.
     163:    *
>>   164:    * Não confundir com outputScale.
     165:    * Exemplo:
     166:    * scale 1.0 = zoom 100%
     167:    * scale 2.0 = zoom 200%"
"knexwriter\src\modules\Knexread\native-pdf-reader\knex-pdf-engine\backends\PdfRenderBackend.ts","C:\knexit-workspace\knexit-workspace\knexwriter\src\modules\Knexread\native-pdf-reader\knex-pdf-engine\backends\PdfRenderBackend.ts","173","outputScale","outputScale","     170: 
     171:   /**
     172:    * Qualidade desejada.
>>   173:    * O backend deve converter isso para outputScale/HiDPI internamente.
     174:    */
     175:   quality?: KnexPdfRenderQualityInput;
     176: "
"knexwriter\src\modules\Knexread\native-pdf-reader\knex-pdf-engine\backends\PdfRenderBackend.ts","C:\knexit-workspace\knexit-workspace\knexwriter\src\modules\Knexread\native-pdf-reader\knex-pdf-engine\backends\PdfRenderBackend.ts","221","renderVersion","renderVersion","     218:    * Versão de renderização.
     219:    * Útil para logs/cache/fila.
     220:    */
>>   221:   renderVersion?: number;
     222:   renderPhase?: KnexPdfRenderPhase;
     223: };
     224: "
"knexwriter\src\modules\Knexread\native-pdf-reader\knex-pdf-engine\backends\PdfRenderBackend.ts","C:\knexit-workspace\knexit-workspace\knexwriter\src\modules\Knexread\native-pdf-reader\knex-pdf-engine\backends\PdfRenderBackend.ts","225","backend.*=","BackendRenderTileInput =","     222:   renderPhase?: KnexPdfRenderPhase;
     223: };
     224: 
>>   225: export type PdfBackendRenderTileInput = {
     226:   page: PdfBackendPageHandle;
     227:   canvas: HTMLCanvasElement;
     228: "
"knexwriter\src\modules\Knexread\native-pdf-reader\knex-pdf-engine\backends\PdfRenderBackend.ts","C:\knexit-workspace\knexit-workspace\knexwriter\src\modules\Knexread\native-pdf-reader\knex-pdf-engine\backends\PdfRenderBackend.ts","249","renderVersion","renderVersion","     246:   renderText?: boolean;
     247:   canvasTextMode?: PdfBackendCanvasTextMode;
     248:   signal?: AbortSignal;
>>   249:   renderVersion?: number;
     250:   renderPhase?: KnexPdfRenderPhase;
     251: };
     252: "
"knexwriter\src\modules\Knexread\native-pdf-reader\knex-pdf-engine\backends\PdfRenderBackend.ts","C:\knexit-workspace\knexit-workspace\knexwriter\src\modules\Knexread\native-pdf-reader\knex-pdf-engine\backends\PdfRenderBackend.ts","253","backend.*=","BackendExtractTextInput =","     250:   renderPhase?: KnexPdfRenderPhase;
     251: };
     252: 
>>   253: export type PdfBackendExtractTextInput = {
     254:   page: PdfBackendPageHandle;
     255:   scale: number;
     256:   signal?: AbortSignal;"
"knexwriter\src\modules\Knexread\native-pdf-reader\knex-pdf-engine\backends\PdfRenderBackend.ts","C:\knexit-workspace\knexit-workspace\knexwriter\src\modules\Knexread\native-pdf-reader\knex-pdf-engine\backends\PdfRenderBackend.ts","259","backend.*=","BackendExtractAnnotationsInput =","     256:   signal?: AbortSignal;
     257: };
     258: 
>>   259: export type PdfBackendExtractAnnotationsInput = {
     260:   page: PdfBackendPageHandle;
     261:   scale: number;
     262:   signal?: AbortSignal;"
"knexwriter\src\modules\Knexread\native-pdf-reader\knex-pdf-engine\backends\PdfRenderBackend.ts","C:\knexit-workspace\knexit-workspace\knexwriter\src\modules\Knexread\native-pdf-reader\knex-pdf-engine\backends\PdfRenderBackend.ts","265","PdfRenderBackend","PdfRenderBackend","     262:   signal?: AbortSignal;
     263: };
     264: 
>>   265: export interface PdfRenderBackend {
     266:   readonly id: KnexPdfBackendId | string;
     267: 
     268:   /**"
"knexwriter\src\modules\Knexread\native-pdf-reader\knex-pdf-engine\backends\PdfRenderBackend.ts","C:\knexit-workspace\knexit-workspace\knexwriter\src\modules\Knexread\native-pdf-reader\knex-pdf-engine\backends\PdfRenderBackend.ts","327","fallback","fallback","     324:    * Renderiza um recorte da pagina em um canvas do tamanho do tile.
     325:    *
     326:    * Implementacao opcional: backends que nao suportam clipping nativo devem
>>   327:    * omitir este metodo para impedir fallback acidental para bitmap borrado.
     328:    */
     329:   renderTile?(
     330:     input: PdfBackendRenderTileInput,"
"knexwriter\src\modules\Knexread\native-pdf-reader\knex-pdf-engine\backends\PdfRenderBackend.ts","C:\knexit-workspace\knexit-workspace\knexwriter\src\modules\Knexread\native-pdf-reader\knex-pdf-engine\backends\PdfRenderBackend.ts","383","PdfRenderBackend","PdfRenderBackend","     380:  * nova sem quebrar backends antigos.
     381:  */
     382: export async function extractTextWithBackend(input: {
>>   383:   backend: PdfRenderBackend;
     384:   page: PdfBackendPageHandle;
     385:   scale: number;
     386:   signal?: AbortSignal;"
"knexwriter\src\modules\Knexread\native-pdf-reader\knex-pdf-engine\backends\PdfRenderBackend.ts","C:\knexit-workspace\knexit-workspace\knexwriter\src\modules\Knexread\native-pdf-reader\knex-pdf-engine\backends\PdfRenderBackend.ts","400","PdfRenderBackend","PdfRenderBackend","     397: }
     398: 
     399: export async function extractAnnotationsWithBackend(input: {
>>   400:   backend: PdfRenderBackend;
     401:   page: PdfBackendPageHandle;
     402:   scale: number;
     403:   signal?: AbortSignal;"
"knexwriter\src\modules\Knexread\native-pdf-reader\knex-pdf-engine\backends\PdfRenderBackend.ts","C:\knexit-workspace\knexit-workspace\knexwriter\src\modules\Knexread\native-pdf-reader\knex-pdf-engine\backends\PdfRenderBackend.ts","417","PdfRenderBackend","PdfRenderBackend","     414: }
     415: 
     416: export async function renderTileWithBackend(input: {
>>   417:   backend: PdfRenderBackend;
     418:   page: PdfBackendPageHandle;
     419:   canvas: HTMLCanvasElement;
     420:   geometry: KnexPdfPageGeometry;"
"knexwriter\src\modules\Knexread\native-pdf-reader\knex-pdf-engine\backends\PdfRenderBackend.ts","C:\knexit-workspace\knexit-workspace\knexwriter\src\modules\Knexread\native-pdf-reader\knex-pdf-engine\backends\PdfRenderBackend.ts","427","renderVersion","renderVersion","     424:   renderText?: boolean;
     425:   canvasTextMode?: PdfBackendCanvasTextMode;
     426:   signal?: AbortSignal;
>>   427:   renderVersion?: number;
     428:   renderPhase?: KnexPdfRenderPhase;
     429: }) {
     430:   if (!input.backend.renderTile) {"
"knexwriter\src\modules\Knexread\native-pdf-reader\knex-pdf-engine\backends\PdfRenderBackend.ts","C:\knexit-workspace\knexit-workspace\knexwriter\src\modules\Knexread\native-pdf-reader\knex-pdf-engine\backends\PdfRenderBackend.ts","446","renderVersion","renderVersion","     443:     renderText: input.renderText,
     444:     canvasTextMode: input.canvasTextMode,
     445:     signal: input.signal,
>>   446:     renderVersion: input.renderVersion,
     447:     renderPhase: input.renderPhase,
     448:   });
     449: }"
"knexwriter\src\modules\Knexread\native-pdf-reader\knex-pdf-engine\backends\PdfRenderBackend.ts","C:\knexit-workspace\knexit-workspace\knexwriter\src\modules\Knexread\native-pdf-reader\knex-pdf-engine\backends\PdfRenderBackend.ts","446","renderVersion","renderVersion","     443:     renderText: input.renderText,
     444:     canvasTextMode: input.canvasTextMode,
     445:     signal: input.signal,
>>   446:     renderVersion: input.renderVersion,
     447:     renderPhase: input.renderPhase,
     448:   });
     449: }"
"knexwriter\src\modules\Knexread\native-pdf-reader\knex-pdf-engine\cache\CachePolicy.ts","C:\knexit-workspace\knexit-workspace\knexwriter\src\modules\Knexread\native-pdf-reader\knex-pdf-engine\cache\CachePolicy.ts","3","tileCount","TileCount","       1: export type CachePolicy = {
       2:   maxBitmapPages: number;
>>     3:   maxTileCount: number;
       4:   maxTextMaps: number;
       5: };
       6: "
"knexwriter\src\modules\Knexread\native-pdf-reader\knex-pdf-engine\cache\CachePolicy.ts","C:\knexit-workspace\knexit-workspace\knexwriter\src\modules\Knexread\native-pdf-reader\knex-pdf-engine\cache\CachePolicy.ts","9","tileCount","TileCount","       6: 
       7: export function createDefaultCachePolicy(performanceClass: ""low"" | ""medium"" | ""high""): CachePolicy {
       8:   if (performanceClass === ""high"") {
>>     9:     return { maxBitmapPages: 12, maxTileCount: 256, maxTextMaps: 80 };
      10:   }
      11:   if (performanceClass === ""medium"") {
      12:     return { maxBitmapPages: 6, maxTileCount: 128, maxTextMaps: 40 };"
"knexwriter\src\modules\Knexread\native-pdf-reader\knex-pdf-engine\cache\CachePolicy.ts","C:\knexit-workspace\knexit-workspace\knexwriter\src\modules\Knexread\native-pdf-reader\knex-pdf-engine\cache\CachePolicy.ts","12","tileCount","TileCount","       9:     return { maxBitmapPages: 12, maxTileCount: 256, maxTextMaps: 80 };
      10:   }
      11:   if (performanceClass === ""medium"") {
>>    12:     return { maxBitmapPages: 6, maxTileCount: 128, maxTextMaps: 40 };
      13:   }
      14:   return { maxBitmapPages: 3, maxTileCount: 64, maxTextMaps: 20 };
      15: }"
"knexwriter\src\modules\Knexread\native-pdf-reader\knex-pdf-engine\cache\CachePolicy.ts","C:\knexit-workspace\knexit-workspace\knexwriter\src\modules\Knexread\native-pdf-reader\knex-pdf-engine\cache\CachePolicy.ts","14","tileCount","TileCount","      11:   if (performanceClass === ""medium"") {
      12:     return { maxBitmapPages: 6, maxTileCount: 128, maxTextMaps: 40 };
      13:   }
>>    14:   return { maxBitmapPages: 3, maxTileCount: 64, maxTextMaps: 20 };
      15: }
      16: "
"knexwriter\src\modules\Knexread\native-pdf-reader\knex-pdf-engine\cache\PageBitmapCache.ts","C:\knexit-workspace\knexit-workspace\knexwriter\src\modules\Knexread\native-pdf-reader\knex-pdf-engine\cache\PageBitmapCache.ts","35","outputScale","outputScale","      32:   /**
      33:    * Escala HiDPI do bitmap.
      34:    * Exemplo:
>>    35:    * cssWidth 1000, width 3000 => outputScale 3.
      36:    */
      37:   outputScale: number;
      38: "
"knexwriter\src\modules\Knexread\native-pdf-reader\knex-pdf-engine\cache\PageBitmapCache.ts","C:\knexit-workspace\knexit-workspace\knexwriter\src\modules\Knexread\native-pdf-reader\knex-pdf-engine\cache\PageBitmapCache.ts","37","outputScale","outputScale","      34:    * Exemplo:
      35:    * cssWidth 1000, width 3000 => outputScale 3.
      36:    */
>>    37:   outputScale: number;
      38: 
      39:   /**
      40:    * Tamanho CSS/visual da página."
"knexwriter\src\modules\Knexread\native-pdf-reader\knex-pdf-engine\cache\PageBitmapCache.ts","C:\knexit-workspace\knexit-workspace\knexwriter\src\modules\Knexread\native-pdf-reader\knex-pdf-engine\cache\PageBitmapCache.ts","72","renderVersion","renderVersion","      69:    * Use quando quiser invalidar renders antigos depois de zoom, resize ou troca
      70:    * de qualidade.
      71:    */
>>    72:   renderVersion?: number;
      73: 
      74:   /**
      75:    * Versão do backend ativo. Impede reaproveitar bitmap depois de troca ou"
"knexwriter\src\modules\Knexread\native-pdf-reader\knex-pdf-engine\cache\PageBitmapCache.ts","C:\knexit-workspace\knexit-workspace\knexwriter\src\modules\Knexread\native-pdf-reader\knex-pdf-engine\cache\PageBitmapCache.ts","93","outputScale","outputScale","      90:   zoomBucket: number;
      91:   devicePixelRatio: number;
      92:   renderMode: string;
>>    93:   outputScale: number;
      94:   cssWidth: number;
      95:   cssHeight: number;
      96:   width: number;"
"knexwriter\src\modules\Knexread\native-pdf-reader\knex-pdf-engine\cache\PageBitmapCache.ts","C:\knexit-workspace\knexit-workspace\knexwriter\src\modules\Knexread\native-pdf-reader\knex-pdf-engine\cache\PageBitmapCache.ts","104","renderVersion","renderVersion","     101:   renderPhase: string;
     102:   renderPhaseRank: number;
     103:   rotation: number;
>>   104:   renderVersion: number;
     105:   backendVersion: number;
     106: };
     107: "
"knexwriter\src\modules\Knexread\native-pdf-reader\knex-pdf-engine\cache\PageBitmapCache.ts","C:\knexit-workspace\knexit-workspace\knexwriter\src\modules\Knexread\native-pdf-reader\knex-pdf-engine\cache\PageBitmapCache.ts","130","outputScale","outputScale","     127:   zoomBucket?: number;
     128:   devicePixelRatio?: number;
     129:   renderMode?: string;
>>   130:   outputScale?: number;
     131:   cssWidth?: number;
     132:   cssHeight?: number;
     133:   width?: number;"
"knexwriter\src\modules\Knexread\native-pdf-reader\knex-pdf-engine\cache\PageBitmapCache.ts","C:\knexit-workspace\knexit-workspace\knexwriter\src\modules\Knexread\native-pdf-reader\knex-pdf-engine\cache\PageBitmapCache.ts","138","renderVersion","renderVersion","     135:   quality?: string;
     136:   renderPhase?: string;
     137:   rotation?: number;
>>   138:   renderVersion?: number;
     139:   backendVersion?: number;
     140: 
     141:   /**"
"knexwriter\src\modules\Knexread\native-pdf-reader\knex-pdf-engine\cache\PageBitmapCache.ts","C:\knexit-workspace\knexit-workspace\knexwriter\src\modules\Knexread\native-pdf-reader\knex-pdf-engine\cache\PageBitmapCache.ts","142","outputScale","outputScale","     139:   backendVersion?: number;
     140: 
     141:   /**
>>   142:    * Quando informado, impede devolver bitmap com outputScale menor.
     143:    */
     144:   minOutputScale?: number;
     145: "
"knexwriter\src\modules\Knexread\native-pdf-reader\knex-pdf-engine\cache\PageBitmapCache.ts","C:\knexit-workspace\knexit-workspace\knexwriter\src\modules\Knexread\native-pdf-reader\knex-pdf-engine\cache\PageBitmapCache.ts","144","outputScale","OutputScale","     141:   /**
     142:    * Quando informado, impede devolver bitmap com outputScale menor.
     143:    */
>>   144:   minOutputScale?: number;
     145: 
     146:   /**
     147:    * Quando informado, impede devolver bitmap com razão bitmap/CSS menor."
"knexwriter\src\modules\Knexread\native-pdf-reader\knex-pdf-engine\cache\PageBitmapCache.ts","C:\knexit-workspace\knexit-workspace\knexwriter\src\modules\Knexread\native-pdf-reader\knex-pdf-engine\cache\PageBitmapCache.ts","168","renderVersion","renderVersion","     165:   exactRenderPhase?: boolean;
     166: 
     167:   /**
>>   168:    * Quando true, exige renderVersion exatamente igual.
     169:    */
     170:   exactRenderVersion?: boolean;
     171: "
"knexwriter\src\modules\Knexread\native-pdf-reader\knex-pdf-engine\cache\PageBitmapCache.ts","C:\knexit-workspace\knexit-workspace\knexwriter\src\modules\Knexread\native-pdf-reader\knex-pdf-engine\cache\PageBitmapCache.ts","170","renderVersion","RenderVersion","     167:   /**
     168:    * Quando true, exige renderVersion exatamente igual.
     169:    */
>>   170:   exactRenderVersion?: boolean;
     171: 
     172:   /**
     173:    * Quando true, exige backendVersion exatamente igual."
"knexwriter\src\modules\Knexread\native-pdf-reader\knex-pdf-engine\cache\PageBitmapCache.ts","C:\knexit-workspace\knexit-workspace\knexwriter\src\modules\Knexread\native-pdf-reader\knex-pdf-engine\cache\PageBitmapCache.ts","178","outputScale","outputScale","     175:   exactBackendVersion?: boolean;
     176: 
     177:   /**
>>   178:    * Tolerância para renderScale/outputScale.
     179:    */
     180:   numericTolerance?: number;
     181: };"
"knexwriter\src\modules\Knexread\native-pdf-reader\knex-pdf-engine\cache\PageBitmapCache.ts","C:\knexit-workspace\knexit-workspace\knexwriter\src\modules\Knexread\native-pdf-reader\knex-pdf-engine\cache\PageBitmapCache.ts","229","fallback","fallback","     226: 
     227: function safeNumber(
     228:   value: number | null | undefined,
>>   229:   fallback = 0,
     230: ): number {
     231:   return typeof value === ""number"" && Number.isFinite(value)
     232:     ? value"
"knexwriter\src\modules\Knexread\native-pdf-reader\knex-pdf-engine\cache\PageBitmapCache.ts","C:\knexit-workspace\knexit-workspace\knexwriter\src\modules\Knexread\native-pdf-reader\knex-pdf-engine\cache\PageBitmapCache.ts","233","fallback","fallback","     230: ): number {
     231:   return typeof value === ""number"" && Number.isFinite(value)
     232:     ? value
>>   233:     : fallback;
     234: }
     235: 
     236: function normalizeNumber(value: number, precision = 4): string {"
"knexwriter\src\modules\Knexread\native-pdf-reader\knex-pdf-engine\cache\PageBitmapCache.ts","C:\knexit-workspace\knexit-workspace\knexwriter\src\modules\Knexread\native-pdf-reader\knex-pdf-engine\cache\PageBitmapCache.ts","241","fallback","fallback","     238:   return String(Math.round(safeNumber(value, 0) * factor) / factor);
     239: }
     240: 
>>   241: function normalizePositiveInteger(value: number, fallback = 1): number {
     242:   return Math.max(1, Math.round(safeNumber(value, fallback)));
     243: }
     244: "
"knexwriter\src\modules\Knexread\native-pdf-reader\knex-pdf-engine\cache\PageBitmapCache.ts","C:\knexit-workspace\knexit-workspace\knexwriter\src\modules\Knexread\native-pdf-reader\knex-pdf-engine\cache\PageBitmapCache.ts","242","fallback","fallback","     239: }
     240: 
     241: function normalizePositiveInteger(value: number, fallback = 1): number {
>>   242:   return Math.max(1, Math.round(safeNumber(value, fallback)));
     243: }
     244: 
     245: function normalizePageNumber(pageNumber: number): number {"
"knexwriter\src\modules\Knexread\native-pdf-reader\knex-pdf-engine\cache\PageBitmapCache.ts","C:\knexit-workspace\knexit-workspace\knexwriter\src\modules\Knexread\native-pdf-reader\knex-pdf-engine\cache\PageBitmapCache.ts","335","fallback","fallback","     332: function getNumberPart(
     333:   key: string,
     334:   name: string,
>>   335:   fallback = 0,
     336: ): number {
     337:   const raw = getStringPart(key, name);
     338:   if (!raw) return fallback;"
"knexwriter\src\modules\Knexread\native-pdf-reader\knex-pdf-engine\cache\PageBitmapCache.ts","C:\knexit-workspace\knexit-workspace\knexwriter\src\modules\Knexread\native-pdf-reader\knex-pdf-engine\cache\PageBitmapCache.ts","338","fallback","fallback","     335:   fallback = 0,
     336: ): number {
     337:   const raw = getStringPart(key, name);
>>   338:   if (!raw) return fallback;
     339: 
     340:   const parsed = Number.parseFloat(raw);
     341: "
"knexwriter\src\modules\Knexread\native-pdf-reader\knex-pdf-engine\cache\PageBitmapCache.ts","C:\knexit-workspace\knexit-workspace\knexwriter\src\modules\Knexread\native-pdf-reader\knex-pdf-engine\cache\PageBitmapCache.ts","342","fallback","fallback","     339: 
     340:   const parsed = Number.parseFloat(raw);
     341: 
>>   342:   return Number.isFinite(parsed) ? parsed : fallback;
     343: }
     344: 
     345: function getDimensionPart("
"knexwriter\src\modules\Knexread\native-pdf-reader\knex-pdf-engine\cache\PageBitmapCache.ts","C:\knexit-workspace\knexit-workspace\knexwriter\src\modules\Knexread\native-pdf-reader\knex-pdf-engine\cache\PageBitmapCache.ts","405","outputScale","outputScale","     402:     zoomBucket: getNumberPart(key, ""zb"", getNumberPart(key, ""rs"", 1)),
     403:     devicePixelRatio: getNumberPart(key, ""dpr"", 1),
     404:     renderMode: normalizeRenderMode(getStringPart(key, ""mode"")),
>>   405:     outputScale: getNumberPart(key, ""os"", 1),
     406:     cssWidth: css.width,
     407:     cssHeight: css.height,
     408:     width: bmp.width,"
"knexwriter\src\modules\Knexread\native-pdf-reader\knex-pdf-engine\cache\PageBitmapCache.ts","C:\knexit-workspace\knexit-workspace\knexwriter\src\modules\Knexread\native-pdf-reader\knex-pdf-engine\cache\PageBitmapCache.ts","421","renderVersion","renderVersion","     418:     renderPhase,
     419:     renderPhaseRank: getRenderPhaseRank(renderPhase),
     420:     rotation: getNumberPart(key, ""rot"", 0),
>>   421:     renderVersion: Math.floor(getNumberPart(key, ""rv"", 0)),
     422:     backendVersion: Math.floor(getNumberPart(key, ""bv"", 0)),
     423:   };
     424: }"
"knexwriter\src\modules\Knexread\native-pdf-reader\knex-pdf-engine\cache\PageBitmapCache.ts","C:\knexit-workspace\knexit-workspace\knexwriter\src\modules\Knexread\native-pdf-reader\knex-pdf-engine\cache\PageBitmapCache.ts","436","outputScale","outputScale","     433:  * - documento;
     434:  * - backend;
     435:  * - zoom/renderScale;
>>   436:  * - outputScale;
     437:  * - qualidade;
     438:  * - tamanho CSS;
     439:  * - tamanho real do bitmap;"
"knexwriter\src\modules\Knexread\native-pdf-reader\knex-pdf-engine\cache\PageBitmapCache.ts","C:\knexit-workspace\knexit-workspace\knexwriter\src\modules\Knexread\native-pdf-reader\knex-pdf-engine\cache\PageBitmapCache.ts","463","outputScale","outputScale","     460:     `zb=${normalizeNumber(input.zoomBucket ?? input.renderScale, 2)}`,
     461:     `dpr=${normalizeNumber(input.devicePixelRatio ?? 1, 2)}`,
     462:     `mode=${normalizeRenderMode(input.renderMode)}`,
>>   463:     `os=${normalizeNumber(input.outputScale, 4)}`,
     464:     `css=${normalizePositiveInteger(input.cssWidth)}x${normalizePositiveInteger(input.cssHeight)}`,
     465:     `bmp=${normalizePositiveInteger(input.width)}x${normalizePositiveInteger(input.height)}`,
     466:     `ratio=${normalizeNumber("
"knexwriter\src\modules\Knexread\native-pdf-reader\knex-pdf-engine\cache\PageBitmapCache.ts","C:\knexit-workspace\knexit-workspace\knexwriter\src\modules\Knexread\native-pdf-reader\knex-pdf-engine\cache\PageBitmapCache.ts","478","renderVersion","renderVersion","     475:     `q=${normalizeQuality(input.quality)}`,
     476:     `phase=${normalizeRenderPhase(input.renderPhase)}`,
     477:     `rot=${normalizeNumber(input.rotation ?? 0, 2)}`,
>>   478:     `rv=${input.renderVersion ?? 0}`,
     479:     `bv=${input.backendVersion ?? 0}`,
     480:   ].join(""|"");
     481: }"
"knexwriter\src\modules\Knexread\native-pdf-reader\knex-pdf-engine\cache\PageBitmapCache.ts","C:\knexit-workspace\knexit-workspace\knexwriter\src\modules\Knexread\native-pdf-reader\knex-pdf-engine\cache\PageBitmapCache.ts","505","outputScale","outputScale","     502:     zoomBucket: safeNumber(input.zoomBucket, safeNumber(input.renderScale, 1)),
     503:     devicePixelRatio: safeNumber(input.devicePixelRatio, 1),
     504:     renderMode: normalizeRenderMode(input.renderMode),
>>   505:     outputScale: safeNumber(input.outputScale, 1),
     506:     cssWidth,
     507:     cssHeight,
     508:     width,"
"knexwriter\src\modules\Knexread\native-pdf-reader\knex-pdf-engine\cache\PageBitmapCache.ts","C:\knexit-workspace\knexit-workspace\knexwriter\src\modules\Knexread\native-pdf-reader\knex-pdf-engine\cache\PageBitmapCache.ts","505","outputScale","outputScale","     502:     zoomBucket: safeNumber(input.zoomBucket, safeNumber(input.renderScale, 1)),
     503:     devicePixelRatio: safeNumber(input.devicePixelRatio, 1),
     504:     renderMode: normalizeRenderMode(input.renderMode),
>>   505:     outputScale: safeNumber(input.outputScale, 1),
     506:     cssWidth,
     507:     cssHeight,
     508:     width,"
"knexwriter\src\modules\Knexread\native-pdf-reader\knex-pdf-engine\cache\PageBitmapCache.ts","C:\knexit-workspace\knexit-workspace\knexwriter\src\modules\Knexread\native-pdf-reader\knex-pdf-engine\cache\PageBitmapCache.ts","521","renderVersion","renderVersion","     518:     renderPhase,
     519:     renderPhaseRank: getRenderPhaseRank(renderPhase),
     520:     rotation: safeNumber(input.rotation, 0),
>>   521:     renderVersion: Math.floor(safeNumber(input.renderVersion, 0)),
     522:     backendVersion: Math.floor(safeNumber(input.backendVersion, 0)),
     523:   };
     524: }"
"knexwriter\src\modules\Knexread\native-pdf-reader\knex-pdf-engine\cache\PageBitmapCache.ts","C:\knexit-workspace\knexit-workspace\knexwriter\src\modules\Knexread\native-pdf-reader\knex-pdf-engine\cache\PageBitmapCache.ts","521","renderVersion","renderVersion","     518:     renderPhase,
     519:     renderPhaseRank: getRenderPhaseRank(renderPhase),
     520:     rotation: safeNumber(input.rotation, 0),
>>   521:     renderVersion: Math.floor(safeNumber(input.renderVersion, 0)),
     522:     backendVersion: Math.floor(safeNumber(input.backendVersion, 0)),
     523:   };
     524: }"
"knexwriter\src\modules\Knexread\native-pdf-reader\knex-pdf-engine\cache\PageBitmapCache.ts","C:\knexit-workspace\knexit-workspace\knexwriter\src\modules\Knexread\native-pdf-reader\knex-pdf-engine\cache\PageBitmapCache.ts","561","backend.*=","backend !==","     558:   }
     559: 
     560:   if (
>>   561:     requirements.backend !== undefined &&
     562:     metadata.backend !== requirements.backend
     563:   ) {
     564:     return false;"
"knexwriter\src\modules\Knexread\native-pdf-reader\knex-pdf-engine\cache\PageBitmapCache.ts","C:\knexit-workspace\knexit-workspace\knexwriter\src\modules\Knexread\native-pdf-reader\knex-pdf-engine\cache\PageBitmapCache.ts","562","backend.*=","backend !==","     559: 
     560:   if (
     561:     requirements.backend !== undefined &&
>>   562:     metadata.backend !== requirements.backend
     563:   ) {
     564:     return false;
     565:   }"
"knexwriter\src\modules\Knexread\native-pdf-reader\knex-pdf-engine\cache\PageBitmapCache.ts","C:\knexit-workspace\knexit-workspace\knexwriter\src\modules\Knexread\native-pdf-reader\knex-pdf-engine\cache\PageBitmapCache.ts","635","outputScale","outputScale","     632:   }
     633: 
     634:   if (
>>   635:     requirements.outputScale !== undefined &&
     636:     !areNumbersClose(metadata.outputScale, requirements.outputScale, tolerance)
     637:   ) {
     638:     return false;"
"knexwriter\src\modules\Knexread\native-pdf-reader\knex-pdf-engine\cache\PageBitmapCache.ts","C:\knexit-workspace\knexit-workspace\knexwriter\src\modules\Knexread\native-pdf-reader\knex-pdf-engine\cache\PageBitmapCache.ts","636","outputScale","outputScale","     633: 
     634:   if (
     635:     requirements.outputScale !== undefined &&
>>   636:     !areNumbersClose(metadata.outputScale, requirements.outputScale, tolerance)
     637:   ) {
     638:     return false;
     639:   }"
"knexwriter\src\modules\Knexread\native-pdf-reader\knex-pdf-engine\cache\PageBitmapCache.ts","C:\knexit-workspace\knexit-workspace\knexwriter\src\modules\Knexread\native-pdf-reader\knex-pdf-engine\cache\PageBitmapCache.ts","636","outputScale","outputScale","     633: 
     634:   if (
     635:     requirements.outputScale !== undefined &&
>>   636:     !areNumbersClose(metadata.outputScale, requirements.outputScale, tolerance)
     637:   ) {
     638:     return false;
     639:   }"
"knexwriter\src\modules\Knexread\native-pdf-reader\knex-pdf-engine\cache\PageBitmapCache.ts","C:\knexit-workspace\knexit-workspace\knexwriter\src\modules\Knexread\native-pdf-reader\knex-pdf-engine\cache\PageBitmapCache.ts","677","renderVersion","renderVersion","     674:   }
     675: 
     676:   if (
>>   677:     requirements.renderVersion !== undefined &&
     678:     requirements.exactRenderVersion === true &&
     679:     metadata.renderVersion !== Math.floor(safeNumber(requirements.renderVersion, 0))
     680:   ) {"
"knexwriter\src\modules\Knexread\native-pdf-reader\knex-pdf-engine\cache\PageBitmapCache.ts","C:\knexit-workspace\knexit-workspace\knexwriter\src\modules\Knexread\native-pdf-reader\knex-pdf-engine\cache\PageBitmapCache.ts","678","renderVersion","RenderVersion","     675: 
     676:   if (
     677:     requirements.renderVersion !== undefined &&
>>   678:     requirements.exactRenderVersion === true &&
     679:     metadata.renderVersion !== Math.floor(safeNumber(requirements.renderVersion, 0))
     680:   ) {
     681:     return false;"
"knexwriter\src\modules\Knexread\native-pdf-reader\knex-pdf-engine\cache\PageBitmapCache.ts","C:\knexit-workspace\knexit-workspace\knexwriter\src\modules\Knexread\native-pdf-reader\knex-pdf-engine\cache\PageBitmapCache.ts","679","renderVersion","renderVersion","     676:   if (
     677:     requirements.renderVersion !== undefined &&
     678:     requirements.exactRenderVersion === true &&
>>   679:     metadata.renderVersion !== Math.floor(safeNumber(requirements.renderVersion, 0))
     680:   ) {
     681:     return false;
     682:   }"
"knexwriter\src\modules\Knexread\native-pdf-reader\knex-pdf-engine\cache\PageBitmapCache.ts","C:\knexit-workspace\knexit-workspace\knexwriter\src\modules\Knexread\native-pdf-reader\knex-pdf-engine\cache\PageBitmapCache.ts","679","renderVersion","renderVersion","     676:   if (
     677:     requirements.renderVersion !== undefined &&
     678:     requirements.exactRenderVersion === true &&
>>   679:     metadata.renderVersion !== Math.floor(safeNumber(requirements.renderVersion, 0))
     680:   ) {
     681:     return false;
     682:   }"
"knexwriter\src\modules\Knexread\native-pdf-reader\knex-pdf-engine\cache\PageBitmapCache.ts","C:\knexit-workspace\knexit-workspace\knexwriter\src\modules\Knexread\native-pdf-reader\knex-pdf-engine\cache\PageBitmapCache.ts","685","renderVersion","renderVersion","     682:   }
     683: 
     684:   if (
>>   685:     requirements.renderVersion !== undefined &&
     686:     requirements.exactRenderVersion !== true &&
     687:     metadata.renderVersion < Math.floor(safeNumber(requirements.renderVersion, 0))
     688:   ) {"
"knexwriter\src\modules\Knexread\native-pdf-reader\knex-pdf-engine\cache\PageBitmapCache.ts","C:\knexit-workspace\knexit-workspace\knexwriter\src\modules\Knexread\native-pdf-reader\knex-pdf-engine\cache\PageBitmapCache.ts","686","renderVersion","RenderVersion","     683: 
     684:   if (
     685:     requirements.renderVersion !== undefined &&
>>   686:     requirements.exactRenderVersion !== true &&
     687:     metadata.renderVersion < Math.floor(safeNumber(requirements.renderVersion, 0))
     688:   ) {
     689:     return false;"
"knexwriter\src\modules\Knexread\native-pdf-reader\knex-pdf-engine\cache\PageBitmapCache.ts","C:\knexit-workspace\knexit-workspace\knexwriter\src\modules\Knexread\native-pdf-reader\knex-pdf-engine\cache\PageBitmapCache.ts","687","renderVersion","renderVersion","     684:   if (
     685:     requirements.renderVersion !== undefined &&
     686:     requirements.exactRenderVersion !== true &&
>>   687:     metadata.renderVersion < Math.floor(safeNumber(requirements.renderVersion, 0))
     688:   ) {
     689:     return false;
     690:   }"
"knexwriter\src\modules\Knexread\native-pdf-reader\knex-pdf-engine\cache\PageBitmapCache.ts","C:\knexit-workspace\knexit-workspace\knexwriter\src\modules\Knexread\native-pdf-reader\knex-pdf-engine\cache\PageBitmapCache.ts","687","renderVersion","renderVersion","     684:   if (
     685:     requirements.renderVersion !== undefined &&
     686:     requirements.exactRenderVersion !== true &&
>>   687:     metadata.renderVersion < Math.floor(safeNumber(requirements.renderVersion, 0))
     688:   ) {
     689:     return false;
     690:   }"
"knexwriter\src\modules\Knexread\native-pdf-reader\knex-pdf-engine\cache\PageBitmapCache.ts","C:\knexit-workspace\knexit-workspace\knexwriter\src\modules\Knexread\native-pdf-reader\knex-pdf-engine\cache\PageBitmapCache.ts","693","backend.*=","backendVersion !==","     690:   }
     691: 
     692:   if (
>>   693:     requirements.backendVersion !== undefined &&
     694:     requirements.exactBackendVersion === true &&
     695:     metadata.backendVersion !== Math.floor(safeNumber(requirements.backendVersion, 0))
     696:   ) {"
"knexwriter\src\modules\Knexread\native-pdf-reader\knex-pdf-engine\cache\PageBitmapCache.ts","C:\knexit-workspace\knexit-workspace\knexwriter\src\modules\Knexread\native-pdf-reader\knex-pdf-engine\cache\PageBitmapCache.ts","694","backend.*=","BackendVersion ===","     691: 
     692:   if (
     693:     requirements.backendVersion !== undefined &&
>>   694:     requirements.exactBackendVersion === true &&
     695:     metadata.backendVersion !== Math.floor(safeNumber(requirements.backendVersion, 0))
     696:   ) {
     697:     return false;"
"knexwriter\src\modules\Knexread\native-pdf-reader\knex-pdf-engine\cache\PageBitmapCache.ts","C:\knexit-workspace\knexit-workspace\knexwriter\src\modules\Knexread\native-pdf-reader\knex-pdf-engine\cache\PageBitmapCache.ts","695","backend.*=","backendVersion !==","     692:   if (
     693:     requirements.backendVersion !== undefined &&
     694:     requirements.exactBackendVersion === true &&
>>   695:     metadata.backendVersion !== Math.floor(safeNumber(requirements.backendVersion, 0))
     696:   ) {
     697:     return false;
     698:   }"
"knexwriter\src\modules\Knexread\native-pdf-reader\knex-pdf-engine\cache\PageBitmapCache.ts","C:\knexit-workspace\knexit-workspace\knexwriter\src\modules\Knexread\native-pdf-reader\knex-pdf-engine\cache\PageBitmapCache.ts","701","backend.*=","backendVersion !==","     698:   }
     699: 
     700:   if (
>>   701:     requirements.backendVersion !== undefined &&
     702:     requirements.exactBackendVersion !== true &&
     703:     metadata.backendVersion < Math.floor(safeNumber(requirements.backendVersion, 0))
     704:   ) {"
"knexwriter\src\modules\Knexread\native-pdf-reader\knex-pdf-engine\cache\PageBitmapCache.ts","C:\knexit-workspace\knexit-workspace\knexwriter\src\modules\Knexread\native-pdf-reader\knex-pdf-engine\cache\PageBitmapCache.ts","702","backend.*=","BackendVersion !==","     699: 
     700:   if (
     701:     requirements.backendVersion !== undefined &&
>>   702:     requirements.exactBackendVersion !== true &&
     703:     metadata.backendVersion < Math.floor(safeNumber(requirements.backendVersion, 0))
     704:   ) {
     705:     return false;"
"knexwriter\src\modules\Knexread\native-pdf-reader\knex-pdf-engine\cache\PageBitmapCache.ts","C:\knexit-workspace\knexit-workspace\knexwriter\src\modules\Knexread\native-pdf-reader\knex-pdf-engine\cache\PageBitmapCache.ts","739","outputScale","OutputScale","     736:   }
     737: 
     738:   if (
>>   739:     requirements.minOutputScale !== undefined &&
     740:     metadata.outputScale + tolerance < requirements.minOutputScale
     741:   ) {
     742:     return false;"
"knexwriter\src\modules\Knexread\native-pdf-reader\knex-pdf-engine\cache\PageBitmapCache.ts","C:\knexit-workspace\knexit-workspace\knexwriter\src\modules\Knexread\native-pdf-reader\knex-pdf-engine\cache\PageBitmapCache.ts","740","outputScale","outputScale","     737: 
     738:   if (
     739:     requirements.minOutputScale !== undefined &&
>>   740:     metadata.outputScale + tolerance < requirements.minOutputScale
     741:   ) {
     742:     return false;
     743:   }"
"knexwriter\src\modules\Knexread\native-pdf-reader\knex-pdf-engine\cache\PageBitmapCache.ts","C:\knexit-workspace\knexit-workspace\knexwriter\src\modules\Knexread\native-pdf-reader\knex-pdf-engine\cache\PageBitmapCache.ts","740","outputScale","OutputScale","     737: 
     738:   if (
     739:     requirements.minOutputScale !== undefined &&
>>   740:     metadata.outputScale + tolerance < requirements.minOutputScale
     741:   ) {
     742:     return false;
     743:   }"
"knexwriter\src\modules\Knexread\native-pdf-reader\knex-pdf-engine\cache\PageBitmapCache.ts","C:\knexit-workspace\knexit-workspace\knexwriter\src\modules\Knexread\native-pdf-reader\knex-pdf-engine\cache\PageBitmapCache.ts","774","outputScale","outputScale","     771:     return ratioDiff;
     772:   }
     773: 
>>   774:   const outputScaleDiff = a.outputScale - b.outputScale;
     775:   if (Math.abs(outputScaleDiff) > DEFAULT_NUMERIC_TOLERANCE) {
     776:     return outputScaleDiff;
     777:   }"
"knexwriter\src\modules\Knexread\native-pdf-reader\knex-pdf-engine\cache\PageBitmapCache.ts","C:\knexit-workspace\knexit-workspace\knexwriter\src\modules\Knexread\native-pdf-reader\knex-pdf-engine\cache\PageBitmapCache.ts","774","outputScale","outputScale","     771:     return ratioDiff;
     772:   }
     773: 
>>   774:   const outputScaleDiff = a.outputScale - b.outputScale;
     775:   if (Math.abs(outputScaleDiff) > DEFAULT_NUMERIC_TOLERANCE) {
     776:     return outputScaleDiff;
     777:   }"
"knexwriter\src\modules\Knexread\native-pdf-reader\knex-pdf-engine\cache\PageBitmapCache.ts","C:\knexit-workspace\knexit-workspace\knexwriter\src\modules\Knexread\native-pdf-reader\knex-pdf-engine\cache\PageBitmapCache.ts","779","renderVersion","renderVersion","     776:     return outputScaleDiff;
     777:   }
     778: 
>>   779:   const renderVersionDiff = a.renderVersion - b.renderVersion;
     780:   if (renderVersionDiff !== 0) return renderVersionDiff;
     781: 
     782:   const backendVersionDiff = a.backendVersion - b.backendVersion;"
"knexwriter\src\modules\Knexread\native-pdf-reader\knex-pdf-engine\cache\PageBitmapCache.ts","C:\knexit-workspace\knexit-workspace\knexwriter\src\modules\Knexread\native-pdf-reader\knex-pdf-engine\cache\PageBitmapCache.ts","779","renderVersion","renderVersion","     776:     return outputScaleDiff;
     777:   }
     778: 
>>   779:   const renderVersionDiff = a.renderVersion - b.renderVersion;
     780:   if (renderVersionDiff !== 0) return renderVersionDiff;
     781: 
     782:   const backendVersionDiff = a.backendVersion - b.backendVersion;"
"knexwriter\src\modules\Knexread\native-pdf-reader\knex-pdf-engine\cache\PageBitmapCache.ts","C:\knexit-workspace\knexit-workspace\knexwriter\src\modules\Knexread\native-pdf-reader\knex-pdf-engine\cache\PageBitmapCache.ts","779","renderVersion","renderVersion","     776:     return outputScaleDiff;
     777:   }
     778: 
>>   779:   const renderVersionDiff = a.renderVersion - b.renderVersion;
     780:   if (renderVersionDiff !== 0) return renderVersionDiff;
     781: 
     782:   const backendVersionDiff = a.backendVersion - b.backendVersion;"
"knexwriter\src\modules\Knexread\native-pdf-reader\knex-pdf-engine\cache\PageBitmapCache.ts","C:\knexit-workspace\knexit-workspace\knexwriter\src\modules\Knexread\native-pdf-reader\knex-pdf-engine\cache\PageBitmapCache.ts","782","backend.*=","backendVersionDiff =","     779:   const renderVersionDiff = a.renderVersion - b.renderVersion;
     780:   if (renderVersionDiff !== 0) return renderVersionDiff;
     781: 
>>   782:   const backendVersionDiff = a.backendVersion - b.backendVersion;
     783:   if (backendVersionDiff !== 0) return backendVersionDiff;
     784: 
     785:   return 0;"
"knexwriter\src\modules\Knexread\native-pdf-reader\knex-pdf-engine\cache\PageBitmapCache.ts","C:\knexit-workspace\knexit-workspace\knexwriter\src\modules\Knexread\native-pdf-reader\knex-pdf-engine\cache\PageBitmapCache.ts","783","backend.*=","backendVersionDiff !==","     780:   if (renderVersionDiff !== 0) return renderVersionDiff;
     781: 
     782:   const backendVersionDiff = a.backendVersion - b.backendVersion;
>>   783:   if (backendVersionDiff !== 0) return backendVersionDiff;
     784: 
     785:   return 0;
     786: }"
"knexwriter\src\modules\Knexread\native-pdf-reader\knex-pdf-engine\cache\PageBitmapCache.ts","C:\knexit-workspace\knexit-workspace\knexwriter\src\modules\Knexread\native-pdf-reader\knex-pdf-engine\cache\PageBitmapCache.ts","1192","backend.*=","backend ===","    1189: 
    1190:       if (!metadata) return false;
    1191: 
>>  1192:       return metadata.backend === backend;
    1193:     });
    1194:   }
    1195: "
"knexwriter\src\modules\Knexread\native-pdf-reader\knex-pdf-engine\core\engineConfig.ts","C:\knexit-workspace\knexit-workspace\knexwriter\src\modules\Knexread\native-pdf-reader\knex-pdf-engine\core\engineConfig.ts","3","PDF_ENGINE","PDF_ENGINE","       1: import type { KnexPdfRenderQuality } from ""./engineTypes"";
       2: 
>>     3: export const KNEX_PDF_ENGINE_NAME = ""KnexPDF Engine"";
       4: 
       5: export const KNEX_PDF_MIN_ZOOM = 0.1;
       6: export const KNEX_PDF_MAX_ZOOM = 80;"
"knexwriter\src\modules\Knexread\native-pdf-reader\knex-pdf-engine\core\engineConfig.ts","C:\knexit-workspace\knexit-workspace\knexwriter\src\modules\Knexread\native-pdf-reader\knex-pdf-engine\core\engineConfig.ts","3","engine.*=","ENGINE_NAME =","       1: import type { KnexPdfRenderQuality } from ""./engineTypes"";
       2: 
>>     3: export const KNEX_PDF_ENGINE_NAME = ""KnexPDF Engine"";
       4: 
       5: export const KNEX_PDF_MIN_ZOOM = 0.1;
       6: export const KNEX_PDF_MAX_ZOOM = 80;"
"knexwriter\src\modules\Knexread\native-pdf-reader\knex-pdf-engine\core\engineErrors.ts","C:\knexit-workspace\knexit-workspace\knexwriter\src\modules\Knexread\native-pdf-reader\knex-pdf-engine\core\engineErrors.ts","1","pdfEngine","PdfEngine",">>     1: export class KnexPdfEngineError extends Error {
       2:   constructor(
       3:     message: string,
       4:     readonly code: string,"
"knexwriter\src\modules\Knexread\native-pdf-reader\knex-pdf-engine\core\engineErrors.ts","C:\knexit-workspace\knexit-workspace\knexwriter\src\modules\Knexread\native-pdf-reader\knex-pdf-engine\core\engineErrors.ts","8","pdfEngine","PdfEngine","       5:     readonly cause?: unknown,
       6:   ) {
       7:     super(message);
>>     8:     this.name = ""KnexPdfEngineError"";
       9:   }
      10: }
      11: "
"knexwriter\src\modules\Knexread\native-pdf-reader\knex-pdf-engine\core\engineEvents.ts","C:\knexit-workspace\knexit-workspace\knexwriter\src\modules\Knexread\native-pdf-reader\knex-pdf-engine\core\engineEvents.ts","8","engine.*=","EngineEvent =","       5: } from ""./engineTypes"";
       6: import type { KnexPdfBackendSelectionMode } from ""./engineState"";
       7: 
>>     8: export type KnexPdfEngineEvent =
       9:   | {
      10:       type: ""document-loaded"";
      11:       pageCount: number;"
"knexwriter\src\modules\Knexread\native-pdf-reader\knex-pdf-engine\core\engineEvents.ts","C:\knexit-workspace\knexit-workspace\knexwriter\src\modules\Knexread\native-pdf-reader\knex-pdf-engine\core\engineEvents.ts","8","pdfEngine","PdfEngine","       5: } from ""./engineTypes"";
       6: import type { KnexPdfBackendSelectionMode } from ""./engineState"";
       7: 
>>     8: export type KnexPdfEngineEvent =
       9:   | {
      10:       type: ""document-loaded"";
      11:       pageCount: number;"
"knexwriter\src\modules\Knexread\native-pdf-reader\knex-pdf-engine\core\engineEvents.ts","C:\knexit-workspace\knexit-workspace\knexwriter\src\modules\Knexread\native-pdf-reader\knex-pdf-engine\core\engineEvents.ts","16","renderVersion","renderVersion","      13:   | {
      14:       type: ""page-render-scheduled"";
      15:       pageNumber: number;
>>    16:       renderVersion: number;
      17:     }
      18:   | {
      19:       type: ""page-rendered"";"
"knexwriter\src\modules\Knexread\native-pdf-reader\knex-pdf-engine\core\engineEvents.ts","C:\knexit-workspace\knexit-workspace\knexwriter\src\modules\Knexread\native-pdf-reader\knex-pdf-engine\core\engineEvents.ts","21","renderVersion","renderVersion","      18:   | {
      19:       type: ""page-rendered"";
      20:       pageNumber: number;
>>    21:       renderVersion: number;
      22:     }
      23:   | {
      24:       type: ""zoom-changed"";"
"knexwriter\src\modules\Knexread\native-pdf-reader\knex-pdf-engine\core\engineEvents.ts","C:\knexit-workspace\knexit-workspace\knexwriter\src\modules\Knexread\native-pdf-reader\knex-pdf-engine\core\engineEvents.ts","38","preferred.*Backend","preferredBackend: KnexPdfBackend","      35:     }
      36:   | {
      37:       type: ""backend-changed"";
>>    38:       preferredBackend: KnexPdfBackendSelectionMode;
      39:       activeBackend: KnexPdfBackendId;
      40:       previousBackend?: KnexPdfBackendId;
      41:       renderVersion: number;"
"knexwriter\src\modules\Knexread\native-pdf-reader\knex-pdf-engine\core\engineEvents.ts","C:\knexit-workspace\knexit-workspace\knexwriter\src\modules\Knexread\native-pdf-reader\knex-pdf-engine\core\engineEvents.ts","39","active.*Backend","activeBackend: KnexPdfBackend","      36:   | {
      37:       type: ""backend-changed"";
      38:       preferredBackend: KnexPdfBackendSelectionMode;
>>    39:       activeBackend: KnexPdfBackendId;
      40:       previousBackend?: KnexPdfBackendId;
      41:       renderVersion: number;
      42:     }"
"knexwriter\src\modules\Knexread\native-pdf-reader\knex-pdf-engine\core\engineEvents.ts","C:\knexit-workspace\knexit-workspace\knexwriter\src\modules\Knexread\native-pdf-reader\knex-pdf-engine\core\engineEvents.ts","41","renderVersion","renderVersion","      38:       preferredBackend: KnexPdfBackendSelectionMode;
      39:       activeBackend: KnexPdfBackendId;
      40:       previousBackend?: KnexPdfBackendId;
>>    41:       renderVersion: number;
      42:     }
      43:   | {
      44:       type: ""backend-fallback"";"
"knexwriter\src\modules\Knexread\native-pdf-reader\knex-pdf-engine\core\engineEvents.ts","C:\knexit-workspace\knexit-workspace\knexwriter\src\modules\Knexread\native-pdf-reader\knex-pdf-engine\core\engineEvents.ts","44","fallback","fallback","      41:       renderVersion: number;
      42:     }
      43:   | {
>>    44:       type: ""backend-fallback"";
      45:       requestedBackend: KnexPdfBackendSelectionMode;
      46:       failedBackend: KnexPdfBackendId | string;
      47:       fallbackBackend: KnexPdfBackendId;"
"knexwriter\src\modules\Knexread\native-pdf-reader\knex-pdf-engine\core\engineEvents.ts","C:\knexit-workspace\knexit-workspace\knexwriter\src\modules\Knexread\native-pdf-reader\knex-pdf-engine\core\engineEvents.ts","47","fallback","fallback","      44:       type: ""backend-fallback"";
      45:       requestedBackend: KnexPdfBackendSelectionMode;
      46:       failedBackend: KnexPdfBackendId | string;
>>    47:       fallbackBackend: KnexPdfBackendId;
      48:       reason: string;
      49:       renderVersion: number;
      50:     }"
"knexwriter\src\modules\Knexread\native-pdf-reader\knex-pdf-engine\core\engineEvents.ts","C:\knexit-workspace\knexit-workspace\knexwriter\src\modules\Knexread\native-pdf-reader\knex-pdf-engine\core\engineEvents.ts","49","renderVersion","renderVersion","      46:       failedBackend: KnexPdfBackendId | string;
      47:       fallbackBackend: KnexPdfBackendId;
      48:       reason: string;
>>    49:       renderVersion: number;
      50:     }
      51:   | {
      52:       type: ""backend-error"";"
"knexwriter\src\modules\Knexread\native-pdf-reader\knex-pdf-engine\core\engineEvents.ts","C:\knexit-workspace\knexit-workspace\knexwriter\src\modules\Knexread\native-pdf-reader\knex-pdf-engine\core\engineEvents.ts","56","renderVersion","renderVersion","      53:       backend: KnexPdfBackendId | string;
      54:       reason: string;
      55:       error?: unknown;
>>    56:       renderVersion: number;
      57:     };
      58: 
      59: export type KnexPdfEngineEventListener = ("
"knexwriter\src\modules\Knexread\native-pdf-reader\knex-pdf-engine\core\engineEvents.ts","C:\knexit-workspace\knexit-workspace\knexwriter\src\modules\Knexread\native-pdf-reader\knex-pdf-engine\core\engineEvents.ts","59","pdfEngine","PdfEngine","      56:       renderVersion: number;
      57:     };
      58: 
>>    59: export type KnexPdfEngineEventListener = (
      60:   event: KnexPdfEngineEvent,
      61: ) => void;"
"knexwriter\src\modules\Knexread\native-pdf-reader\knex-pdf-engine\core\engineEvents.ts","C:\knexit-workspace\knexit-workspace\knexwriter\src\modules\Knexread\native-pdf-reader\knex-pdf-engine\core\engineEvents.ts","59","engine.*=","EngineEventListener =","      56:       renderVersion: number;
      57:     };
      58: 
>>    59: export type KnexPdfEngineEventListener = (
      60:   event: KnexPdfEngineEvent,
      61: ) => void;"
"knexwriter\src\modules\Knexread\native-pdf-reader\knex-pdf-engine\core\engineEvents.ts","C:\knexit-workspace\knexit-workspace\knexwriter\src\modules\Knexread\native-pdf-reader\knex-pdf-engine\core\engineEvents.ts","60","pdfEngine","PdfEngine","      57:     };
      58: 
      59: export type KnexPdfEngineEventListener = (
>>    60:   event: KnexPdfEngineEvent,
      61: ) => void;"
"knexwriter\src\modules\Knexread\native-pdf-reader\knex-pdf-engine\core\engineLogger.ts","C:\knexit-workspace\knexit-workspace\knexwriter\src\modules\Knexread\native-pdf-reader\knex-pdf-engine\core\engineLogger.ts","1","engine.*=","EngineLogLevel =",">>     1: export type KnexPdfEngineLogLevel = ""debug"" | ""info"" | ""warn"" | ""error"";
       2: 
       3: export type KnexPdfEngineLogger = {
       4:   log: (level: KnexPdfEngineLogLevel, message: string, context?: unknown) => void;"
"knexwriter\src\modules\Knexread\native-pdf-reader\knex-pdf-engine\core\engineLogger.ts","C:\knexit-workspace\knexit-workspace\knexwriter\src\modules\Knexread\native-pdf-reader\knex-pdf-engine\core\engineLogger.ts","1","pdfEngine","PdfEngine",">>     1: export type KnexPdfEngineLogLevel = ""debug"" | ""info"" | ""warn"" | ""error"";
       2: 
       3: export type KnexPdfEngineLogger = {
       4:   log: (level: KnexPdfEngineLogLevel, message: string, context?: unknown) => void;"
"knexwriter\src\modules\Knexread\native-pdf-reader\knex-pdf-engine\core\engineLogger.ts","C:\knexit-workspace\knexit-workspace\knexwriter\src\modules\Knexread\native-pdf-reader\knex-pdf-engine\core\engineLogger.ts","3","engine.*=","EngineLogger =","       1: export type KnexPdfEngineLogLevel = ""debug"" | ""info"" | ""warn"" | ""error"";
       2: 
>>     3: export type KnexPdfEngineLogger = {
       4:   log: (level: KnexPdfEngineLogLevel, message: string, context?: unknown) => void;
       5: };
       6: "
"knexwriter\src\modules\Knexread\native-pdf-reader\knex-pdf-engine\core\engineLogger.ts","C:\knexit-workspace\knexit-workspace\knexwriter\src\modules\Knexread\native-pdf-reader\knex-pdf-engine\core\engineLogger.ts","3","pdfEngine","PdfEngine","       1: export type KnexPdfEngineLogLevel = ""debug"" | ""info"" | ""warn"" | ""error"";
       2: 
>>     3: export type KnexPdfEngineLogger = {
       4:   log: (level: KnexPdfEngineLogLevel, message: string, context?: unknown) => void;
       5: };
       6: "
"knexwriter\src\modules\Knexread\native-pdf-reader\knex-pdf-engine\core\engineLogger.ts","C:\knexit-workspace\knexit-workspace\knexwriter\src\modules\Knexread\native-pdf-reader\knex-pdf-engine\core\engineLogger.ts","4","pdfEngine","PdfEngine","       1: export type KnexPdfEngineLogLevel = ""debug"" | ""info"" | ""warn"" | ""error"";
       2: 
       3: export type KnexPdfEngineLogger = {
>>     4:   log: (level: KnexPdfEngineLogLevel, message: string, context?: unknown) => void;
       5: };
       6: 
       7: export const silentKnexPdfLogger: KnexPdfEngineLogger = {"
"knexwriter\src\modules\Knexread\native-pdf-reader\knex-pdf-engine\core\engineLogger.ts","C:\knexit-workspace\knexit-workspace\knexwriter\src\modules\Knexread\native-pdf-reader\knex-pdf-engine\core\engineLogger.ts","4","engine.*=","EngineLogLevel, message: string, context?: unknown) =","       1: export type KnexPdfEngineLogLevel = ""debug"" | ""info"" | ""warn"" | ""error"";
       2: 
       3: export type KnexPdfEngineLogger = {
>>     4:   log: (level: KnexPdfEngineLogLevel, message: string, context?: unknown) => void;
       5: };
       6: 
       7: export const silentKnexPdfLogger: KnexPdfEngineLogger = {"
"knexwriter\src\modules\Knexread\native-pdf-reader\knex-pdf-engine\core\engineLogger.ts","C:\knexit-workspace\knexit-workspace\knexwriter\src\modules\Knexread\native-pdf-reader\knex-pdf-engine\core\engineLogger.ts","7","pdfEngine","PdfEngine","       4:   log: (level: KnexPdfEngineLogLevel, message: string, context?: unknown) => void;
       5: };
       6: 
>>     7: export const silentKnexPdfLogger: KnexPdfEngineLogger = {
       8:   log: () => {},
       9: };
      10: "
"knexwriter\src\modules\Knexread\native-pdf-reader\knex-pdf-engine\core\engineLogger.ts","C:\knexit-workspace\knexit-workspace\knexwriter\src\modules\Knexread\native-pdf-reader\knex-pdf-engine\core\engineLogger.ts","7","engine.*=","EngineLogger =","       4:   log: (level: KnexPdfEngineLogLevel, message: string, context?: unknown) => void;
       5: };
       6: 
>>     7: export const silentKnexPdfLogger: KnexPdfEngineLogger = {
       8:   log: () => {},
       9: };
      10: "
"knexwriter\src\modules\Knexread\native-pdf-reader\knex-pdf-engine\core\engineLogger.ts","C:\knexit-workspace\knexit-workspace\knexwriter\src\modules\Knexread\native-pdf-reader\knex-pdf-engine\core\engineLogger.ts","11","engine.*=","EngineLogger =","       8:   log: () => {},
       9: };
      10: 
>>    11: export const consoleKnexPdfLogger: KnexPdfEngineLogger = {
      12:   log(level, message, context) {
      13:     if (process.env.NODE_ENV === ""production"" && level === ""debug"") return;
      14:     const payload = context === undefined ? [message] : [message, context];"
"knexwriter\src\modules\Knexread\native-pdf-reader\knex-pdf-engine\core\engineLogger.ts","C:\knexit-workspace\knexit-workspace\knexwriter\src\modules\Knexread\native-pdf-reader\knex-pdf-engine\core\engineLogger.ts","11","pdfEngine","PdfEngine","       8:   log: () => {},
       9: };
      10: 
>>    11: export const consoleKnexPdfLogger: KnexPdfEngineLogger = {
      12:   log(level, message, context) {
      13:     if (process.env.NODE_ENV === ""production"" && level === ""debug"") return;
      14:     const payload = context === undefined ? [message] : [message, context];"
"knexwriter\src\modules\Knexread\native-pdf-reader\knex-pdf-engine\core\engineState.ts","C:\knexit-workspace\knexit-workspace\knexwriter\src\modules\Knexread\native-pdf-reader\knex-pdf-engine\core\engineState.ts","16","select.*Backend","SelectionMode = KnexPdfBackend","      13:  * - ""mupdf"": força MuPDF, quando disponível.
      14:  * - ""auto"": deixa o engine escolher o melhor backend disponível.
      15:  */
>>    16: export type KnexPdfBackendSelectionMode = KnexPdfBackendId | ""auto"";
      17: 
      18: export type KnexPdfBackendRuntimeState = {
      19:   /**"
"knexwriter\src\modules\Knexread\native-pdf-reader\knex-pdf-engine\core\engineState.ts","C:\knexit-workspace\knexit-workspace\knexwriter\src\modules\Knexread\native-pdf-reader\knex-pdf-engine\core\engineState.ts","16","backend.*=","BackendSelectionMode =","      13:  * - ""mupdf"": força MuPDF, quando disponível.
      14:  * - ""auto"": deixa o engine escolher o melhor backend disponível.
      15:  */
>>    16: export type KnexPdfBackendSelectionMode = KnexPdfBackendId | ""auto"";
      17: 
      18: export type KnexPdfBackendRuntimeState = {
      19:   /**"
"knexwriter\src\modules\Knexread\native-pdf-reader\knex-pdf-engine\core\engineState.ts","C:\knexit-workspace\knexit-workspace\knexwriter\src\modules\Knexread\native-pdf-reader\knex-pdf-engine\core\engineState.ts","18","runtime.*=","RuntimeState =","      15:  */
      16: export type KnexPdfBackendSelectionMode = KnexPdfBackendId | ""auto"";
      17: 
>>    18: export type KnexPdfBackendRuntimeState = {
      19:   /**
      20:    * Backend solicitado pelo usuário/configuração.
      21:    */"
"knexwriter\src\modules\Knexread\native-pdf-reader\knex-pdf-engine\core\engineState.ts","C:\knexit-workspace\knexit-workspace\knexwriter\src\modules\Knexread\native-pdf-reader\knex-pdf-engine\core\engineState.ts","18","backend.*=","BackendRuntimeState =","      15:  */
      16: export type KnexPdfBackendSelectionMode = KnexPdfBackendId | ""auto"";
      17: 
>>    18: export type KnexPdfBackendRuntimeState = {
      19:   /**
      20:    * Backend solicitado pelo usuário/configuração.
      21:    */"
"knexwriter\src\modules\Knexread\native-pdf-reader\knex-pdf-engine\core\engineState.ts","C:\knexit-workspace\knexit-workspace\knexwriter\src\modules\Knexread\native-pdf-reader\knex-pdf-engine\core\engineState.ts","22","preferred.*Backend","preferredBackend: KnexPdfBackend","      19:   /**
      20:    * Backend solicitado pelo usuário/configuração.
      21:    */
>>    22:   preferredBackend: KnexPdfBackendSelectionMode;
      23: 
      24:   /**
      25:    * Backend efetivamente em uso."
"knexwriter\src\modules\Knexread\native-pdf-reader\knex-pdf-engine\core\engineState.ts","C:\knexit-workspace\knexit-workspace\knexwriter\src\modules\Knexread\native-pdf-reader\knex-pdf-engine\core\engineState.ts","27","fallback","fallback","      24:   /**
      25:    * Backend efetivamente em uso.
      26:    *
>>    27:    * No modo auto, pode ser ""pdfium"" quando disponível ou ""pdfjs"" como fallback.
      28:    */
      29:   activeBackend: KnexPdfBackendId;
      30: "
"knexwriter\src\modules\Knexread\native-pdf-reader\knex-pdf-engine\core\engineState.ts","C:\knexit-workspace\knexit-workspace\knexwriter\src\modules\Knexread\native-pdf-reader\knex-pdf-engine\core\engineState.ts","29","active.*Backend","activeBackend: KnexPdfBackend","      26:    *
      27:    * No modo auto, pode ser ""pdfium"" quando disponível ou ""pdfjs"" como fallback.
      28:    */
>>    29:   activeBackend: KnexPdfBackendId;
      30: 
      31:   /**
      32:    * Campo antigo mantido por compatibilidade."
"knexwriter\src\modules\Knexread\native-pdf-reader\knex-pdf-engine\core\engineState.ts","C:\knexit-workspace\knexit-workspace\knexwriter\src\modules\Knexread\native-pdf-reader\knex-pdf-engine\core\engineState.ts","34","active.*Backend","activeBackend","      31:   /**
      32:    * Campo antigo mantido por compatibilidade.
      33:    *
>>    34:    * Deve sempre refletir o mesmo valor de activeBackend.
      35:    * Remover apenas depois que todo o código tiver migrado para activeBackend.
      36:    */
      37:   backend: KnexPdfBackendId;"
"knexwriter\src\modules\Knexread\native-pdf-reader\knex-pdf-engine\core\engineState.ts","C:\knexit-workspace\knexit-workspace\knexwriter\src\modules\Knexread\native-pdf-reader\knex-pdf-engine\core\engineState.ts","35","active.*Backend","activeBackend","      32:    * Campo antigo mantido por compatibilidade.
      33:    *
      34:    * Deve sempre refletir o mesmo valor de activeBackend.
>>    35:    * Remover apenas depois que todo o código tiver migrado para activeBackend.
      36:    */
      37:   backend: KnexPdfBackendId;
      38: "
"knexwriter\src\modules\Knexread\native-pdf-reader\knex-pdf-engine\core\engineState.ts","C:\knexit-workspace\knexit-workspace\knexwriter\src\modules\Knexread\native-pdf-reader\knex-pdf-engine\core\engineState.ts","50","fallback","fallback","      47:   failedBackend?: KnexPdfBackendId | string;
      48: 
      49:   /**
>>    50:    * Motivo do último fallback.
      51:    */
      52:   backendFallbackReason?: string;
      53: };"
"knexwriter\src\modules\Knexread\native-pdf-reader\knex-pdf-engine\core\engineState.ts","C:\knexit-workspace\knexit-workspace\knexwriter\src\modules\Knexread\native-pdf-reader\knex-pdf-engine\core\engineState.ts","52","fallback","Fallback","      49:   /**
      50:    * Motivo do último fallback.
      51:    */
>>    52:   backendFallbackReason?: string;
      53: };
      54: 
      55: export type KnexPdfEngineState = KnexPdfBackendRuntimeState & {"
"knexwriter\src\modules\Knexread\native-pdf-reader\knex-pdf-engine\core\engineState.ts","C:\knexit-workspace\knexit-workspace\knexwriter\src\modules\Knexread\native-pdf-reader\knex-pdf-engine\core\engineState.ts","55","pdfEngine","PdfEngine","      52:   backendFallbackReason?: string;
      53: };
      54: 
>>    55: export type KnexPdfEngineState = KnexPdfBackendRuntimeState & {
      56:   viewMode: KnexPdfViewMode;
      57:   zoom: number;
      58:   renderQuality: KnexPdfRenderQuality;"
"knexwriter\src\modules\Knexread\native-pdf-reader\knex-pdf-engine\core\engineState.ts","C:\knexit-workspace\knexit-workspace\knexwriter\src\modules\Knexread\native-pdf-reader\knex-pdf-engine\core\engineState.ts","55","engine.*=","EngineState =","      52:   backendFallbackReason?: string;
      53: };
      54: 
>>    55: export type KnexPdfEngineState = KnexPdfBackendRuntimeState & {
      56:   viewMode: KnexPdfViewMode;
      57:   zoom: number;
      58:   renderQuality: KnexPdfRenderQuality;"
"knexwriter\src\modules\Knexread\native-pdf-reader\knex-pdf-engine\core\engineState.ts","C:\knexit-workspace\knexit-workspace\knexwriter\src\modules\Knexread\native-pdf-reader\knex-pdf-engine\core\engineState.ts","63","renderVersion","renderVersion","      60:   activePageNumber: number;
      61:   pageCount: number;
      62:   layoutVersion: number;
>>    63:   renderVersion: number;
      64: };
      65: 
      66: export function createInitialKnexPdfEngineState("
"knexwriter\src\modules\Knexread\native-pdf-reader\knex-pdf-engine\core\engineState.ts","C:\knexit-workspace\knexit-workspace\knexwriter\src\modules\Knexread\native-pdf-reader\knex-pdf-engine\core\engineState.ts","66","pdfEngine","PdfEngine","      63:   renderVersion: number;
      64: };
      65: 
>>    66: export function createInitialKnexPdfEngineState(
      67:   deviceCapabilities: KnexPdfDeviceCapabilities,
      68: ): KnexPdfEngineState {
      69:   return {"
"knexwriter\src\modules\Knexread\native-pdf-reader\knex-pdf-engine\core\engineState.ts","C:\knexit-workspace\knexit-workspace\knexwriter\src\modules\Knexread\native-pdf-reader\knex-pdf-engine\core\engineState.ts","68","pdfEngine","PdfEngine","      65: 
      66: export function createInitialKnexPdfEngineState(
      67:   deviceCapabilities: KnexPdfDeviceCapabilities,
>>    68: ): KnexPdfEngineState {
      69:   return {
      70:     /**
      71:      * Por enquanto, começamos em PDF.js para não quebrar o leitor atual."
"knexwriter\src\modules\Knexread\native-pdf-reader\knex-pdf-engine\core\engineState.ts","C:\knexit-workspace\knexit-workspace\knexwriter\src\modules\Knexread\native-pdf-reader\knex-pdf-engine\core\engineState.ts","74","preferred.*Backend","preferredBackend","      71:      * Por enquanto, começamos em PDF.js para não quebrar o leitor atual.
      72:      * Quando PDFium estiver implementado, o valor poderá ser ""auto"".
      73:      */
>>    74:     preferredBackend: ""pdfjs"",
      75: 
      76:     /**
      77:      * Backend realmente ativo no boot."
"knexwriter\src\modules\Knexread\native-pdf-reader\knex-pdf-engine\core\engineState.ts","C:\knexit-workspace\knexit-workspace\knexwriter\src\modules\Knexread\native-pdf-reader\knex-pdf-engine\core\engineState.ts","79","active.*Backend","activeBackend","      76:     /**
      77:      * Backend realmente ativo no boot.
      78:      */
>>    79:     activeBackend: ""pdfjs"",
      80: 
      81:     /**
      82:      * Compatibilidade com código antigo."
"knexwriter\src\modules\Knexread\native-pdf-reader\knex-pdf-engine\core\engineState.ts","C:\knexit-workspace\knexit-workspace\knexwriter\src\modules\Knexread\native-pdf-reader\knex-pdf-engine\core\engineState.ts","95","renderVersion","renderVersion","      92:     activePageNumber: 1,
      93:     pageCount: 0,
      94:     layoutVersion: 0,
>>    95:     renderVersion: 0,
      96:   };
      97: }
      98: "
"knexwriter\src\modules\Knexread\native-pdf-reader\knex-pdf-engine\core\engineState.ts","C:\knexit-workspace\knexit-workspace\knexwriter\src\modules\Knexread\native-pdf-reader\knex-pdf-engine\core\engineState.ts","100","pdfEngine","PdfEngine","      97: }
      98: 
      99: export function updateKnexPdfBackendState(
>>   100:   state: KnexPdfEngineState,
     101:   input: {
     102:     preferredBackend?: KnexPdfBackendSelectionMode;
     103:     activeBackend?: KnexPdfBackendId;"
"knexwriter\src\modules\Knexread\native-pdf-reader\knex-pdf-engine\core\engineState.ts","C:\knexit-workspace\knexit-workspace\knexwriter\src\modules\Knexread\native-pdf-reader\knex-pdf-engine\core\engineState.ts","102","preferred.*Backend","preferredBackend?: KnexPdfBackend","      99: export function updateKnexPdfBackendState(
     100:   state: KnexPdfEngineState,
     101:   input: {
>>   102:     preferredBackend?: KnexPdfBackendSelectionMode;
     103:     activeBackend?: KnexPdfBackendId;
     104:     failedBackend?: KnexPdfBackendId | string;
     105:     backendFallbackReason?: string;"
"knexwriter\src\modules\Knexread\native-pdf-reader\knex-pdf-engine\core\engineState.ts","C:\knexit-workspace\knexit-workspace\knexwriter\src\modules\Knexread\native-pdf-reader\knex-pdf-engine\core\engineState.ts","103","active.*Backend","activeBackend?: KnexPdfBackend","     100:   state: KnexPdfEngineState,
     101:   input: {
     102:     preferredBackend?: KnexPdfBackendSelectionMode;
>>   103:     activeBackend?: KnexPdfBackendId;
     104:     failedBackend?: KnexPdfBackendId | string;
     105:     backendFallbackReason?: string;
     106:   },"
"knexwriter\src\modules\Knexread\native-pdf-reader\knex-pdf-engine\core\engineState.ts","C:\knexit-workspace\knexit-workspace\knexwriter\src\modules\Knexread\native-pdf-reader\knex-pdf-engine\core\engineState.ts","105","fallback","Fallback","     102:     preferredBackend?: KnexPdfBackendSelectionMode;
     103:     activeBackend?: KnexPdfBackendId;
     104:     failedBackend?: KnexPdfBackendId | string;
>>   105:     backendFallbackReason?: string;
     106:   },
     107: ): KnexPdfEngineState {
     108:   const preferredBackend = input.preferredBackend ?? state.preferredBackend;"
"knexwriter\src\modules\Knexread\native-pdf-reader\knex-pdf-engine\core\engineState.ts","C:\knexit-workspace\knexit-workspace\knexwriter\src\modules\Knexread\native-pdf-reader\knex-pdf-engine\core\engineState.ts","107","pdfEngine","PdfEngine","     104:     failedBackend?: KnexPdfBackendId | string;
     105:     backendFallbackReason?: string;
     106:   },
>>   107: ): KnexPdfEngineState {
     108:   const preferredBackend = input.preferredBackend ?? state.preferredBackend;
     109:   const activeBackend = input.activeBackend ?? state.activeBackend;
     110: "
"knexwriter\src\modules\Knexread\native-pdf-reader\knex-pdf-engine\core\engineState.ts","C:\knexit-workspace\knexit-workspace\knexwriter\src\modules\Knexread\native-pdf-reader\knex-pdf-engine\core\engineState.ts","108","preferred.*Backend","preferredBackend = input.preferredBackend ?? state.preferredBackend","     105:     backendFallbackReason?: string;
     106:   },
     107: ): KnexPdfEngineState {
>>   108:   const preferredBackend = input.preferredBackend ?? state.preferredBackend;
     109:   const activeBackend = input.activeBackend ?? state.activeBackend;
     110: 
     111:   const changed ="
"knexwriter\src\modules\Knexread\native-pdf-reader\knex-pdf-engine\core\engineState.ts","C:\knexit-workspace\knexit-workspace\knexwriter\src\modules\Knexread\native-pdf-reader\knex-pdf-engine\core\engineState.ts","108","backend.*=","Backend =","     105:     backendFallbackReason?: string;
     106:   },
     107: ): KnexPdfEngineState {
>>   108:   const preferredBackend = input.preferredBackend ?? state.preferredBackend;
     109:   const activeBackend = input.activeBackend ?? state.activeBackend;
     110: 
     111:   const changed ="
"knexwriter\src\modules\Knexread\native-pdf-reader\knex-pdf-engine\core\engineState.ts","C:\knexit-workspace\knexit-workspace\knexwriter\src\modules\Knexread\native-pdf-reader\knex-pdf-engine\core\engineState.ts","109","backend.*=","Backend =","     106:   },
     107: ): KnexPdfEngineState {
     108:   const preferredBackend = input.preferredBackend ?? state.preferredBackend;
>>   109:   const activeBackend = input.activeBackend ?? state.activeBackend;
     110: 
     111:   const changed =
     112:     preferredBackend !== state.preferredBackend ||"
"knexwriter\src\modules\Knexread\native-pdf-reader\knex-pdf-engine\core\engineState.ts","C:\knexit-workspace\knexit-workspace\knexwriter\src\modules\Knexread\native-pdf-reader\knex-pdf-engine\core\engineState.ts","109","active.*Backend","activeBackend = input.activeBackend ?? state.activeBackend","     106:   },
     107: ): KnexPdfEngineState {
     108:   const preferredBackend = input.preferredBackend ?? state.preferredBackend;
>>   109:   const activeBackend = input.activeBackend ?? state.activeBackend;
     110: 
     111:   const changed =
     112:     preferredBackend !== state.preferredBackend ||"
"knexwriter\src\modules\Knexread\native-pdf-reader\knex-pdf-engine\core\engineState.ts","C:\knexit-workspace\knexit-workspace\knexwriter\src\modules\Knexread\native-pdf-reader\knex-pdf-engine\core\engineState.ts","112","preferred.*Backend","preferredBackend !== state.preferredBackend","     109:   const activeBackend = input.activeBackend ?? state.activeBackend;
     110: 
     111:   const changed =
>>   112:     preferredBackend !== state.preferredBackend ||
     113:     activeBackend !== state.activeBackend ||
     114:     input.failedBackend !== state.failedBackend ||
     115:     input.backendFallbackReason !== state.backendFallbackReason;"
"knexwriter\src\modules\Knexread\native-pdf-reader\knex-pdf-engine\core\engineState.ts","C:\knexit-workspace\knexit-workspace\knexwriter\src\modules\Knexread\native-pdf-reader\knex-pdf-engine\core\engineState.ts","112","backend.*=","Backend !==","     109:   const activeBackend = input.activeBackend ?? state.activeBackend;
     110: 
     111:   const changed =
>>   112:     preferredBackend !== state.preferredBackend ||
     113:     activeBackend !== state.activeBackend ||
     114:     input.failedBackend !== state.failedBackend ||
     115:     input.backendFallbackReason !== state.backendFallbackReason;"
"knexwriter\src\modules\Knexread\native-pdf-reader\knex-pdf-engine\core\engineState.ts","C:\knexit-workspace\knexit-workspace\knexwriter\src\modules\Knexread\native-pdf-reader\knex-pdf-engine\core\engineState.ts","113","active.*Backend","activeBackend !== state.activeBackend","     110: 
     111:   const changed =
     112:     preferredBackend !== state.preferredBackend ||
>>   113:     activeBackend !== state.activeBackend ||
     114:     input.failedBackend !== state.failedBackend ||
     115:     input.backendFallbackReason !== state.backendFallbackReason;
     116: "
"knexwriter\src\modules\Knexread\native-pdf-reader\knex-pdf-engine\core\engineState.ts","C:\knexit-workspace\knexit-workspace\knexwriter\src\modules\Knexread\native-pdf-reader\knex-pdf-engine\core\engineState.ts","113","backend.*=","Backend !==","     110: 
     111:   const changed =
     112:     preferredBackend !== state.preferredBackend ||
>>   113:     activeBackend !== state.activeBackend ||
     114:     input.failedBackend !== state.failedBackend ||
     115:     input.backendFallbackReason !== state.backendFallbackReason;
     116: "
"knexwriter\src\modules\Knexread\native-pdf-reader\knex-pdf-engine\core\engineState.ts","C:\knexit-workspace\knexit-workspace\knexwriter\src\modules\Knexread\native-pdf-reader\knex-pdf-engine\core\engineState.ts","114","backend.*=","Backend !==","     111:   const changed =
     112:     preferredBackend !== state.preferredBackend ||
     113:     activeBackend !== state.activeBackend ||
>>   114:     input.failedBackend !== state.failedBackend ||
     115:     input.backendFallbackReason !== state.backendFallbackReason;
     116: 
     117:   if (!changed) {"
"knexwriter\src\modules\Knexread\native-pdf-reader\knex-pdf-engine\core\engineState.ts","C:\knexit-workspace\knexit-workspace\knexwriter\src\modules\Knexread\native-pdf-reader\knex-pdf-engine\core\engineState.ts","115","backend.*=","backendFallbackReason !==","     112:     preferredBackend !== state.preferredBackend ||
     113:     activeBackend !== state.activeBackend ||
     114:     input.failedBackend !== state.failedBackend ||
>>   115:     input.backendFallbackReason !== state.backendFallbackReason;
     116: 
     117:   if (!changed) {
     118:     return state;"
"knexwriter\src\modules\Knexread\native-pdf-reader\knex-pdf-engine\core\engineState.ts","C:\knexit-workspace\knexit-workspace\knexwriter\src\modules\Knexread\native-pdf-reader\knex-pdf-engine\core\engineState.ts","115","fallback","Fallback","     112:     preferredBackend !== state.preferredBackend ||
     113:     activeBackend !== state.activeBackend ||
     114:     input.failedBackend !== state.failedBackend ||
>>   115:     input.backendFallbackReason !== state.backendFallbackReason;
     116: 
     117:   if (!changed) {
     118:     return state;"
"knexwriter\src\modules\Knexread\native-pdf-reader\knex-pdf-engine\core\engineState.ts","C:\knexit-workspace\knexit-workspace\knexwriter\src\modules\Knexread\native-pdf-reader\knex-pdf-engine\core\engineState.ts","115","fallback","Fallback","     112:     preferredBackend !== state.preferredBackend ||
     113:     activeBackend !== state.activeBackend ||
     114:     input.failedBackend !== state.failedBackend ||
>>   115:     input.backendFallbackReason !== state.backendFallbackReason;
     116: 
     117:   if (!changed) {
     118:     return state;"
"knexwriter\src\modules\Knexread\native-pdf-reader\knex-pdf-engine\core\engineState.ts","C:\knexit-workspace\knexit-workspace\knexwriter\src\modules\Knexread\native-pdf-reader\knex-pdf-engine\core\engineState.ts","123","preferred.*Backend","preferredBackend","     120: 
     121:   return {
     122:     ...state,
>>   123:     preferredBackend,
     124:     activeBackend,
     125: 
     126:     /**"
"knexwriter\src\modules\Knexread\native-pdf-reader\knex-pdf-engine\core\engineState.ts","C:\knexit-workspace\knexit-workspace\knexwriter\src\modules\Knexread\native-pdf-reader\knex-pdf-engine\core\engineState.ts","124","active.*Backend","activeBackend","     121:   return {
     122:     ...state,
     123:     preferredBackend,
>>   124:     activeBackend,
     125: 
     126:     /**
     127:      * Campo antigo acompanha o activeBackend."
"knexwriter\src\modules\Knexread\native-pdf-reader\knex-pdf-engine\core\engineState.ts","C:\knexit-workspace\knexit-workspace\knexwriter\src\modules\Knexread\native-pdf-reader\knex-pdf-engine\core\engineState.ts","127","active.*Backend","activeBackend","     124:     activeBackend,
     125: 
     126:     /**
>>   127:      * Campo antigo acompanha o activeBackend.
     128:      */
     129:     backend: activeBackend,
     130: "
"knexwriter\src\modules\Knexread\native-pdf-reader\knex-pdf-engine\core\engineState.ts","C:\knexit-workspace\knexit-workspace\knexwriter\src\modules\Knexread\native-pdf-reader\knex-pdf-engine\core\engineState.ts","129","active.*Backend","activeBackend","     126:     /**
     127:      * Campo antigo acompanha o activeBackend.
     128:      */
>>   129:     backend: activeBackend,
     130: 
     131:     failedBackend: input.failedBackend,
     132:     backendFallbackReason: input.backendFallbackReason,"
"knexwriter\src\modules\Knexread\native-pdf-reader\knex-pdf-engine\core\engineState.ts","C:\knexit-workspace\knexit-workspace\knexwriter\src\modules\Knexread\native-pdf-reader\knex-pdf-engine\core\engineState.ts","132","fallback","Fallback","     129:     backend: activeBackend,
     130: 
     131:     failedBackend: input.failedBackend,
>>   132:     backendFallbackReason: input.backendFallbackReason,
     133: 
     134:     /**
     135:      * Troca de backend exige nova renderização, mas não necessariamente altera"
"knexwriter\src\modules\Knexread\native-pdf-reader\knex-pdf-engine\core\engineState.ts","C:\knexit-workspace\knexit-workspace\knexwriter\src\modules\Knexread\native-pdf-reader\knex-pdf-engine\core\engineState.ts","132","fallback","Fallback","     129:     backend: activeBackend,
     130: 
     131:     failedBackend: input.failedBackend,
>>   132:     backendFallbackReason: input.backendFallbackReason,
     133: 
     134:     /**
     135:      * Troca de backend exige nova renderização, mas não necessariamente altera"
"knexwriter\src\modules\Knexread\native-pdf-reader\knex-pdf-engine\core\engineState.ts","C:\knexit-workspace\knexit-workspace\knexwriter\src\modules\Knexread\native-pdf-reader\knex-pdf-engine\core\engineState.ts","141","renderVersion","renderVersion","     138:      */
     139:     backendVersion: state.backendVersion + 1,
     140:     layoutVersion: state.layoutVersion + 1,
>>   141:     renderVersion: state.renderVersion + 1,
     142:   };
     143: }
     144: "
"knexwriter\src\modules\Knexread\native-pdf-reader\knex-pdf-engine\core\engineState.ts","C:\knexit-workspace\knexit-workspace\knexwriter\src\modules\Knexread\native-pdf-reader\knex-pdf-engine\core\engineState.ts","141","renderVersion","renderVersion","     138:      */
     139:     backendVersion: state.backendVersion + 1,
     140:     layoutVersion: state.layoutVersion + 1,
>>   141:     renderVersion: state.renderVersion + 1,
     142:   };
     143: }
     144: "
"knexwriter\src\modules\Knexread\native-pdf-reader\knex-pdf-engine\core\engineTypes.ts","C:\knexit-workspace\knexit-workspace\knexwriter\src\modules\Knexread\native-pdf-reader\knex-pdf-engine\core\engineTypes.ts","14","backend.*=","BackendId =","      11:   | ""economy""
      12:   | ""very-high"";
      13: 
>>    14: export type KnexPdfBackendId = ""pdfjs"" | ""mupdf"" | ""pdfium"";
      15: 
      16: export type KnexPdfRuntimePlatform = ""web"" | ""pwa"" | ""desktop"" | ""mobile"";
      17: "
"knexwriter\src\modules\Knexread\native-pdf-reader\knex-pdf-engine\core\engineTypes.ts","C:\knexit-workspace\knexit-workspace\knexwriter\src\modules\Knexread\native-pdf-reader\knex-pdf-engine\core\engineTypes.ts","16","runtime.*=","RuntimePlatform =","      13: 
      14: export type KnexPdfBackendId = ""pdfjs"" | ""mupdf"" | ""pdfium"";
      15: 
>>    16: export type KnexPdfRuntimePlatform = ""web"" | ""pwa"" | ""desktop"" | ""mobile"";
      17: 
      18: export type KnexPdfViewMode = ""single"" | ""continuous"" | ""sideBySide"";
      19: "
"knexwriter\src\modules\Knexread\native-pdf-reader\knex-pdf-engine\core\engineTypes.ts","C:\knexit-workspace\knexit-workspace\knexwriter\src\modules\Knexread\native-pdf-reader\knex-pdf-engine\core\engineTypes.ts","40","outputScale","outputScale","      37:   height: number;
      38:   cssWidth: number;
      39:   cssHeight: number;
>>    40:   outputScale: number;
      41:   devicePixelRatio?: number;
      42:   zoom?: number;
      43:   zoomBucket?: number;"
"knexwriter\src\modules\Knexread\native-pdf-reader\knex-pdf-engine\core\engineTypes.ts","C:\knexit-workspace\knexit-workspace\knexwriter\src\modules\Knexread\native-pdf-reader\knex-pdf-engine\core\engineTypes.ts","89","outputScale","outputScale","      86:   /**
      87:    * Escala final entre bitmap real e caixa CSS.
      88:    */
>>    89:   outputScale: number;
      90:   outputScaleX: number;
      91:   outputScaleY: number;
      92: "
"knexwriter\src\modules\Knexread\native-pdf-reader\knex-pdf-engine\core\engineTypes.ts","C:\knexit-workspace\knexit-workspace\knexwriter\src\modules\Knexread\native-pdf-reader\knex-pdf-engine\core\engineTypes.ts","90","outputScale","outputScale","      87:    * Escala final entre bitmap real e caixa CSS.
      88:    */
      89:   outputScale: number;
>>    90:   outputScaleX: number;
      91:   outputScaleY: number;
      92: 
      93:   /**"
"knexwriter\src\modules\Knexread\native-pdf-reader\knex-pdf-engine\core\engineTypes.ts","C:\knexit-workspace\knexit-workspace\knexwriter\src\modules\Knexread\native-pdf-reader\knex-pdf-engine\core\engineTypes.ts","91","outputScale","outputScale","      88:    */
      89:   outputScale: number;
      90:   outputScaleX: number;
>>    91:   outputScaleY: number;
      92: 
      93:   /**
      94:    * Rotacao normalizada da pagina."
"knexwriter\src\modules\Knexread\native-pdf-reader\knex-pdf-engine\core\engineTypes.ts","C:\knexit-workspace\knexit-workspace\knexwriter\src\modules\Knexread\native-pdf-reader\knex-pdf-engine\core\engineTypes.ts","101","outputScale","OutputScale","      98:   /**
      99:    * Diagnosticos de clamp/memoria. Nao devem ser usados para layout HTML.
     100:    */
>>   101:   requestedOutputScale: number;
     102:   requestedMinimumOutputScale: number;
     103:   targetOutputScale: number;
     104:   phaseClampedOutputScale: number;"
"knexwriter\src\modules\Knexread\native-pdf-reader\knex-pdf-engine\core\engineTypes.ts","C:\knexit-workspace\knexit-workspace\knexwriter\src\modules\Knexread\native-pdf-reader\knex-pdf-engine\core\engineTypes.ts","102","outputScale","OutputScale","      99:    * Diagnosticos de clamp/memoria. Nao devem ser usados para layout HTML.
     100:    */
     101:   requestedOutputScale: number;
>>   102:   requestedMinimumOutputScale: number;
     103:   targetOutputScale: number;
     104:   phaseClampedOutputScale: number;
     105:   maxAllowedOutputScale: number;"
"knexwriter\src\modules\Knexread\native-pdf-reader\knex-pdf-engine\core\engineTypes.ts","C:\knexit-workspace\knexit-workspace\knexwriter\src\modules\Knexread\native-pdf-reader\knex-pdf-engine\core\engineTypes.ts","103","outputScale","OutputScale","     100:    */
     101:   requestedOutputScale: number;
     102:   requestedMinimumOutputScale: number;
>>   103:   targetOutputScale: number;
     104:   phaseClampedOutputScale: number;
     105:   maxAllowedOutputScale: number;
     106:   bitmapPixels: number;"
"knexwriter\src\modules\Knexread\native-pdf-reader\knex-pdf-engine\core\engineTypes.ts","C:\knexit-workspace\knexit-workspace\knexwriter\src\modules\Knexread\native-pdf-reader\knex-pdf-engine\core\engineTypes.ts","104","outputScale","OutputScale","     101:   requestedOutputScale: number;
     102:   requestedMinimumOutputScale: number;
     103:   targetOutputScale: number;
>>   104:   phaseClampedOutputScale: number;
     105:   maxAllowedOutputScale: number;
     106:   bitmapPixels: number;
     107:   wasOutputScaleClamped: boolean;"
"knexwriter\src\modules\Knexread\native-pdf-reader\knex-pdf-engine\core\engineTypes.ts","C:\knexit-workspace\knexit-workspace\knexwriter\src\modules\Knexread\native-pdf-reader\knex-pdf-engine\core\engineTypes.ts","105","outputScale","OutputScale","     102:   requestedMinimumOutputScale: number;
     103:   targetOutputScale: number;
     104:   phaseClampedOutputScale: number;
>>   105:   maxAllowedOutputScale: number;
     106:   bitmapPixels: number;
     107:   wasOutputScaleClamped: boolean;
     108:   wasOutputScaleFloorApplied: boolean;"
"knexwriter\src\modules\Knexread\native-pdf-reader\knex-pdf-engine\core\engineTypes.ts","C:\knexit-workspace\knexit-workspace\knexwriter\src\modules\Knexread\native-pdf-reader\knex-pdf-engine\core\engineTypes.ts","107","outputScale","OutputScale","     104:   phaseClampedOutputScale: number;
     105:   maxAllowedOutputScale: number;
     106:   bitmapPixels: number;
>>   107:   wasOutputScaleClamped: boolean;
     108:   wasOutputScaleFloorApplied: boolean;
     109: };
     110: "
"knexwriter\src\modules\Knexread\native-pdf-reader\knex-pdf-engine\core\engineTypes.ts","C:\knexit-workspace\knexit-workspace\knexwriter\src\modules\Knexread\native-pdf-reader\knex-pdf-engine\core\engineTypes.ts","108","outputScale","OutputScale","     105:   maxAllowedOutputScale: number;
     106:   bitmapPixels: number;
     107:   wasOutputScaleClamped: boolean;
>>   108:   wasOutputScaleFloorApplied: boolean;
     109: };
     110: 
     111: export type KnexPdfPageViewport = {"
"knexwriter\src\modules\Knexread\native-pdf-reader\knex-pdf-engine\core\engineTypes.ts","C:\knexit-workspace\knexit-workspace\knexwriter\src\modules\Knexread\native-pdf-reader\knex-pdf-engine\core\engineTypes.ts","131","outputScale","outputScale","     128:    * 1.5 = 150%
     129:    * 4.0 = 400%
     130:    *
>>   131:    * Esta escala NÃO é o devicePixelRatio e NÃO é o outputScale.
     132:    */
     133:   scale: number;
     134: "
"knexwriter\src\modules\Knexread\native-pdf-reader\knex-pdf-engine\core\engineTypes.ts","C:\knexit-workspace\knexit-workspace\knexwriter\src\modules\Knexread\native-pdf-reader\knex-pdf-engine\core\engineTypes.ts","148","canvas\.height","canvas.height","     145:  *
     146:  * width/height:
     147:  *   dimensão real do bitmap HiDPI do canvas.
>>   148:  *   Deve bater com canvas.width/canvas.height.
     149:  *
     150:  * cssWidth/cssHeight:
     151:  *   dimensão visual CSS da página."
"knexwriter\src\modules\Knexread\native-pdf-reader\knex-pdf-engine\core\engineTypes.ts","C:\knexit-workspace\knexit-workspace\knexwriter\src\modules\Knexread\native-pdf-reader\knex-pdf-engine\core\engineTypes.ts","148","canvas\.width","canvas.width","     145:  *
     146:  * width/height:
     147:  *   dimensão real do bitmap HiDPI do canvas.
>>   148:  *   Deve bater com canvas.width/canvas.height.
     149:  *
     150:  * cssWidth/cssHeight:
     151:  *   dimensão visual CSS da página."
"knexwriter\src\modules\Knexread\native-pdf-reader\knex-pdf-engine\core\engineTypes.ts","C:\knexit-workspace\knexit-workspace\knexwriter\src\modules\Knexread\native-pdf-reader\knex-pdf-engine\core\engineTypes.ts","154","outputScale","outputScale","     151:  *   dimensão visual CSS da página.
     152:  *   Deve bater com canvas.style.width/canvas.style.height.
     153:  *
>>   154:  * outputScale:
     155:  *   fator entre bitmap e CSS.
     156:  *
     157:  * Exemplo:"
"knexwriter\src\modules\Knexread\native-pdf-reader\knex-pdf-engine\core\engineTypes.ts","C:\knexit-workspace\knexit-workspace\knexwriter\src\modules\Knexread\native-pdf-reader\knex-pdf-engine\core\engineTypes.ts","160","outputScale","outputScale","     157:  * Exemplo:
     158:  *   cssWidth = 1000
     159:  *   cssHeight = 1400
>>   160:  *   outputScale = 3
     161:  *   width = 3000
     162:  *   height = 4200
     163:  */"
"knexwriter\src\modules\Knexread\native-pdf-reader\knex-pdf-engine\core\engineTypes.ts","C:\knexit-workspace\knexit-workspace\knexwriter\src\modules\Knexread\native-pdf-reader\knex-pdf-engine\core\engineTypes.ts","174","canvas\.width","canvas.width","     171: 
     172:   /**
     173:    * Largura real do bitmap renderizado.
>>   174:    * Deve ser igual ou equivalente a canvas.width.
     175:    */
     176:   width: number;
     177: "
"knexwriter\src\modules\Knexread\native-pdf-reader\knex-pdf-engine\core\engineTypes.ts","C:\knexit-workspace\knexit-workspace\knexwriter\src\modules\Knexread\native-pdf-reader\knex-pdf-engine\core\engineTypes.ts","180","canvas\.height","canvas.height","     177: 
     178:   /**
     179:    * Altura real do bitmap renderizado.
>>   180:    * Deve ser igual ou equivalente a canvas.height.
     181:    */
     182:   height: number;
     183: "
"knexwriter\src\modules\Knexread\native-pdf-reader\knex-pdf-engine\core\engineTypes.ts","C:\knexit-workspace\knexit-workspace\knexwriter\src\modules\Knexread\native-pdf-reader\knex-pdf-engine\core\engineTypes.ts","212","outputScale","outputScale","     209: 
     210:   /**
     211:    * Escala HiDPI aplicada sobre o bitmap.
>>   212:    * Exemplo: outputScale 3 gera bitmap 3x maior que a caixa CSS.
     213:    */
     214:   outputScale: number;
     215: "
"knexwriter\src\modules\Knexread\native-pdf-reader\knex-pdf-engine\core\engineTypes.ts","C:\knexit-workspace\knexit-workspace\knexwriter\src\modules\Knexread\native-pdf-reader\knex-pdf-engine\core\engineTypes.ts","214","outputScale","outputScale","     211:    * Escala HiDPI aplicada sobre o bitmap.
     212:    * Exemplo: outputScale 3 gera bitmap 3x maior que a caixa CSS.
     213:    */
>>   214:   outputScale: number;
     215: 
     216:   /**
     217:    * Informação opcional para diagnóstico."
"knexwriter\src\modules\Knexread\native-pdf-reader\knex-pdf-engine\core\engineTypes.ts","C:\knexit-workspace\knexit-workspace\knexwriter\src\modules\Knexread\native-pdf-reader\knex-pdf-engine\core\engineTypes.ts","222","outputScale","OutputScale","     219:    */
     220:   renderPixelRatio?: number;
     221:   bitmapPixels?: number;
>>   222:   wasOutputScaleClamped?: boolean;
     223: 
     224:   /**
     225:    * Diagnóstico de zoom e dispositivo."
"knexwriter\src\modules\Knexread\native-pdf-reader\knex-pdf-engine\core\engineTypes.ts","C:\knexit-workspace\knexit-workspace\knexwriter\src\modules\Knexread\native-pdf-reader\knex-pdf-engine\core\engineTypes.ts","246","outputScale","outputScale","     243:    * Descritor opcional do bitmap.
     244:    * Deve ser usado apenas para diagnóstico ou compatibilidade.
     245:    * Os componentes devem priorizar os campos diretos:
>>   246:    * width, height, cssWidth, cssHeight e outputScale.
     247:    */
     248:   bitmap?: KnexPdfBitmapDescriptor;
     249: };"
"knexwriter\src\modules\Knexread\native-pdf-reader\knex-pdf-engine\core\engineTypes.ts","C:\knexit-workspace\knexit-workspace\knexwriter\src\modules\Knexread\native-pdf-reader\knex-pdf-engine\core\engineTypes.ts","323","fallback","fallback","     320:    * Fonte detectada ou inferida.
     321:    *
     322:    * Mantida como obrigatória para compatibilidade com os componentes atuais.
>>   323:    * Quando o backend não souber a fonte real, deve preencher com fallback seguro,
     324:    * por exemplo: ""Arial"", ""Times New Roman"" ou ""sans-serif"".
     325:    */
     326:   fontFamily: string;"
"knexwriter\src\modules\Knexread\native-pdf-reader\knex-pdf-engine\core\engineTypes.ts","C:\knexit-workspace\knexit-workspace\knexwriter\src\modules\Knexread\native-pdf-reader\knex-pdf-engine\core\engineTypes.ts","475","outputScale","outputScale","     472:  * renderScale:
     473:  *   escala lógica do documento.
     474:  *
>>   475:  * outputScale:
     476:  *   escala HiDPI do bitmap.
     477:  */
     478: export type KnexPdfRenderedPage = {"
"knexwriter\src\modules\Knexread\native-pdf-reader\knex-pdf-engine\core\engineTypes.ts","C:\knexit-workspace\knexit-workspace\knexwriter\src\modules\Knexread\native-pdf-reader\knex-pdf-engine\core\engineTypes.ts","520","outputScale","outputScale","     517:   /**
     518:    * Escala HiDPI do bitmap.
     519:    */
>>   520:   outputScale: number;
     521: 
     522:   /**
     523:    * Cor de fundo usada pela página."
"knexwriter\src\modules\Knexread\native-pdf-reader\knex-pdf-engine\diagnostics\PdfEngineDebugPanel.tsx","C:\knexit-workspace\knexit-workspace\knexwriter\src\modules\Knexread\native-pdf-reader\knex-pdf-engine\diagnostics\PdfEngineDebugPanel.tsx","5","pdfEngine","PdfEngine","       2: 
       3: import type { RenderDebugInfo } from ""./RenderDebugInfo"";
       4: 
>>     5: export function PdfEngineDebugPanel({
       6:   visible,
       7:   info,
       8: }: {"
"knexwriter\src\modules\Knexread\native-pdf-reader\knex-pdf-engine\diagnostics\PdfEngineDebugPanel.tsx","C:\knexit-workspace\knexit-workspace\knexwriter\src\modules\Knexread\native-pdf-reader\knex-pdf-engine\diagnostics\PdfEngineDebugPanel.tsx","27","outputScale","outputScale","      24:         <dt>Canvas</dt>
      25:         <dd>{info.canvasWidth} x {info.canvasHeight}</dd>
      26:         <dt>Output</dt>
>>    27:         <dd>{info.outputScale.toFixed(2)}</dd>
      28:         <dt>Quality</dt>
      29:         <dd>{info.renderQuality}</dd>
      30:       </dl>"
"knexwriter\src\modules\Knexread\native-pdf-reader\knex-pdf-engine\diagnostics\RenderDebugInfo.ts","C:\knexit-workspace\knexit-workspace\knexwriter\src\modules\Knexread\native-pdf-reader\knex-pdf-engine\diagnostics\RenderDebugInfo.ts","7","outputScale","outputScale","       4:   cssHeight: number;
       5:   canvasWidth: number;
       6:   canvasHeight: number;
>>     7:   outputScale: number;
       8:   renderQuality: string;
       9:   backend: string;
      10: };"
"knexwriter\src\modules\Knexread\native-pdf-reader\knex-pdf-engine\index.ts","C:\knexit-workspace\knexit-workspace\knexwriter\src\modules\Knexread\native-pdf-reader\knex-pdf-engine\index.ts","1","pdfEngine","PdfEngine",">>     1: export * from ""./KnexPdfEngine"";
       2: export * from ""./KnexPdfEngineProvider"";
       3: export * from ""./core/engineConfig"";
       4: export * from ""./core/engineErrors"";"
"knexwriter\src\modules\Knexread\native-pdf-reader\knex-pdf-engine\index.ts","C:\knexit-workspace\knexit-workspace\knexwriter\src\modules\Knexread\native-pdf-reader\knex-pdf-engine\index.ts","2","pdfEngine","PdfEngine","       1: export * from ""./KnexPdfEngine"";
>>     2: export * from ""./KnexPdfEngineProvider"";
       3: export * from ""./core/engineConfig"";
       4: export * from ""./core/engineErrors"";
       5: export * from ""./core/engineEvents"";"
"knexwriter\src\modules\Knexread\native-pdf-reader\knex-pdf-engine\index.ts","C:\knexit-workspace\knexit-workspace\knexwriter\src\modules\Knexread\native-pdf-reader\knex-pdf-engine\index.ts","16","PdfRenderBackend","PdfRenderBackend","      13: export * from ""./annotations/AnnotationController"";
      14: export * from ""./backends/BackendRegistry"";
      15: export * from ""./backends/BackendSelector"";
>>    16: export * from ""./backends/PdfRenderBackend"";
      17: export * from ""./backends/pdfjs/PdfJsBackend"";
      18: export * from ""./backends/pdfjs/PdfJsPageRenderer"";
      19: export * from ""./backends/pdfjs/PdfJsTextExtractor"";"
"knexwriter\src\modules\Knexread\native-pdf-reader\knex-pdf-engine\index.ts","C:\knexit-workspace\knexit-workspace\knexwriter\src\modules\Knexread\native-pdf-reader\knex-pdf-engine\index.ts","29","renderTask","RenderTask","      26: export * from ""./rendering/RenderQualityController"";
      27: export * from ""./rendering/RenderQueue"";
      28: export * from ""./rendering/RenderScheduler"";
>>    29: export * from ""./rendering/RenderTaskToken"";
      30: export * from ""./rendering/TileGridCalculator"";
      31: export * from ""./rendering/PageTileCache"";
      32: export * from ""./rendering/PdfJsTileRenderer"";"
"knexwriter\src\modules\Knexread\native-pdf-reader\knex-pdf-engine\index.ts","C:\knexit-workspace\knexit-workspace\knexwriter\src\modules\Knexread\native-pdf-reader\knex-pdf-engine\index.ts","32","PdfJsTileRenderer","PdfJsTileRenderer","      29: export * from ""./rendering/RenderTaskToken"";
      30: export * from ""./rendering/TileGridCalculator"";
      31: export * from ""./rendering/PageTileCache"";
>>    32: export * from ""./rendering/PdfJsTileRenderer"";
      33: export * from ""./visualRenderMode"";
      34: export type {
      35:   KnexPdfResolvedTileRenderMode,"
"knexwriter\src\modules\Knexread\native-pdf-reader\knex-pdf-engine\index.ts","C:\knexit-workspace\knexit-workspace\knexwriter\src\modules\Knexread\native-pdf-reader\knex-pdf-engine\index.ts","36","fallback","Fallback","      33: export * from ""./visualRenderMode"";
      34: export type {
      35:   KnexPdfResolvedTileRenderMode,
>>    36:   KnexPdfServerTileFallbackReason,
      37:   KnexPdfTileGeometry,
      38:   KnexPdfTileIdentity,
      39:   KnexPdfTileRect,"
"knexwriter\src\modules\Knexread\native-pdf-reader\knex-pdf-engine\index.ts","C:\knexit-workspace\knexit-workspace\knexwriter\src\modules\Knexread\native-pdf-reader\knex-pdf-engine\index.ts","136","pdfEngine","PdfEngine","     133: export * from ""./platform/PlatformAdapter"";
     134: export * from ""./platform/PwaPlatformAdapter"";
     135: export * from ""./platform/WebPlatformAdapter"";
>>   136: export * from ""./diagnostics/PdfEngineDebugPanel"";
     137: export * from ""./diagnostics/RenderDebugInfo"";
     138: export * from ""./integration/KnexReadIntegration"";
     139: export * from ""./integration/KnexWriterIntegration"";"
"knexwriter\src\modules\Knexread\native-pdf-reader\knex-pdf-engine\integration\KnexPdfViewerRuntime.ts","C:\knexit-workspace\knexit-workspace\knexwriter\src\modules\Knexread\native-pdf-reader\knex-pdf-engine\integration\KnexPdfViewerRuntime.ts","11","PdfRenderBackend","PdfRenderBackend","       8:   PdfBackendCanvasTextMode,
       9:   PdfBackendDocumentHandle,
      10:   PdfBackendDocumentSource,
>>    11:   PdfRenderBackend,
      12: } from ""../backends/PdfRenderBackend"";
      13: import {
      14:   extractAnnotationsWithBackend,"
"knexwriter\src\modules\Knexread\native-pdf-reader\knex-pdf-engine\integration\KnexPdfViewerRuntime.ts","C:\knexit-workspace\knexit-workspace\knexwriter\src\modules\Knexread\native-pdf-reader\knex-pdf-engine\integration\KnexPdfViewerRuntime.ts","12","PdfRenderBackend","PdfRenderBackend","       9:   PdfBackendDocumentHandle,
      10:   PdfBackendDocumentSource,
      11:   PdfRenderBackend,
>>    12: } from ""../backends/PdfRenderBackend"";
      13: import {
      14:   extractAnnotationsWithBackend,
      15:   extractTextWithBackend,"
"knexwriter\src\modules\Knexread\native-pdf-reader\knex-pdf-engine\integration\KnexPdfViewerRuntime.ts","C:\knexit-workspace\knexit-workspace\knexwriter\src\modules\Knexread\native-pdf-reader\knex-pdf-engine\integration\KnexPdfViewerRuntime.ts","16","PdfRenderBackend","PdfRenderBackend","      13: import {
      14:   extractAnnotationsWithBackend,
      15:   extractTextWithBackend,
>>    16: } from ""../backends/PdfRenderBackend"";
      17: import { PdfJsAnnotationExtractor } from ""../backends/pdfjs/PdfJsAnnotationExtractor"";
      18: import { PdfJsTextExtractor } from ""../backends/pdfjs/PdfJsTextExtractor"";
      19: import {"
"knexwriter\src\modules\Knexread\native-pdf-reader\knex-pdf-engine\integration\KnexPdfViewerRuntime.ts","C:\knexit-workspace\knexit-workspace\knexwriter\src\modules\Knexread\native-pdf-reader\knex-pdf-engine\integration\KnexPdfViewerRuntime.ts","43","backend.*=","backendDocumentCache =","      40: 
      41: const textExtractor = new PdfJsTextExtractor();
      42: const annotationExtractor = new PdfJsAnnotationExtractor();
>>    43: const backendDocumentCache = new WeakMap<
      44:   object,
      45:   Map<string, Promise<PdfBackendDocumentHandle>>
      46: >();"
"knexwriter\src\modules\Knexread\native-pdf-reader\knex-pdf-engine\integration\KnexPdfViewerRuntime.ts","C:\knexit-workspace\knexit-workspace\knexwriter\src\modules\Knexread\native-pdf-reader\knex-pdf-engine\integration\KnexPdfViewerRuntime.ts","50","fallback","fallback","      47: 
      48: function safeNumber(
      49:   value: number | null | undefined,
>>    50:   fallback = 0,
      51: ): number {
      52:   return typeof value === ""number"" && Number.isFinite(value)
      53:     ? value"
"knexwriter\src\modules\Knexread\native-pdf-reader\knex-pdf-engine\integration\KnexPdfViewerRuntime.ts","C:\knexit-workspace\knexit-workspace\knexwriter\src\modules\Knexread\native-pdf-reader\knex-pdf-engine\integration\KnexPdfViewerRuntime.ts","54","fallback","fallback","      51: ): number {
      52:   return typeof value === ""number"" && Number.isFinite(value)
      53:     ? value
>>    54:     : fallback;
      55: }
      56: 
      57: function normalizeScale(scale: number): number {"
"knexwriter\src\modules\Knexread\native-pdf-reader\knex-pdf-engine\integration\KnexPdfViewerRuntime.ts","C:\knexit-workspace\knexit-workspace\knexwriter\src\modules\Knexread\native-pdf-reader\knex-pdf-engine\integration\KnexPdfViewerRuntime.ts","81","canvas\.width","canvas.width","      78: }
      79: 
      80: function sampleCanvasBackgroundColor(canvas: HTMLCanvasElement): string {
>>    81:   const width = Math.max(1, canvas.width);
      82:   const height = Math.max(1, canvas.height);
      83: 
      84:   const sampleX = Math.min(2, width - 1);"
"knexwriter\src\modules\Knexread\native-pdf-reader\knex-pdf-engine\integration\KnexPdfViewerRuntime.ts","C:\knexit-workspace\knexit-workspace\knexwriter\src\modules\Knexread\native-pdf-reader\knex-pdf-engine\integration\KnexPdfViewerRuntime.ts","82","canvas\.height","canvas.height","      79: 
      80: function sampleCanvasBackgroundColor(canvas: HTMLCanvasElement): string {
      81:   const width = Math.max(1, canvas.width);
>>    82:   const height = Math.max(1, canvas.height);
      83: 
      84:   const sampleX = Math.min(2, width - 1);
      85:   const sampleY = Math.min(2, height - 1);"
"knexwriter\src\modules\Knexread\native-pdf-reader\knex-pdf-engine\integration\KnexPdfViewerRuntime.ts","C:\knexit-workspace\knexit-workspace\knexwriter\src\modules\Knexread\native-pdf-reader\knex-pdf-engine\integration\KnexPdfViewerRuntime.ts","104","NEXT_PUBLIC","NEXT_PUBLIC","     101:     .KNEX_PDF_DEBUG_BACKEND;
     102:   const envFlag =
     103:     typeof process !== ""undefined""
>>   104:       ? process.env.NEXT_PUBLIC_KNEX_PDF_DEBUG_BACKEND ??
     105:         process.env.KNEX_PDF_DEBUG_BACKEND
     106:       : undefined;
     107: "
"knexwriter\src\modules\Knexread\native-pdf-reader\knex-pdf-engine\integration\KnexPdfViewerRuntime.ts","C:\knexit-workspace\knexit-workspace\knexwriter\src\modules\Knexread\native-pdf-reader\knex-pdf-engine\integration\KnexPdfViewerRuntime.ts","113","active.*Backend","activeBackend","     110: 
     111: function logBackendRenderDebug(input: {
     112:   requestedBackend?: string;
>>   113:   activeBackend: string;
     114:   fallbackUsed?: boolean;
     115:   canvasTextMode?: PdfBackendCanvasTextMode;
     116:   renderText?: boolean;"
"knexwriter\src\modules\Knexread\native-pdf-reader\knex-pdf-engine\integration\KnexPdfViewerRuntime.ts","C:\knexit-workspace\knexit-workspace\knexwriter\src\modules\Knexread\native-pdf-reader\knex-pdf-engine\integration\KnexPdfViewerRuntime.ts","114","fallback","fallback","     111: function logBackendRenderDebug(input: {
     112:   requestedBackend?: string;
     113:   activeBackend: string;
>>   114:   fallbackUsed?: boolean;
     115:   canvasTextMode?: PdfBackendCanvasTextMode;
     116:   renderText?: boolean;
     117:   page: KnexPdfRenderedPage;"
"knexwriter\src\modules\Knexread\native-pdf-reader\knex-pdf-engine\integration\KnexPdfViewerRuntime.ts","C:\knexit-workspace\knexit-workspace\knexwriter\src\modules\Knexread\native-pdf-reader\knex-pdf-engine\integration\KnexPdfViewerRuntime.ts","123","active.*Backend","activeBackend","     120: 
     121:   // eslint-disable-next-line no-console
     122:   console.table({
>>   123:     requestedBackend: input.requestedBackend ?? input.activeBackend,
     124:     activeBackend: input.activeBackend,
     125:     fallbackUsed: input.fallbackUsed ?? false,
     126:     canvasTextMode: input.canvasTextMode ?? """","
"knexwriter\src\modules\Knexread\native-pdf-reader\knex-pdf-engine\integration\KnexPdfViewerRuntime.ts","C:\knexit-workspace\knexit-workspace\knexwriter\src\modules\Knexread\native-pdf-reader\knex-pdf-engine\integration\KnexPdfViewerRuntime.ts","124","active.*Backend","activeBackend: input.activeBackend","     121:   // eslint-disable-next-line no-console
     122:   console.table({
     123:     requestedBackend: input.requestedBackend ?? input.activeBackend,
>>   124:     activeBackend: input.activeBackend,
     125:     fallbackUsed: input.fallbackUsed ?? false,
     126:     canvasTextMode: input.canvasTextMode ?? """",
     127:     renderText:"
"knexwriter\src\modules\Knexread\native-pdf-reader\knex-pdf-engine\integration\KnexPdfViewerRuntime.ts","C:\knexit-workspace\knexit-workspace\knexwriter\src\modules\Knexread\native-pdf-reader\knex-pdf-engine\integration\KnexPdfViewerRuntime.ts","125","fallback","fallback","     122:   console.table({
     123:     requestedBackend: input.requestedBackend ?? input.activeBackend,
     124:     activeBackend: input.activeBackend,
>>   125:     fallbackUsed: input.fallbackUsed ?? false,
     126:     canvasTextMode: input.canvasTextMode ?? """",
     127:     renderText:
     128:       typeof input.renderText === ""boolean"" ? String(input.renderText) : """","
"knexwriter\src\modules\Knexread\native-pdf-reader\knex-pdf-engine\integration\KnexPdfViewerRuntime.ts","C:\knexit-workspace\knexit-workspace\knexwriter\src\modules\Knexread\native-pdf-reader\knex-pdf-engine\integration\KnexPdfViewerRuntime.ts","125","fallback","fallback","     122:   console.table({
     123:     requestedBackend: input.requestedBackend ?? input.activeBackend,
     124:     activeBackend: input.activeBackend,
>>   125:     fallbackUsed: input.fallbackUsed ?? false,
     126:     canvasTextMode: input.canvasTextMode ?? """",
     127:     renderText:
     128:       typeof input.renderText === ""boolean"" ? String(input.renderText) : """","
"knexwriter\src\modules\Knexread\native-pdf-reader\knex-pdf-engine\integration\KnexPdfViewerRuntime.ts","C:\knexit-workspace\knexit-workspace\knexwriter\src\modules\Knexread\native-pdf-reader\knex-pdf-engine\integration\KnexPdfViewerRuntime.ts","130","page\.render","page.render","     127:     renderText:
     128:       typeof input.renderText === ""boolean"" ? String(input.renderText) : """",
     129:     pageNumber: input.page.pageNumber,
>>   130:     renderScale: input.page.renderScale,
     131:     outputScale: input.page.outputScale,
     132:     cssWidth: input.page.cssWidth,
     133:     cssHeight: input.page.cssHeight,"
"knexwriter\src\modules\Knexread\native-pdf-reader\knex-pdf-engine\integration\KnexPdfViewerRuntime.ts","C:\knexit-workspace\knexit-workspace\knexwriter\src\modules\Knexread\native-pdf-reader\knex-pdf-engine\integration\KnexPdfViewerRuntime.ts","131","outputScale","outputScale","     128:       typeof input.renderText === ""boolean"" ? String(input.renderText) : """",
     129:     pageNumber: input.page.pageNumber,
     130:     renderScale: input.page.renderScale,
>>   131:     outputScale: input.page.outputScale,
     132:     cssWidth: input.page.cssWidth,
     133:     cssHeight: input.page.cssHeight,
     134:     width: input.page.width,"
"knexwriter\src\modules\Knexread\native-pdf-reader\knex-pdf-engine\integration\KnexPdfViewerRuntime.ts","C:\knexit-workspace\knexit-workspace\knexwriter\src\modules\Knexread\native-pdf-reader\knex-pdf-engine\integration\KnexPdfViewerRuntime.ts","131","outputScale","outputScale","     128:       typeof input.renderText === ""boolean"" ? String(input.renderText) : """",
     129:     pageNumber: input.page.pageNumber,
     130:     renderScale: input.page.renderScale,
>>   131:     outputScale: input.page.outputScale,
     132:     cssWidth: input.page.cssWidth,
     133:     cssHeight: input.page.cssHeight,
     134:     width: input.page.width,"
"knexwriter\src\modules\Knexread\native-pdf-reader\knex-pdf-engine\integration\KnexPdfViewerRuntime.ts","C:\knexit-workspace\knexit-workspace\knexwriter\src\modules\Knexread\native-pdf-reader\knex-pdf-engine\integration\KnexPdfViewerRuntime.ts","146","canvas\.width","canvas.width","     143:   rendered: Omit<KnexPdfRenderedPage, ""backgroundColor"">;
     144: }): KnexPdfRenderedPage {
     145:   const backgroundColor = sampleCanvasBackgroundColor(input.canvas);
>>   146:   const bitmapWidth = Math.max(1, input.rendered.width || input.canvas.width);
     147:   const bitmapHeight = Math.max(1, input.rendered.height || input.canvas.height);
     148: 
     149:   return {"
"knexwriter\src\modules\Knexread\native-pdf-reader\knex-pdf-engine\integration\KnexPdfViewerRuntime.ts","C:\knexit-workspace\knexit-workspace\knexwriter\src\modules\Knexread\native-pdf-reader\knex-pdf-engine\integration\KnexPdfViewerRuntime.ts","147","canvas\.height","canvas.height","     144: }): KnexPdfRenderedPage {
     145:   const backgroundColor = sampleCanvasBackgroundColor(input.canvas);
     146:   const bitmapWidth = Math.max(1, input.rendered.width || input.canvas.width);
>>   147:   const bitmapHeight = Math.max(1, input.rendered.height || input.canvas.height);
     148: 
     149:   return {
     150:     pageNumber: input.pageNumber,"
"knexwriter\src\modules\Knexread\native-pdf-reader\knex-pdf-engine\integration\KnexPdfViewerRuntime.ts","C:\knexit-workspace\knexit-workspace\knexwriter\src\modules\Knexread\native-pdf-reader\knex-pdf-engine\integration\KnexPdfViewerRuntime.ts","162","outputScale","outputScale","     159:     pageHeightPt: input.rendered.pageHeightPt,
     160: 
     161:     renderScale: input.rendered.renderScale,
>>   162:     outputScale: input.rendered.outputScale,
     163: 
     164:     backgroundColor,
     165:     zoom: input.rendered.zoom,"
"knexwriter\src\modules\Knexread\native-pdf-reader\knex-pdf-engine\integration\KnexPdfViewerRuntime.ts","C:\knexit-workspace\knexit-workspace\knexwriter\src\modules\Knexread\native-pdf-reader\knex-pdf-engine\integration\KnexPdfViewerRuntime.ts","162","outputScale","outputScale","     159:     pageHeightPt: input.rendered.pageHeightPt,
     160: 
     161:     renderScale: input.rendered.renderScale,
>>   162:     outputScale: input.rendered.outputScale,
     163: 
     164:     backgroundColor,
     165:     zoom: input.rendered.zoom,"
"knexwriter\src\modules\Knexread\native-pdf-reader\knex-pdf-engine\integration\KnexPdfViewerRuntime.ts","C:\knexit-workspace\knexit-workspace\knexwriter\src\modules\Knexread\native-pdf-reader\knex-pdf-engine\integration\KnexPdfViewerRuntime.ts","176","outputScale","outputScale","     173:       height: bitmapHeight,
     174:       cssWidth: input.rendered.cssWidth,
     175:       cssHeight: input.rendered.cssHeight,
>>   176:       outputScale: input.rendered.outputScale,
     177:       devicePixelRatio: input.rendered.devicePixelRatio,
     178:       zoom: input.rendered.zoom,
     179:       zoomBucket: input.rendered.zoomBucket,"
"knexwriter\src\modules\Knexread\native-pdf-reader\knex-pdf-engine\integration\KnexPdfViewerRuntime.ts","C:\knexit-workspace\knexit-workspace\knexwriter\src\modules\Knexread\native-pdf-reader\knex-pdf-engine\integration\KnexPdfViewerRuntime.ts","176","outputScale","outputScale","     173:       height: bitmapHeight,
     174:       cssWidth: input.rendered.cssWidth,
     175:       cssHeight: input.rendered.cssHeight,
>>   176:       outputScale: input.rendered.outputScale,
     177:       devicePixelRatio: input.rendered.devicePixelRatio,
     178:       zoom: input.rendered.zoom,
     179:       zoomBucket: input.rendered.zoomBucket,"
"knexwriter\src\modules\Knexread\native-pdf-reader\knex-pdf-engine\integration\KnexPdfViewerRuntime.ts","C:\knexit-workspace\knexit-workspace\knexwriter\src\modules\Knexread\native-pdf-reader\knex-pdf-engine\integration\KnexPdfViewerRuntime.ts","187","outputScale","OutputScale","     184:     bitmapPixels:
     185:       input.rendered.bitmapPixels ??
     186:       Math.max(1, bitmapWidth) * Math.max(1, bitmapHeight),
>>   187:     wasOutputScaleClamped: input.rendered.wasOutputScaleClamped,
     188:   };
     189: }
     190: "
"knexwriter\src\modules\Knexread\native-pdf-reader\knex-pdf-engine\integration\KnexPdfViewerRuntime.ts","C:\knexit-workspace\knexit-workspace\knexwriter\src\modules\Knexread\native-pdf-reader\knex-pdf-engine\integration\KnexPdfViewerRuntime.ts","187","outputScale","OutputScale","     184:     bitmapPixels:
     185:       input.rendered.bitmapPixels ??
     186:       Math.max(1, bitmapWidth) * Math.max(1, bitmapHeight),
>>   187:     wasOutputScaleClamped: input.rendered.wasOutputScaleClamped,
     188:   };
     189: }
     190: "
"knexwriter\src\modules\Knexread\native-pdf-reader\knex-pdf-engine\integration\KnexPdfViewerRuntime.ts","C:\knexit-workspace\knexit-workspace\knexwriter\src\modules\Knexread\native-pdf-reader\knex-pdf-engine\integration\KnexPdfViewerRuntime.ts","192","PdfRenderBackend","PdfRenderBackend","     189: }
     190: 
     191: async function buildBackendDocumentSource(input: {
>>   192:   backend: PdfRenderBackend;
     193:   session: KnexPdfSessionLike;
     194: }): Promise<PdfBackendDocumentSource> {
     195:   const file = input.session.file;"
"knexwriter\src\modules\Knexread\native-pdf-reader\knex-pdf-engine\integration\KnexPdfViewerRuntime.ts","C:\knexit-workspace\knexit-workspace\knexwriter\src\modules\Knexread\native-pdf-reader\knex-pdf-engine\integration\KnexPdfViewerRuntime.ts","196","backend.*=","backend.id !==","     193:   session: KnexPdfSessionLike;
     194: }): Promise<PdfBackendDocumentSource> {
     195:   const file = input.session.file;
>>   196:   const shouldReadBytes = input.backend.id !== ""pdfjs"" && Boolean(file);
     197:   const data = shouldReadBytes && file
     198:     ? new Uint8Array(await file.arrayBuffer())
     199:     : undefined;"
"knexwriter\src\modules\Knexread\native-pdf-reader\knex-pdf-engine\integration\KnexPdfViewerRuntime.ts","C:\knexit-workspace\knexit-workspace\knexwriter\src\modules\Knexread\native-pdf-reader\knex-pdf-engine\integration\KnexPdfViewerRuntime.ts","216","PdfRenderBackend","PdfRenderBackend","     213: }
     214: 
     215: export async function getKnexPdfDocumentHandleWithBackend(input: {
>>   216:   backend: PdfRenderBackend;
     217:   session: KnexPdfSessionLike;
     218: }): Promise<PdfBackendDocumentHandle> {
     219:   if (!input.backend.createDocumentHandle) {"
"knexwriter\src\modules\Knexread\native-pdf-reader\knex-pdf-engine\integration\KnexPdfViewerRuntime.ts","C:\knexit-workspace\knexit-workspace\knexwriter\src\modules\Knexread\native-pdf-reader\knex-pdf-engine\integration\KnexPdfViewerRuntime.ts","221","create.*Backend","create document handles: ${input.backend","     218: }): Promise<PdfBackendDocumentHandle> {
     219:   if (!input.backend.createDocumentHandle) {
     220:     throw new Error(
>>   221:       `KnexPDF backend cannot create document handles: ${input.backend.id}`,
     222:     );
     223:   }
     224: "
"knexwriter\src\modules\Knexread\native-pdf-reader\knex-pdf-engine\integration\KnexPdfViewerRuntime.ts","C:\knexit-workspace\knexit-workspace\knexwriter\src\modules\Knexread\native-pdf-reader\knex-pdf-engine\integration\KnexPdfViewerRuntime.ts","238","create.*Backend","created = buildBackend","     235:   const cached = sessionCache.get(cacheKey);
     236:   if (cached) return cached;
     237: 
>>   238:   const created = buildBackendDocumentSource(input)
     239:     .then((source) => input.backend.createDocumentHandle?.(source))
     240:     .then((document) => {
     241:       if (!document) {"
"knexwriter\src\modules\Knexread\native-pdf-reader\knex-pdf-engine\integration\KnexPdfViewerRuntime.ts","C:\knexit-workspace\knexit-workspace\knexwriter\src\modules\Knexread\native-pdf-reader\knex-pdf-engine\integration\KnexPdfViewerRuntime.ts","265","outputScale","OutputScale","     262:   scale: number;
     263:   quality?: KnexPdfRenderQualityInput;
     264:   renderPhase?: KnexPdfRenderPhase;
>>   265:   minimumOutputScale?: number;
     266:   renderIntent?: PdfJsRenderIntent;
     267:   renderText?: boolean;
     268:   signal?: AbortSignal;"
"knexwriter\src\modules\Knexread\native-pdf-reader\knex-pdf-engine\integration\KnexPdfViewerRuntime.ts","C:\knexit-workspace\knexit-workspace\knexwriter\src\modules\Knexread\native-pdf-reader\knex-pdf-engine\integration\KnexPdfViewerRuntime.ts","279","outputScale","OutputScale","     276:     scale: normalizeScale(input.scale),
     277:     quality: input.quality,
     278:     renderPhase: input.renderPhase,
>>   279:     minimumOutputScale: input.minimumOutputScale,
     280:     renderIntent: input.renderIntent,
     281:     renderText: input.renderText,
     282:     signal: input.signal,"
"knexwriter\src\modules\Knexread\native-pdf-reader\knex-pdf-engine\integration\KnexPdfViewerRuntime.ts","C:\knexit-workspace\knexit-workspace\knexwriter\src\modules\Knexread\native-pdf-reader\knex-pdf-engine\integration\KnexPdfViewerRuntime.ts","279","outputScale","OutputScale","     276:     scale: normalizeScale(input.scale),
     277:     quality: input.quality,
     278:     renderPhase: input.renderPhase,
>>   279:     minimumOutputScale: input.minimumOutputScale,
     280:     renderIntent: input.renderIntent,
     281:     renderText: input.renderText,
     282:     signal: input.signal,"
"knexwriter\src\modules\Knexread\native-pdf-reader\knex-pdf-engine\integration\KnexPdfViewerRuntime.ts","C:\knexit-workspace\knexit-workspace\knexwriter\src\modules\Knexread\native-pdf-reader\knex-pdf-engine\integration\KnexPdfViewerRuntime.ts","293","outputScale","OutputScale","     290:   scale: number;
     291:   quality?: KnexPdfRenderQualityInput;
     292:   renderPhase?: KnexPdfRenderPhase;
>>   293:   minimumOutputScale?: number;
     294:   renderIntent?: PdfJsRenderIntent;
     295:   renderText?: boolean;
     296:   signal?: AbortSignal;"
"knexwriter\src\modules\Knexread\native-pdf-reader\knex-pdf-engine\integration\KnexPdfViewerRuntime.ts","C:\knexit-workspace\knexit-workspace\knexwriter\src\modules\Knexread\native-pdf-reader\knex-pdf-engine\integration\KnexPdfViewerRuntime.ts","309","canvas\.width","canvas.width","     306:    * rendered.cssWidth / rendered.cssHeight:
     307:    *   dimensão visual CSS.
     308:    *
>>   309:    * input.canvas.width / input.canvas.height:
     310:    *   fallback de segurança para garantir que width/height reflitam o bitmap
     311:    *   real mesmo se algum backend futuro não preencher corretamente.
     312:    */"
"knexwriter\src\modules\Knexread\native-pdf-reader\knex-pdf-engine\integration\KnexPdfViewerRuntime.ts","C:\knexit-workspace\knexit-workspace\knexwriter\src\modules\Knexread\native-pdf-reader\knex-pdf-engine\integration\KnexPdfViewerRuntime.ts","309","canvas\.height","canvas.height","     306:    * rendered.cssWidth / rendered.cssHeight:
     307:    *   dimensão visual CSS.
     308:    *
>>   309:    * input.canvas.width / input.canvas.height:
     310:    *   fallback de segurança para garantir que width/height reflitam o bitmap
     311:    *   real mesmo se algum backend futuro não preencher corretamente.
     312:    */"
"knexwriter\src\modules\Knexread\native-pdf-reader\knex-pdf-engine\integration\KnexPdfViewerRuntime.ts","C:\knexit-workspace\knexit-workspace\knexwriter\src\modules\Knexread\native-pdf-reader\knex-pdf-engine\integration\KnexPdfViewerRuntime.ts","310","fallback","fallback","     307:    *   dimensão visual CSS.
     308:    *
     309:    * input.canvas.width / input.canvas.height:
>>   310:    *   fallback de segurança para garantir que width/height reflitam o bitmap
     311:    *   real mesmo se algum backend futuro não preencher corretamente.
     312:    */
     313:   const page = createRenderedPageFromCanvas({"
"knexwriter\src\modules\Knexread\native-pdf-reader\knex-pdf-engine\integration\KnexPdfViewerRuntime.ts","C:\knexit-workspace\knexit-workspace\knexwriter\src\modules\Knexread\native-pdf-reader\knex-pdf-engine\integration\KnexPdfViewerRuntime.ts","325","active.*Backend","activeBackend","     322: 
     323:   logBackendRenderDebug({
     324:     requestedBackend: ""pdfjs"",
>>   325:     activeBackend: ""pdfjs"",
     326:     fallbackUsed: false,
     327:     canvasTextMode,
     328:     renderText: input.renderText,"
"knexwriter\src\modules\Knexread\native-pdf-reader\knex-pdf-engine\integration\KnexPdfViewerRuntime.ts","C:\knexit-workspace\knexit-workspace\knexwriter\src\modules\Knexread\native-pdf-reader\knex-pdf-engine\integration\KnexPdfViewerRuntime.ts","326","fallback","fallback","     323:   logBackendRenderDebug({
     324:     requestedBackend: ""pdfjs"",
     325:     activeBackend: ""pdfjs"",
>>   326:     fallbackUsed: false,
     327:     canvasTextMode,
     328:     renderText: input.renderText,
     329:     page,"
"knexwriter\src\modules\Knexread\native-pdf-reader\knex-pdf-engine\integration\KnexPdfViewerRuntime.ts","C:\knexit-workspace\knexit-workspace\knexwriter\src\modules\Knexread\native-pdf-reader\knex-pdf-engine\integration\KnexPdfViewerRuntime.ts","336","PdfRenderBackend","PdfRenderBackend","     333: }
     334: 
     335: export async function renderKnexPdfPageWithBackend(input: {
>>   336:   backend: PdfRenderBackend;
     337:   document: PdfBackendDocumentHandle;
     338:   pageNumber: number;
     339:   canvas: HTMLCanvasElement;"
"knexwriter\src\modules\Knexread\native-pdf-reader\knex-pdf-engine\integration\KnexPdfViewerRuntime.ts","C:\knexit-workspace\knexit-workspace\knexwriter\src\modules\Knexread\native-pdf-reader\knex-pdf-engine\integration\KnexPdfViewerRuntime.ts","346","fallback","fallback","     343:   canvasTextMode?: PdfBackendCanvasTextMode;
     344:   signal?: AbortSignal;
     345:   requestedBackend?: string;
>>   346:   fallbackUsed?: boolean;
     347:   renderPhase?: KnexPdfRenderPhase;
     348: }): Promise<KnexPdfRenderedPage> {
     349:   const canvasTextMode = resolveCanvasTextMode({"
"knexwriter\src\modules\Knexread\native-pdf-reader\knex-pdf-engine\integration\KnexPdfViewerRuntime.ts","C:\knexit-workspace\knexit-workspace\knexwriter\src\modules\Knexread\native-pdf-reader\knex-pdf-engine\integration\KnexPdfViewerRuntime.ts","378","active.*Backend","activeBackend: String(input.backend","     375: 
     376:   logBackendRenderDebug({
     377:     requestedBackend: input.requestedBackend,
>>   378:     activeBackend: String(input.backend.id),
     379:     fallbackUsed: input.fallbackUsed,
     380:     canvasTextMode,
     381:     renderText: input.renderText,"
"knexwriter\src\modules\Knexread\native-pdf-reader\knex-pdf-engine\integration\KnexPdfViewerRuntime.ts","C:\knexit-workspace\knexit-workspace\knexwriter\src\modules\Knexread\native-pdf-reader\knex-pdf-engine\integration\KnexPdfViewerRuntime.ts","379","fallback","fallback","     376:   logBackendRenderDebug({
     377:     requestedBackend: input.requestedBackend,
     378:     activeBackend: String(input.backend.id),
>>   379:     fallbackUsed: input.fallbackUsed,
     380:     canvasTextMode,
     381:     renderText: input.renderText,
     382:     page,"
"knexwriter\src\modules\Knexread\native-pdf-reader\knex-pdf-engine\integration\KnexPdfViewerRuntime.ts","C:\knexit-workspace\knexit-workspace\knexwriter\src\modules\Knexread\native-pdf-reader\knex-pdf-engine\integration\KnexPdfViewerRuntime.ts","379","fallback","fallback","     376:   logBackendRenderDebug({
     377:     requestedBackend: input.requestedBackend,
     378:     activeBackend: String(input.backend.id),
>>   379:     fallbackUsed: input.fallbackUsed,
     380:     canvasTextMode,
     381:     renderText: input.renderText,
     382:     page,"
"knexwriter\src\modules\Knexread\native-pdf-reader\knex-pdf-engine\integration\KnexPdfViewerRuntime.ts","C:\knexit-workspace\knexit-workspace\knexwriter\src\modules\Knexread\native-pdf-reader\knex-pdf-engine\integration\KnexPdfViewerRuntime.ts","405","PdfRenderBackend","PdfRenderBackend","     402: }
     403: 
     404: export async function extractKnexPdfTextBlocksWithBackend(input: {
>>   405:   backend: PdfRenderBackend;
     406:   document: PdfBackendDocumentHandle;
     407:   pageNumber: number;
     408:   scale: number;"
"knexwriter\src\modules\Knexread\native-pdf-reader\knex-pdf-engine\integration\KnexPdfViewerRuntime.ts","C:\knexit-workspace\knexit-workspace\knexwriter\src\modules\Knexread\native-pdf-reader\knex-pdf-engine\integration\KnexPdfViewerRuntime.ts","438","PdfRenderBackend","PdfRenderBackend","     435: }
     436: 
     437: export async function extractKnexPdfPageLinksWithBackend(input: {
>>   438:   backend: PdfRenderBackend;
     439:   document: PdfBackendDocumentHandle;
     440:   pageNumber: number;
     441:   scale: number;"
"knexwriter\src\modules\Knexread\native-pdf-reader\knex-pdf-engine\KnexPdfEngine.ts","C:\knexit-workspace\knexit-workspace\knexwriter\src\modules\Knexread\native-pdf-reader\knex-pdf-engine\KnexPdfEngine.ts","8","create.*Backend","createDefaultBackend","       5: } from ""./backends/BackendSelector"";
       6: import {
       7:   BackendRegistry,
>>     8:   createDefaultBackendRegistry,
       9: } from ""./backends/BackendRegistry"";
      10: import type { PdfRenderBackend } from ""./backends/PdfRenderBackend"";
      11: import {"
"knexwriter\src\modules\Knexread\native-pdf-reader\knex-pdf-engine\KnexPdfEngine.ts","C:\knexit-workspace\knexit-workspace\knexwriter\src\modules\Knexread\native-pdf-reader\knex-pdf-engine\KnexPdfEngine.ts","10","PdfRenderBackend","PdfRenderBackend","       7:   BackendRegistry,
       8:   createDefaultBackendRegistry,
       9: } from ""./backends/BackendRegistry"";
>>    10: import type { PdfRenderBackend } from ""./backends/PdfRenderBackend"";
      11: import {
      12:   createInitialKnexPdfEngineState,
      13:   updateKnexPdfBackendState,"
"knexwriter\src\modules\Knexread\native-pdf-reader\knex-pdf-engine\KnexPdfEngine.ts","C:\knexit-workspace\knexit-workspace\knexwriter\src\modules\Knexread\native-pdf-reader\knex-pdf-engine\KnexPdfEngine.ts","10","PdfRenderBackend","PdfRenderBackend","       7:   BackendRegistry,
       8:   createDefaultBackendRegistry,
       9: } from ""./backends/BackendRegistry"";
>>    10: import type { PdfRenderBackend } from ""./backends/PdfRenderBackend"";
      11: import {
      12:   createInitialKnexPdfEngineState,
      13:   updateKnexPdfBackendState,"
"knexwriter\src\modules\Knexread\native-pdf-reader\knex-pdf-engine\KnexPdfEngine.ts","C:\knexit-workspace\knexit-workspace\knexwriter\src\modules\Knexread\native-pdf-reader\knex-pdf-engine\KnexPdfEngine.ts","12","pdfEngine","PdfEngine","       9: } from ""./backends/BackendRegistry"";
      10: import type { PdfRenderBackend } from ""./backends/PdfRenderBackend"";
      11: import {
>>    12:   createInitialKnexPdfEngineState,
      13:   updateKnexPdfBackendState,
      14:   type KnexPdfEngineState,
      15:   type KnexPdfBackendSelectionMode,"
"knexwriter\src\modules\Knexread\native-pdf-reader\knex-pdf-engine\KnexPdfEngine.ts","C:\knexit-workspace\knexit-workspace\knexwriter\src\modules\Knexread\native-pdf-reader\knex-pdf-engine\KnexPdfEngine.ts","14","pdfEngine","PdfEngine","      11: import {
      12:   createInitialKnexPdfEngineState,
      13:   updateKnexPdfBackendState,
>>    14:   type KnexPdfEngineState,
      15:   type KnexPdfBackendSelectionMode,
      16: } from ""./core/engineState"";
      17: import type {"
"knexwriter\src\modules\Knexread\native-pdf-reader\knex-pdf-engine\KnexPdfEngine.ts","C:\knexit-workspace\knexit-workspace\knexwriter\src\modules\Knexread\native-pdf-reader\knex-pdf-engine\KnexPdfEngine.ts","18","pdfEngine","PdfEngine","      15:   type KnexPdfBackendSelectionMode,
      16: } from ""./core/engineState"";
      17: import type {
>>    18:   KnexPdfEngineEvent,
      19:   KnexPdfEngineEventListener,
      20: } from ""./core/engineEvents"";
      21: import type { KnexPdfEngineLogger } from ""./core/engineLogger"";"
"knexwriter\src\modules\Knexread\native-pdf-reader\knex-pdf-engine\KnexPdfEngine.ts","C:\knexit-workspace\knexit-workspace\knexwriter\src\modules\Knexread\native-pdf-reader\knex-pdf-engine\KnexPdfEngine.ts","19","pdfEngine","PdfEngine","      16: } from ""./core/engineState"";
      17: import type {
      18:   KnexPdfEngineEvent,
>>    19:   KnexPdfEngineEventListener,
      20: } from ""./core/engineEvents"";
      21: import type { KnexPdfEngineLogger } from ""./core/engineLogger"";
      22: import { silentKnexPdfLogger } from ""./core/engineLogger"";"
"knexwriter\src\modules\Knexread\native-pdf-reader\knex-pdf-engine\KnexPdfEngine.ts","C:\knexit-workspace\knexit-workspace\knexwriter\src\modules\Knexread\native-pdf-reader\knex-pdf-engine\KnexPdfEngine.ts","21","pdfEngine","PdfEngine","      18:   KnexPdfEngineEvent,
      19:   KnexPdfEngineEventListener,
      20: } from ""./core/engineEvents"";
>>    21: import type { KnexPdfEngineLogger } from ""./core/engineLogger"";
      22: import { silentKnexPdfLogger } from ""./core/engineLogger"";
      23: import type {
      24:   KnexPdfBackendId,"
"knexwriter\src\modules\Knexread\native-pdf-reader\knex-pdf-engine\KnexPdfEngine.ts","C:\knexit-workspace\knexit-workspace\knexwriter\src\modules\Knexread\native-pdf-reader\knex-pdf-engine\KnexPdfEngine.ts","63","pdfEngine","PdfEngine","      60:   force?: boolean;
      61: };
      62: 
>>    63: export type KnexPdfEngineSnapshot = {
      64:   state: KnexPdfEngineState;
      65:   zoom: number;
      66:   layoutVersion: number;"
"knexwriter\src\modules\Knexread\native-pdf-reader\knex-pdf-engine\KnexPdfEngine.ts","C:\knexit-workspace\knexit-workspace\knexwriter\src\modules\Knexread\native-pdf-reader\knex-pdf-engine\KnexPdfEngine.ts","63","engine.*=","EngineSnapshot =","      60:   force?: boolean;
      61: };
      62: 
>>    63: export type KnexPdfEngineSnapshot = {
      64:   state: KnexPdfEngineState;
      65:   zoom: number;
      66:   layoutVersion: number;"
"knexwriter\src\modules\Knexread\native-pdf-reader\knex-pdf-engine\KnexPdfEngine.ts","C:\knexit-workspace\knexit-workspace\knexwriter\src\modules\Knexread\native-pdf-reader\knex-pdf-engine\KnexPdfEngine.ts","64","pdfEngine","PdfEngine","      61: };
      62: 
      63: export type KnexPdfEngineSnapshot = {
>>    64:   state: KnexPdfEngineState;
      65:   zoom: number;
      66:   layoutVersion: number;
      67:   renderVersion: number;"
"knexwriter\src\modules\Knexread\native-pdf-reader\knex-pdf-engine\KnexPdfEngine.ts","C:\knexit-workspace\knexit-workspace\knexwriter\src\modules\Knexread\native-pdf-reader\knex-pdf-engine\KnexPdfEngine.ts","67","renderVersion","renderVersion","      64:   state: KnexPdfEngineState;
      65:   zoom: number;
      66:   layoutVersion: number;
>>    67:   renderVersion: number;
      68:   pageCount: number;
      69: };
      70: "
"knexwriter\src\modules\Knexread\native-pdf-reader\knex-pdf-engine\KnexPdfEngine.ts","C:\knexit-workspace\knexit-workspace\knexwriter\src\modules\Knexread\native-pdf-reader\knex-pdf-engine\KnexPdfEngine.ts","75","fallback","fallback","      72:   return Math.max(0, Math.floor(Number.isFinite(pageCount) ? pageCount : 0));
      73: }
      74: 
>>    75: function normalizeErrorReason(error: unknown, fallback: string): string {
      76:   return error instanceof Error ? error.message : fallback;
      77: }
      78: "
"knexwriter\src\modules\Knexread\native-pdf-reader\knex-pdf-engine\KnexPdfEngine.ts","C:\knexit-workspace\knexit-workspace\knexwriter\src\modules\Knexread\native-pdf-reader\knex-pdf-engine\KnexPdfEngine.ts","76","fallback","fallback","      73: }
      74: 
      75: function normalizeErrorReason(error: unknown, fallback: string): string {
>>    76:   return error instanceof Error ? error.message : fallback;
      77: }
      78: 
      79: const BACKEND_RECOVERY_BASE_DELAY_MS = 10_000;"
"knexwriter\src\modules\Knexread\native-pdf-reader\knex-pdf-engine\KnexPdfEngine.ts","C:\knexit-workspace\knexit-workspace\knexwriter\src\modules\Knexread\native-pdf-reader\knex-pdf-engine\KnexPdfEngine.ts","79","backend.*=","BACKEND_RECOVERY_BASE_DELAY_MS =","      76:   return error instanceof Error ? error.message : fallback;
      77: }
      78: 
>>    79: const BACKEND_RECOVERY_BASE_DELAY_MS = 10_000;
      80: const BACKEND_RECOVERY_MAX_DELAY_MS = 120_000;
      81: 
      82: function shouldRecoverBackend("
"knexwriter\src\modules\Knexread\native-pdf-reader\knex-pdf-engine\KnexPdfEngine.ts","C:\knexit-workspace\knexit-workspace\knexwriter\src\modules\Knexread\native-pdf-reader\knex-pdf-engine\KnexPdfEngine.ts","80","backend.*=","BACKEND_RECOVERY_MAX_DELAY_MS =","      77: }
      78: 
      79: const BACKEND_RECOVERY_BASE_DELAY_MS = 10_000;
>>    80: const BACKEND_RECOVERY_MAX_DELAY_MS = 120_000;
      81: 
      82: function shouldRecoverBackend(
      83:   preferredBackend: KnexPdfBackendSelectionMode,"
"knexwriter\src\modules\Knexread\native-pdf-reader\knex-pdf-engine\KnexPdfEngine.ts","C:\knexit-workspace\knexit-workspace\knexwriter\src\modules\Knexread\native-pdf-reader\knex-pdf-engine\KnexPdfEngine.ts","83","preferred.*Backend","preferredBackend: KnexPdfBackend","      80: const BACKEND_RECOVERY_MAX_DELAY_MS = 120_000;
      81: 
      82: function shouldRecoverBackend(
>>    83:   preferredBackend: KnexPdfBackendSelectionMode,
      84: ): boolean {
      85:   return preferredBackend !== ""pdfjs"";
      86: }"
"knexwriter\src\modules\Knexread\native-pdf-reader\knex-pdf-engine\KnexPdfEngine.ts","C:\knexit-workspace\knexit-workspace\knexwriter\src\modules\Knexread\native-pdf-reader\knex-pdf-engine\KnexPdfEngine.ts","85","backend.*=","Backend !==","      82: function shouldRecoverBackend(
      83:   preferredBackend: KnexPdfBackendSelectionMode,
      84: ): boolean {
>>    85:   return preferredBackend !== ""pdfjs"";
      86: }
      87: 
      88: /**"
"knexwriter\src\modules\Knexread\native-pdf-reader\knex-pdf-engine\KnexPdfEngine.ts","C:\knexit-workspace\knexit-workspace\knexwriter\src\modules\Knexread\native-pdf-reader\knex-pdf-engine\KnexPdfEngine.ts","85","preferred.*Backend","preferredBackend","      82: function shouldRecoverBackend(
      83:   preferredBackend: KnexPdfBackendSelectionMode,
      84: ): boolean {
>>    85:   return preferredBackend !== ""pdfjs"";
      86: }
      87: 
      88: /**"
"knexwriter\src\modules\Knexread\native-pdf-reader\knex-pdf-engine\KnexPdfEngine.ts","C:\knexit-workspace\knexit-workspace\knexwriter\src\modules\Knexread\native-pdf-reader\knex-pdf-engine\KnexPdfEngine.ts","89","pdfEngine","PdfEngine","      86: }
      87: 
      88: /**
>>    89:  * KnexPdfEngine
      90:  * ------------------------------------------------------------
      91:  * Motor central do leitor PDF.
      92:  *"
"knexwriter\src\modules\Knexread\native-pdf-reader\knex-pdf-engine\KnexPdfEngine.ts","C:\knexit-workspace\knexit-workspace\knexwriter\src\modules\Knexread\native-pdf-reader\knex-pdf-engine\KnexPdfEngine.ts","97","renderVersion","renderVersion","      94:  * - manter estado global do engine;
      95:  * - controlar zoom de forma clampada, versionada e previsível;
      96:  * - emitir eventos de mudança;
>>    97:  * - impedir incrementos desnecessários de layoutVersion/renderVersion;
      98:  * - servir como núcleo para web, PWA, desktop e mobile.
      99:  *
     100:  * Responsabilidade que este arquivo NÃO deve assumir:"
"knexwriter\src\modules\Knexread\native-pdf-reader\knex-pdf-engine\KnexPdfEngine.ts","C:\knexit-workspace\knexit-workspace\knexwriter\src\modules\Knexread\native-pdf-reader\knex-pdf-engine\KnexPdfEngine.ts","115","pdfEngine","PdfEngine","     112:  * 5. HorizontalOverflowController atualiza overflow sem sobrescrever wheel-zoom;
     113:  * 6. RulerScrollSyncController sincroniza a régua.
     114:  */
>>   115: export class KnexPdfEngine {
     116:   private state: KnexPdfEngineState;
     117:   private readonly listeners = new Set<KnexPdfEngineEventListener>();
     118:   private activeRenderBackend: PdfRenderBackend;"
"knexwriter\src\modules\Knexread\native-pdf-reader\knex-pdf-engine\KnexPdfEngine.ts","C:\knexit-workspace\knexit-workspace\knexwriter\src\modules\Knexread\native-pdf-reader\knex-pdf-engine\KnexPdfEngine.ts","116","pdfEngine","PdfEngine","     113:  * 6. RulerScrollSyncController sincroniza a régua.
     114:  */
     115: export class KnexPdfEngine {
>>   116:   private state: KnexPdfEngineState;
     117:   private readonly listeners = new Set<KnexPdfEngineEventListener>();
     118:   private activeRenderBackend: PdfRenderBackend;
     119:   private backendRecoveryTimer: ReturnType<typeof setTimeout> | null = null;"
"knexwriter\src\modules\Knexread\native-pdf-reader\knex-pdf-engine\KnexPdfEngine.ts","C:\knexit-workspace\knexit-workspace\knexwriter\src\modules\Knexread\native-pdf-reader\knex-pdf-engine\KnexPdfEngine.ts","117","pdfEngine","PdfEngine","     114:  */
     115: export class KnexPdfEngine {
     116:   private state: KnexPdfEngineState;
>>   117:   private readonly listeners = new Set<KnexPdfEngineEventListener>();
     118:   private activeRenderBackend: PdfRenderBackend;
     119:   private backendRecoveryTimer: ReturnType<typeof setTimeout> | null = null;
     120:   private backendRecoveryAttempt = 0;"
"knexwriter\src\modules\Knexread\native-pdf-reader\knex-pdf-engine\KnexPdfEngine.ts","C:\knexit-workspace\knexit-workspace\knexwriter\src\modules\Knexread\native-pdf-reader\knex-pdf-engine\KnexPdfEngine.ts","118","PdfRenderBackend","PdfRenderBackend","     115: export class KnexPdfEngine {
     116:   private state: KnexPdfEngineState;
     117:   private readonly listeners = new Set<KnexPdfEngineEventListener>();
>>   118:   private activeRenderBackend: PdfRenderBackend;
     119:   private backendRecoveryTimer: ReturnType<typeof setTimeout> | null = null;
     120:   private backendRecoveryAttempt = 0;
     121: "
"knexwriter\src\modules\Knexread\native-pdf-reader\knex-pdf-engine\KnexPdfEngine.ts","C:\knexit-workspace\knexit-workspace\knexwriter\src\modules\Knexread\native-pdf-reader\knex-pdf-engine\KnexPdfEngine.ts","118","active.*Backend","activeRenderBackend: PdfRenderBackend","     115: export class KnexPdfEngine {
     116:   private state: KnexPdfEngineState;
     117:   private readonly listeners = new Set<KnexPdfEngineEventListener>();
>>   118:   private activeRenderBackend: PdfRenderBackend;
     119:   private backendRecoveryTimer: ReturnType<typeof setTimeout> | null = null;
     120:   private backendRecoveryAttempt = 0;
     121: "
"knexwriter\src\modules\Knexread\native-pdf-reader\knex-pdf-engine\KnexPdfEngine.ts","C:\knexit-workspace\knexit-workspace\knexwriter\src\modules\Knexread\native-pdf-reader\knex-pdf-engine\KnexPdfEngine.ts","119","backend.*=","backendRecoveryTimer: ReturnType<typeof setTimeout> | null =","     116:   private state: KnexPdfEngineState;
     117:   private readonly listeners = new Set<KnexPdfEngineEventListener>();
     118:   private activeRenderBackend: PdfRenderBackend;
>>   119:   private backendRecoveryTimer: ReturnType<typeof setTimeout> | null = null;
     120:   private backendRecoveryAttempt = 0;
     121: 
     122:   readonly pdfJsBackend = new PdfJsBackend();"
"knexwriter\src\modules\Knexread\native-pdf-reader\knex-pdf-engine\KnexPdfEngine.ts","C:\knexit-workspace\knexit-workspace\knexwriter\src\modules\Knexread\native-pdf-reader\knex-pdf-engine\KnexPdfEngine.ts","120","backend.*=","backendRecoveryAttempt =","     117:   private readonly listeners = new Set<KnexPdfEngineEventListener>();
     118:   private activeRenderBackend: PdfRenderBackend;
     119:   private backendRecoveryTimer: ReturnType<typeof setTimeout> | null = null;
>>   120:   private backendRecoveryAttempt = 0;
     121: 
     122:   readonly pdfJsBackend = new PdfJsBackend();
     123:   readonly backendRegistry: BackendRegistry;"
"knexwriter\src\modules\Knexread\native-pdf-reader\knex-pdf-engine\KnexPdfEngine.ts","C:\knexit-workspace\knexit-workspace\knexwriter\src\modules\Knexread\native-pdf-reader\knex-pdf-engine\KnexPdfEngine.ts","122","backend.*=","Backend =","     119:   private backendRecoveryTimer: ReturnType<typeof setTimeout> | null = null;
     120:   private backendRecoveryAttempt = 0;
     121: 
>>   122:   readonly pdfJsBackend = new PdfJsBackend();
     123:   readonly backendRegistry: BackendRegistry;
     124:   readonly backendSelector: BackendSelector;
     125: "
"knexwriter\src\modules\Knexread\native-pdf-reader\knex-pdf-engine\KnexPdfEngine.ts","C:\knexit-workspace\knexit-workspace\knexwriter\src\modules\Knexread\native-pdf-reader\knex-pdf-engine\KnexPdfEngine.ts","124","select.*Backend","Selector: Backend","     121: 
     122:   readonly pdfJsBackend = new PdfJsBackend();
     123:   readonly backendRegistry: BackendRegistry;
>>   124:   readonly backendSelector: BackendSelector;
     125: 
     126:   constructor(
     127:     private readonly logger: KnexPdfEngineLogger = silentKnexPdfLogger,"
"knexwriter\src\modules\Knexread\native-pdf-reader\knex-pdf-engine\KnexPdfEngine.ts","C:\knexit-workspace\knexit-workspace\knexwriter\src\modules\Knexread\native-pdf-reader\knex-pdf-engine\KnexPdfEngine.ts","127","engine.*=","EngineLogger =","     124:   readonly backendSelector: BackendSelector;
     125: 
     126:   constructor(
>>   127:     private readonly logger: KnexPdfEngineLogger = silentKnexPdfLogger,
     128:   ) {
     129:     this.backendRegistry = createDefaultBackendRegistry({
     130:       pdfJsBackend: this.pdfJsBackend,"
"knexwriter\src\modules\Knexread\native-pdf-reader\knex-pdf-engine\KnexPdfEngine.ts","C:\knexit-workspace\knexit-workspace\knexwriter\src\modules\Knexread\native-pdf-reader\knex-pdf-engine\KnexPdfEngine.ts","127","pdfEngine","PdfEngine","     124:   readonly backendSelector: BackendSelector;
     125: 
     126:   constructor(
>>   127:     private readonly logger: KnexPdfEngineLogger = silentKnexPdfLogger,
     128:   ) {
     129:     this.backendRegistry = createDefaultBackendRegistry({
     130:       pdfJsBackend: this.pdfJsBackend,"
"knexwriter\src\modules\Knexread\native-pdf-reader\knex-pdf-engine\KnexPdfEngine.ts","C:\knexit-workspace\knexit-workspace\knexwriter\src\modules\Knexread\native-pdf-reader\knex-pdf-engine\KnexPdfEngine.ts","129","backend.*=","backendRegistry =","     126:   constructor(
     127:     private readonly logger: KnexPdfEngineLogger = silentKnexPdfLogger,
     128:   ) {
>>   129:     this.backendRegistry = createDefaultBackendRegistry({
     130:       pdfJsBackend: this.pdfJsBackend,
     131:     });
     132:     this.backendSelector = new BackendSelector(this.backendRegistry);"
"knexwriter\src\modules\Knexread\native-pdf-reader\knex-pdf-engine\KnexPdfEngine.ts","C:\knexit-workspace\knexit-workspace\knexwriter\src\modules\Knexread\native-pdf-reader\knex-pdf-engine\KnexPdfEngine.ts","129","create.*Backend","createDefaultBackend","     126:   constructor(
     127:     private readonly logger: KnexPdfEngineLogger = silentKnexPdfLogger,
     128:   ) {
>>   129:     this.backendRegistry = createDefaultBackendRegistry({
     130:       pdfJsBackend: this.pdfJsBackend,
     131:     });
     132:     this.backendSelector = new BackendSelector(this.backendRegistry);"
"knexwriter\src\modules\Knexread\native-pdf-reader\knex-pdf-engine\KnexPdfEngine.ts","C:\knexit-workspace\knexit-workspace\knexwriter\src\modules\Knexread\native-pdf-reader\knex-pdf-engine\KnexPdfEngine.ts","132","backend.*=","backendSelector =","     129:     this.backendRegistry = createDefaultBackendRegistry({
     130:       pdfJsBackend: this.pdfJsBackend,
     131:     });
>>   132:     this.backendSelector = new BackendSelector(this.backendRegistry);
     133:     this.activeRenderBackend = this.pdfJsBackend;
     134:     this.state = createInitialKnexPdfEngineState(
     135:       detectKnexPdfDeviceCapabilities(),"
"knexwriter\src\modules\Knexread\native-pdf-reader\knex-pdf-engine\KnexPdfEngine.ts","C:\knexit-workspace\knexit-workspace\knexwriter\src\modules\Knexread\native-pdf-reader\knex-pdf-engine\KnexPdfEngine.ts","132","select.*Backend","Selector = new BackendSelector(this.backend","     129:     this.backendRegistry = createDefaultBackendRegistry({
     130:       pdfJsBackend: this.pdfJsBackend,
     131:     });
>>   132:     this.backendSelector = new BackendSelector(this.backendRegistry);
     133:     this.activeRenderBackend = this.pdfJsBackend;
     134:     this.state = createInitialKnexPdfEngineState(
     135:       detectKnexPdfDeviceCapabilities(),"
"knexwriter\src\modules\Knexread\native-pdf-reader\knex-pdf-engine\KnexPdfEngine.ts","C:\knexit-workspace\knexit-workspace\knexwriter\src\modules\Knexread\native-pdf-reader\knex-pdf-engine\KnexPdfEngine.ts","133","active.*Backend","activeRenderBackend = this.pdfJsBackend","     130:       pdfJsBackend: this.pdfJsBackend,
     131:     });
     132:     this.backendSelector = new BackendSelector(this.backendRegistry);
>>   133:     this.activeRenderBackend = this.pdfJsBackend;
     134:     this.state = createInitialKnexPdfEngineState(
     135:       detectKnexPdfDeviceCapabilities(),
     136:     );"
"knexwriter\src\modules\Knexread\native-pdf-reader\knex-pdf-engine\KnexPdfEngine.ts","C:\knexit-workspace\knexit-workspace\knexwriter\src\modules\Knexread\native-pdf-reader\knex-pdf-engine\KnexPdfEngine.ts","133","backend.*=","Backend =","     130:       pdfJsBackend: this.pdfJsBackend,
     131:     });
     132:     this.backendSelector = new BackendSelector(this.backendRegistry);
>>   133:     this.activeRenderBackend = this.pdfJsBackend;
     134:     this.state = createInitialKnexPdfEngineState(
     135:       detectKnexPdfDeviceCapabilities(),
     136:     );"
"knexwriter\src\modules\Knexread\native-pdf-reader\knex-pdf-engine\KnexPdfEngine.ts","C:\knexit-workspace\knexit-workspace\knexwriter\src\modules\Knexread\native-pdf-reader\knex-pdf-engine\KnexPdfEngine.ts","134","pdfEngine","PdfEngine","     131:     });
     132:     this.backendSelector = new BackendSelector(this.backendRegistry);
     133:     this.activeRenderBackend = this.pdfJsBackend;
>>   134:     this.state = createInitialKnexPdfEngineState(
     135:       detectKnexPdfDeviceCapabilities(),
     136:     );
     137:   }"
"knexwriter\src\modules\Knexread\native-pdf-reader\knex-pdf-engine\KnexPdfEngine.ts","C:\knexit-workspace\knexit-workspace\knexwriter\src\modules\Knexread\native-pdf-reader\knex-pdf-engine\KnexPdfEngine.ts","139","pdfEngine","PdfEngine","     136:     );
     137:   }
     138: 
>>   139:   getState(): KnexPdfEngineState {
     140:     return this.state;
     141:   }
     142: "
"knexwriter\src\modules\Knexread\native-pdf-reader\knex-pdf-engine\KnexPdfEngine.ts","C:\knexit-workspace\knexit-workspace\knexwriter\src\modules\Knexread\native-pdf-reader\knex-pdf-engine\KnexPdfEngine.ts","143","pdfEngine","PdfEngine","     140:     return this.state;
     141:   }
     142: 
>>   143:   getSnapshot(): KnexPdfEngineSnapshot {
     144:     return {
     145:       state: this.state,
     146:       zoom: this.state.zoom,"
"knexwriter\src\modules\Knexread\native-pdf-reader\knex-pdf-engine\KnexPdfEngine.ts","C:\knexit-workspace\knexit-workspace\knexwriter\src\modules\Knexread\native-pdf-reader\knex-pdf-engine\KnexPdfEngine.ts","148","renderVersion","renderVersion","     145:       state: this.state,
     146:       zoom: this.state.zoom,
     147:       layoutVersion: this.state.layoutVersion,
>>   148:       renderVersion: this.state.renderVersion,
     149:       pageCount: this.state.pageCount,
     150:     };
     151:   }"
"knexwriter\src\modules\Knexread\native-pdf-reader\knex-pdf-engine\KnexPdfEngine.ts","C:\knexit-workspace\knexit-workspace\knexwriter\src\modules\Knexread\native-pdf-reader\knex-pdf-engine\KnexPdfEngine.ts","148","renderVersion","renderVersion","     145:       state: this.state,
     146:       zoom: this.state.zoom,
     147:       layoutVersion: this.state.layoutVersion,
>>   148:       renderVersion: this.state.renderVersion,
     149:       pageCount: this.state.pageCount,
     150:     };
     151:   }"
"knexwriter\src\modules\Knexread\native-pdf-reader\knex-pdf-engine\KnexPdfEngine.ts","C:\knexit-workspace\knexit-workspace\knexwriter\src\modules\Knexread\native-pdf-reader\knex-pdf-engine\KnexPdfEngine.ts","161","renderVersion","RenderVersion","     158:     return this.state.layoutVersion;
     159:   }
     160: 
>>   161:   getRenderVersion(): number {
     162:     return this.state.renderVersion;
     163:   }
     164: "
"knexwriter\src\modules\Knexread\native-pdf-reader\knex-pdf-engine\KnexPdfEngine.ts","C:\knexit-workspace\knexit-workspace\knexwriter\src\modules\Knexread\native-pdf-reader\knex-pdf-engine\KnexPdfEngine.ts","162","renderVersion","renderVersion","     159:   }
     160: 
     161:   getRenderVersion(): number {
>>   162:     return this.state.renderVersion;
     163:   }
     164: 
     165:   getPageCount(): number {"
"knexwriter\src\modules\Knexread\native-pdf-reader\knex-pdf-engine\KnexPdfEngine.ts","C:\knexit-workspace\knexit-workspace\knexwriter\src\modules\Knexread\native-pdf-reader\knex-pdf-engine\KnexPdfEngine.ts","169","preferred.*Backend","PreferredBackend(): KnexPdfBackend","     166:     return this.state.pageCount;
     167:   }
     168: 
>>   169:   getPreferredBackend(): KnexPdfBackendSelectionMode {
     170:     return this.state.preferredBackend;
     171:   }
     172: "
"knexwriter\src\modules\Knexread\native-pdf-reader\knex-pdf-engine\KnexPdfEngine.ts","C:\knexit-workspace\knexit-workspace\knexwriter\src\modules\Knexread\native-pdf-reader\knex-pdf-engine\KnexPdfEngine.ts","170","preferred.*Backend","preferredBackend","     167:   }
     168: 
     169:   getPreferredBackend(): KnexPdfBackendSelectionMode {
>>   170:     return this.state.preferredBackend;
     171:   }
     172: 
     173:   getActiveBackend(): KnexPdfBackendId {"
"knexwriter\src\modules\Knexread\native-pdf-reader\knex-pdf-engine\KnexPdfEngine.ts","C:\knexit-workspace\knexit-workspace\knexwriter\src\modules\Knexread\native-pdf-reader\knex-pdf-engine\KnexPdfEngine.ts","173","active.*Backend","ActiveBackend(): KnexPdfBackend","     170:     return this.state.preferredBackend;
     171:   }
     172: 
>>   173:   getActiveBackend(): KnexPdfBackendId {
     174:     return this.state.activeBackend;
     175:   }
     176: "
"knexwriter\src\modules\Knexread\native-pdf-reader\knex-pdf-engine\KnexPdfEngine.ts","C:\knexit-workspace\knexit-workspace\knexwriter\src\modules\Knexread\native-pdf-reader\knex-pdf-engine\KnexPdfEngine.ts","174","active.*Backend","activeBackend","     171:   }
     172: 
     173:   getActiveBackend(): KnexPdfBackendId {
>>   174:     return this.state.activeBackend;
     175:   }
     176: 
     177:   getBackend(): PdfRenderBackend {"
"knexwriter\src\modules\Knexread\native-pdf-reader\knex-pdf-engine\KnexPdfEngine.ts","C:\knexit-workspace\knexit-workspace\knexwriter\src\modules\Knexread\native-pdf-reader\knex-pdf-engine\KnexPdfEngine.ts","177","PdfRenderBackend","PdfRenderBackend","     174:     return this.state.activeBackend;
     175:   }
     176: 
>>   177:   getBackend(): PdfRenderBackend {
     178:     return (
     179:       this.activeRenderBackend ??
     180:       this.backendRegistry.get(this.state.activeBackend) ??"
"knexwriter\src\modules\Knexread\native-pdf-reader\knex-pdf-engine\KnexPdfEngine.ts","C:\knexit-workspace\knexit-workspace\knexwriter\src\modules\Knexread\native-pdf-reader\knex-pdf-engine\KnexPdfEngine.ts","179","active.*Backend","activeRenderBackend","     176: 
     177:   getBackend(): PdfRenderBackend {
     178:     return (
>>   179:       this.activeRenderBackend ??
     180:       this.backendRegistry.get(this.state.activeBackend) ??
     181:       this.pdfJsBackend
     182:     );"
"knexwriter\src\modules\Knexread\native-pdf-reader\knex-pdf-engine\KnexPdfEngine.ts","C:\knexit-workspace\knexit-workspace\knexwriter\src\modules\Knexread\native-pdf-reader\knex-pdf-engine\KnexPdfEngine.ts","180","active.*Backend","activeBackend","     177:   getBackend(): PdfRenderBackend {
     178:     return (
     179:       this.activeRenderBackend ??
>>   180:       this.backendRegistry.get(this.state.activeBackend) ??
     181:       this.pdfJsBackend
     182:     );
     183:   }"
"knexwriter\src\modules\Knexread\native-pdf-reader\knex-pdf-engine\KnexPdfEngine.ts","C:\knexit-workspace\knexit-workspace\knexwriter\src\modules\Knexread\native-pdf-reader\knex-pdf-engine\KnexPdfEngine.ts","186","preferred.*Backend","preferredBackend: KnexPdfBackend","     183:   }
     184: 
     185:   async setBackend(
>>   186:     preferredBackend: KnexPdfBackendSelectionMode,
     187:   ): Promise<KnexPdfEngineState> {
     188:     await this.resolveActiveBackend(preferredBackend);
     189:     return this.state;"
"knexwriter\src\modules\Knexread\native-pdf-reader\knex-pdf-engine\KnexPdfEngine.ts","C:\knexit-workspace\knexit-workspace\knexwriter\src\modules\Knexread\native-pdf-reader\knex-pdf-engine\KnexPdfEngine.ts","187","pdfEngine","PdfEngine","     184: 
     185:   async setBackend(
     186:     preferredBackend: KnexPdfBackendSelectionMode,
>>   187:   ): Promise<KnexPdfEngineState> {
     188:     await this.resolveActiveBackend(preferredBackend);
     189:     return this.state;
     190:   }"
"knexwriter\src\modules\Knexread\native-pdf-reader\knex-pdf-engine\KnexPdfEngine.ts","C:\knexit-workspace\knexit-workspace\knexwriter\src\modules\Knexread\native-pdf-reader\knex-pdf-engine\KnexPdfEngine.ts","188","active.*Backend","ActiveBackend(preferredBackend","     185:   async setBackend(
     186:     preferredBackend: KnexPdfBackendSelectionMode,
     187:   ): Promise<KnexPdfEngineState> {
>>   188:     await this.resolveActiveBackend(preferredBackend);
     189:     return this.state;
     190:   }
     191: "
"knexwriter\src\modules\Knexread\native-pdf-reader\knex-pdf-engine\KnexPdfEngine.ts","C:\knexit-workspace\knexit-workspace\knexwriter\src\modules\Knexread\native-pdf-reader\knex-pdf-engine\KnexPdfEngine.ts","188","preferred.*Backend","preferredBackend","     185:   async setBackend(
     186:     preferredBackend: KnexPdfBackendSelectionMode,
     187:   ): Promise<KnexPdfEngineState> {
>>   188:     await this.resolveActiveBackend(preferredBackend);
     189:     return this.state;
     190:   }
     191: "
"knexwriter\src\modules\Knexread\native-pdf-reader\knex-pdf-engine\KnexPdfEngine.ts","C:\knexit-workspace\knexit-workspace\knexwriter\src\modules\Knexread\native-pdf-reader\knex-pdf-engine\KnexPdfEngine.ts","192","active.*Backend","ActiveBackend","     189:     return this.state;
     190:   }
     191: 
>>   192:   async resolveActiveBackend(
     193:     preferredBackend: KnexPdfBackendSelectionMode = this.state.preferredBackend,
     194:   ): Promise<BackendSelectionResult> {
     195:     try {"
"knexwriter\src\modules\Knexread\native-pdf-reader\knex-pdf-engine\KnexPdfEngine.ts","C:\knexit-workspace\knexit-workspace\knexwriter\src\modules\Knexread\native-pdf-reader\knex-pdf-engine\KnexPdfEngine.ts","193","preferred.*Backend","preferredBackend: KnexPdfBackendSelectionMode = this.state.preferredBackend","     190:   }
     191: 
     192:   async resolveActiveBackend(
>>   193:     preferredBackend: KnexPdfBackendSelectionMode = this.state.preferredBackend,
     194:   ): Promise<BackendSelectionResult> {
     195:     try {
     196:       const selection = await this.backendSelector.select(preferredBackend);"
"knexwriter\src\modules\Knexread\native-pdf-reader\knex-pdf-engine\KnexPdfEngine.ts","C:\knexit-workspace\knexit-workspace\knexwriter\src\modules\Knexread\native-pdf-reader\knex-pdf-engine\KnexPdfEngine.ts","193","select.*Backend","SelectionMode = this.state.preferredBackend","     190:   }
     191: 
     192:   async resolveActiveBackend(
>>   193:     preferredBackend: KnexPdfBackendSelectionMode = this.state.preferredBackend,
     194:   ): Promise<BackendSelectionResult> {
     195:     try {
     196:       const selection = await this.backendSelector.select(preferredBackend);"
"knexwriter\src\modules\Knexread\native-pdf-reader\knex-pdf-engine\KnexPdfEngine.ts","C:\knexit-workspace\knexit-workspace\knexwriter\src\modules\Knexread\native-pdf-reader\knex-pdf-engine\KnexPdfEngine.ts","193","backend.*=","Backend: KnexPdfBackendSelectionMode =","     190:   }
     191: 
     192:   async resolveActiveBackend(
>>   193:     preferredBackend: KnexPdfBackendSelectionMode = this.state.preferredBackend,
     194:   ): Promise<BackendSelectionResult> {
     195:     try {
     196:       const selection = await this.backendSelector.select(preferredBackend);"
"knexwriter\src\modules\Knexread\native-pdf-reader\knex-pdf-engine\KnexPdfEngine.ts","C:\knexit-workspace\knexit-workspace\knexwriter\src\modules\Knexread\native-pdf-reader\knex-pdf-engine\KnexPdfEngine.ts","196","preferred.*Backend","preferredBackend","     193:     preferredBackend: KnexPdfBackendSelectionMode = this.state.preferredBackend,
     194:   ): Promise<BackendSelectionResult> {
     195:     try {
>>   196:       const selection = await this.backendSelector.select(preferredBackend);
     197:       this.commitBackendSelection(selection);
     198:       return selection;
     199:     } catch (error) {"
"knexwriter\src\modules\Knexread\native-pdf-reader\knex-pdf-engine\KnexPdfEngine.ts","C:\knexit-workspace\knexit-workspace\knexwriter\src\modules\Knexread\native-pdf-reader\knex-pdf-engine\KnexPdfEngine.ts","196","select.*Backend","selection = await this.backendSelector.select(preferredBackend","     193:     preferredBackend: KnexPdfBackendSelectionMode = this.state.preferredBackend,
     194:   ): Promise<BackendSelectionResult> {
     195:     try {
>>   196:       const selection = await this.backendSelector.select(preferredBackend);
     197:       this.commitBackendSelection(selection);
     198:       return selection;
     199:     } catch (error) {"
"knexwriter\src\modules\Knexread\native-pdf-reader\knex-pdf-engine\KnexPdfEngine.ts","C:\knexit-workspace\knexit-workspace\knexwriter\src\modules\Knexread\native-pdf-reader\knex-pdf-engine\KnexPdfEngine.ts","201","preferred.*Backend","preferredBackend","     198:       return selection;
     199:     } catch (error) {
     200:       this.reportBackendError({
>>   201:         backend: preferredBackend,
     202:         reason: normalizeErrorReason(
     203:           error,
     204:           ""Failed to resolve KnexPDF backend."","
"knexwriter\src\modules\Knexread\native-pdf-reader\knex-pdf-engine\KnexPdfEngine.ts","C:\knexit-workspace\knexit-workspace\knexwriter\src\modules\Knexread\native-pdf-reader\knex-pdf-engine\KnexPdfEngine.ts","212","fallback","Fallback","     209:     }
     210:   }
     211: 
>>   212:   reportBackendFallback(input: {
     213:     requestedBackend?: KnexPdfBackendSelectionMode;
     214:     failedBackend: KnexPdfBackendId | string;
     215:     reason: string;"
"knexwriter\src\modules\Knexread\native-pdf-reader\knex-pdf-engine\KnexPdfEngine.ts","C:\knexit-workspace\knexit-workspace\knexwriter\src\modules\Knexread\native-pdf-reader\knex-pdf-engine\KnexPdfEngine.ts","217","pdfEngine","PdfEngine","     214:     failedBackend: KnexPdfBackendId | string;
     215:     reason: string;
     216:     recover?: boolean;
>>   217:   }): KnexPdfEngineState {
     218:     const requestedBackend =
     219:       input.requestedBackend ?? this.state.preferredBackend;
     220:     const previousState = this.state;"
"knexwriter\src\modules\Knexread\native-pdf-reader\knex-pdf-engine\KnexPdfEngine.ts","C:\knexit-workspace\knexit-workspace\knexwriter\src\modules\Knexread\native-pdf-reader\knex-pdf-engine\KnexPdfEngine.ts","218","backend.*=","Backend =","     215:     reason: string;
     216:     recover?: boolean;
     217:   }): KnexPdfEngineState {
>>   218:     const requestedBackend =
     219:       input.requestedBackend ?? this.state.preferredBackend;
     220:     const previousState = this.state;
     221:     const previousBackend = previousState.activeBackend;"
"knexwriter\src\modules\Knexread\native-pdf-reader\knex-pdf-engine\KnexPdfEngine.ts","C:\knexit-workspace\knexit-workspace\knexwriter\src\modules\Knexread\native-pdf-reader\knex-pdf-engine\KnexPdfEngine.ts","219","preferred.*Backend","preferredBackend","     216:     recover?: boolean;
     217:   }): KnexPdfEngineState {
     218:     const requestedBackend =
>>   219:       input.requestedBackend ?? this.state.preferredBackend;
     220:     const previousState = this.state;
     221:     const previousBackend = previousState.activeBackend;
     222:     const fallbackBackend ="
"knexwriter\src\modules\Knexread\native-pdf-reader\knex-pdf-engine\KnexPdfEngine.ts","C:\knexit-workspace\knexit-workspace\knexwriter\src\modules\Knexread\native-pdf-reader\knex-pdf-engine\KnexPdfEngine.ts","221","active.*Backend","activeBackend","     218:     const requestedBackend =
     219:       input.requestedBackend ?? this.state.preferredBackend;
     220:     const previousState = this.state;
>>   221:     const previousBackend = previousState.activeBackend;
     222:     const fallbackBackend =
     223:       this.backendRegistry.get(""pdfjs"") ?? this.pdfJsBackend;
     224: "
"knexwriter\src\modules\Knexread\native-pdf-reader\knex-pdf-engine\KnexPdfEngine.ts","C:\knexit-workspace\knexit-workspace\knexwriter\src\modules\Knexread\native-pdf-reader\knex-pdf-engine\KnexPdfEngine.ts","221","backend.*=","Backend =","     218:     const requestedBackend =
     219:       input.requestedBackend ?? this.state.preferredBackend;
     220:     const previousState = this.state;
>>   221:     const previousBackend = previousState.activeBackend;
     222:     const fallbackBackend =
     223:       this.backendRegistry.get(""pdfjs"") ?? this.pdfJsBackend;
     224: "
"knexwriter\src\modules\Knexread\native-pdf-reader\knex-pdf-engine\KnexPdfEngine.ts","C:\knexit-workspace\knexit-workspace\knexwriter\src\modules\Knexread\native-pdf-reader\knex-pdf-engine\KnexPdfEngine.ts","222","fallback","fallback","     219:       input.requestedBackend ?? this.state.preferredBackend;
     220:     const previousState = this.state;
     221:     const previousBackend = previousState.activeBackend;
>>   222:     const fallbackBackend =
     223:       this.backendRegistry.get(""pdfjs"") ?? this.pdfJsBackend;
     224: 
     225:     this.activeRenderBackend = fallbackBackend;"
"knexwriter\src\modules\Knexread\native-pdf-reader\knex-pdf-engine\KnexPdfEngine.ts","C:\knexit-workspace\knexit-workspace\knexwriter\src\modules\Knexread\native-pdf-reader\knex-pdf-engine\KnexPdfEngine.ts","222","backend.*=","Backend =","     219:       input.requestedBackend ?? this.state.preferredBackend;
     220:     const previousState = this.state;
     221:     const previousBackend = previousState.activeBackend;
>>   222:     const fallbackBackend =
     223:       this.backendRegistry.get(""pdfjs"") ?? this.pdfJsBackend;
     224: 
     225:     this.activeRenderBackend = fallbackBackend;"
"knexwriter\src\modules\Knexread\native-pdf-reader\knex-pdf-engine\KnexPdfEngine.ts","C:\knexit-workspace\knexit-workspace\knexwriter\src\modules\Knexread\native-pdf-reader\knex-pdf-engine\KnexPdfEngine.ts","225","active.*Backend","activeRenderBackend = fallbackBackend","     222:     const fallbackBackend =
     223:       this.backendRegistry.get(""pdfjs"") ?? this.pdfJsBackend;
     224: 
>>   225:     this.activeRenderBackend = fallbackBackend;
     226:     this.state = updateKnexPdfBackendState(this.state, {
     227:       preferredBackend: requestedBackend,
     228:       activeBackend: ""pdfjs"","
"knexwriter\src\modules\Knexread\native-pdf-reader\knex-pdf-engine\KnexPdfEngine.ts","C:\knexit-workspace\knexit-workspace\knexwriter\src\modules\Knexread\native-pdf-reader\knex-pdf-engine\KnexPdfEngine.ts","225","backend.*=","Backend =","     222:     const fallbackBackend =
     223:       this.backendRegistry.get(""pdfjs"") ?? this.pdfJsBackend;
     224: 
>>   225:     this.activeRenderBackend = fallbackBackend;
     226:     this.state = updateKnexPdfBackendState(this.state, {
     227:       preferredBackend: requestedBackend,
     228:       activeBackend: ""pdfjs"","
"knexwriter\src\modules\Knexread\native-pdf-reader\knex-pdf-engine\KnexPdfEngine.ts","C:\knexit-workspace\knexit-workspace\knexwriter\src\modules\Knexread\native-pdf-reader\knex-pdf-engine\KnexPdfEngine.ts","225","fallback","fallback","     222:     const fallbackBackend =
     223:       this.backendRegistry.get(""pdfjs"") ?? this.pdfJsBackend;
     224: 
>>   225:     this.activeRenderBackend = fallbackBackend;
     226:     this.state = updateKnexPdfBackendState(this.state, {
     227:       preferredBackend: requestedBackend,
     228:       activeBackend: ""pdfjs"","
"knexwriter\src\modules\Knexread\native-pdf-reader\knex-pdf-engine\KnexPdfEngine.ts","C:\knexit-workspace\knexit-workspace\knexwriter\src\modules\Knexread\native-pdf-reader\knex-pdf-engine\KnexPdfEngine.ts","227","preferred.*Backend","preferredBackend: requestedBackend","     224: 
     225:     this.activeRenderBackend = fallbackBackend;
     226:     this.state = updateKnexPdfBackendState(this.state, {
>>   227:       preferredBackend: requestedBackend,
     228:       activeBackend: ""pdfjs"",
     229:       failedBackend: input.failedBackend,
     230:       backendFallbackReason: input.reason,"
"knexwriter\src\modules\Knexread\native-pdf-reader\knex-pdf-engine\KnexPdfEngine.ts","C:\knexit-workspace\knexit-workspace\knexwriter\src\modules\Knexread\native-pdf-reader\knex-pdf-engine\KnexPdfEngine.ts","228","active.*Backend","activeBackend","     225:     this.activeRenderBackend = fallbackBackend;
     226:     this.state = updateKnexPdfBackendState(this.state, {
     227:       preferredBackend: requestedBackend,
>>   228:       activeBackend: ""pdfjs"",
     229:       failedBackend: input.failedBackend,
     230:       backendFallbackReason: input.reason,
     231:     });"
"knexwriter\src\modules\Knexread\native-pdf-reader\knex-pdf-engine\KnexPdfEngine.ts","C:\knexit-workspace\knexit-workspace\knexwriter\src\modules\Knexread\native-pdf-reader\knex-pdf-engine\KnexPdfEngine.ts","230","fallback","Fallback","     227:       preferredBackend: requestedBackend,
     228:       activeBackend: ""pdfjs"",
     229:       failedBackend: input.failedBackend,
>>   230:       backendFallbackReason: input.reason,
     231:     });
     232: 
     233:     this.logger.log(""warn"", ""KnexPDF backend fallback"", {"
"knexwriter\src\modules\Knexread\native-pdf-reader\knex-pdf-engine\KnexPdfEngine.ts","C:\knexit-workspace\knexit-workspace\knexwriter\src\modules\Knexread\native-pdf-reader\knex-pdf-engine\KnexPdfEngine.ts","233","fallback","fallback","     230:       backendFallbackReason: input.reason,
     231:     });
     232: 
>>   233:     this.logger.log(""warn"", ""KnexPDF backend fallback"", {
     234:       requestedBackend,
     235:       failedBackend: input.failedBackend,
     236:       fallbackBackend: ""pdfjs"","
"knexwriter\src\modules\Knexread\native-pdf-reader\knex-pdf-engine\KnexPdfEngine.ts","C:\knexit-workspace\knexit-workspace\knexwriter\src\modules\Knexread\native-pdf-reader\knex-pdf-engine\KnexPdfEngine.ts","236","fallback","fallback","     233:     this.logger.log(""warn"", ""KnexPDF backend fallback"", {
     234:       requestedBackend,
     235:       failedBackend: input.failedBackend,
>>   236:       fallbackBackend: ""pdfjs"",
     237:       reason: input.reason,
     238:       renderVersion: this.state.renderVersion,
     239:     });"
"knexwriter\src\modules\Knexread\native-pdf-reader\knex-pdf-engine\KnexPdfEngine.ts","C:\knexit-workspace\knexit-workspace\knexwriter\src\modules\Knexread\native-pdf-reader\knex-pdf-engine\KnexPdfEngine.ts","238","renderVersion","renderVersion","     235:       failedBackend: input.failedBackend,
     236:       fallbackBackend: ""pdfjs"",
     237:       reason: input.reason,
>>   238:       renderVersion: this.state.renderVersion,
     239:     });
     240: 
     241:     if (this.state !== previousState) {"
"knexwriter\src\modules\Knexread\native-pdf-reader\knex-pdf-engine\KnexPdfEngine.ts","C:\knexit-workspace\knexit-workspace\knexwriter\src\modules\Knexread\native-pdf-reader\knex-pdf-engine\KnexPdfEngine.ts","238","renderVersion","renderVersion","     235:       failedBackend: input.failedBackend,
     236:       fallbackBackend: ""pdfjs"",
     237:       reason: input.reason,
>>   238:       renderVersion: this.state.renderVersion,
     239:     });
     240: 
     241:     if (this.state !== previousState) {"
"knexwriter\src\modules\Knexread\native-pdf-reader\knex-pdf-engine\KnexPdfEngine.ts","C:\knexit-workspace\knexit-workspace\knexwriter\src\modules\Knexread\native-pdf-reader\knex-pdf-engine\KnexPdfEngine.ts","244","preferred.*Backend","preferredBackend: this.state.preferredBackend","     241:     if (this.state !== previousState) {
     242:       this.emit({
     243:         type: ""backend-changed"",
>>   244:         preferredBackend: this.state.preferredBackend,
     245:         activeBackend: this.state.activeBackend,
     246:         previousBackend,
     247:         renderVersion: this.state.renderVersion,"
"knexwriter\src\modules\Knexread\native-pdf-reader\knex-pdf-engine\KnexPdfEngine.ts","C:\knexit-workspace\knexit-workspace\knexwriter\src\modules\Knexread\native-pdf-reader\knex-pdf-engine\KnexPdfEngine.ts","245","active.*Backend","activeBackend: this.state.activeBackend","     242:       this.emit({
     243:         type: ""backend-changed"",
     244:         preferredBackend: this.state.preferredBackend,
>>   245:         activeBackend: this.state.activeBackend,
     246:         previousBackend,
     247:         renderVersion: this.state.renderVersion,
     248:       });"
"knexwriter\src\modules\Knexread\native-pdf-reader\knex-pdf-engine\KnexPdfEngine.ts","C:\knexit-workspace\knexit-workspace\knexwriter\src\modules\Knexread\native-pdf-reader\knex-pdf-engine\KnexPdfEngine.ts","247","renderVersion","renderVersion","     244:         preferredBackend: this.state.preferredBackend,
     245:         activeBackend: this.state.activeBackend,
     246:         previousBackend,
>>   247:         renderVersion: this.state.renderVersion,
     248:       });
     249:     }
     250: "
"knexwriter\src\modules\Knexread\native-pdf-reader\knex-pdf-engine\KnexPdfEngine.ts","C:\knexit-workspace\knexit-workspace\knexwriter\src\modules\Knexread\native-pdf-reader\knex-pdf-engine\KnexPdfEngine.ts","247","renderVersion","renderVersion","     244:         preferredBackend: this.state.preferredBackend,
     245:         activeBackend: this.state.activeBackend,
     246:         previousBackend,
>>   247:         renderVersion: this.state.renderVersion,
     248:       });
     249:     }
     250: "
"knexwriter\src\modules\Knexread\native-pdf-reader\knex-pdf-engine\KnexPdfEngine.ts","C:\knexit-workspace\knexit-workspace\knexwriter\src\modules\Knexread\native-pdf-reader\knex-pdf-engine\KnexPdfEngine.ts","252","fallback","fallback","     249:     }
     250: 
     251:     this.emit({
>>   252:       type: ""backend-fallback"",
     253:       requestedBackend,
     254:       failedBackend: input.failedBackend,
     255:       fallbackBackend: ""pdfjs"","
"knexwriter\src\modules\Knexread\native-pdf-reader\knex-pdf-engine\KnexPdfEngine.ts","C:\knexit-workspace\knexit-workspace\knexwriter\src\modules\Knexread\native-pdf-reader\knex-pdf-engine\KnexPdfEngine.ts","255","fallback","fallback","     252:       type: ""backend-fallback"",
     253:       requestedBackend,
     254:       failedBackend: input.failedBackend,
>>   255:       fallbackBackend: ""pdfjs"",
     256:       reason: input.reason,
     257:       renderVersion: this.state.renderVersion,
     258:     });"
"knexwriter\src\modules\Knexread\native-pdf-reader\knex-pdf-engine\KnexPdfEngine.ts","C:\knexit-workspace\knexit-workspace\knexwriter\src\modules\Knexread\native-pdf-reader\knex-pdf-engine\KnexPdfEngine.ts","257","renderVersion","renderVersion","     254:       failedBackend: input.failedBackend,
     255:       fallbackBackend: ""pdfjs"",
     256:       reason: input.reason,
>>   257:       renderVersion: this.state.renderVersion,
     258:     });
     259: 
     260:     if (input.recover !== false) {"
"knexwriter\src\modules\Knexread\native-pdf-reader\knex-pdf-engine\KnexPdfEngine.ts","C:\knexit-workspace\knexit-workspace\knexwriter\src\modules\Knexread\native-pdf-reader\knex-pdf-engine\KnexPdfEngine.ts","257","renderVersion","renderVersion","     254:       failedBackend: input.failedBackend,
     255:       fallbackBackend: ""pdfjs"",
     256:       reason: input.reason,
>>   257:       renderVersion: this.state.renderVersion,
     258:     });
     259: 
     260:     if (input.recover !== false) {"
"knexwriter\src\modules\Knexread\native-pdf-reader\knex-pdf-engine\KnexPdfEngine.ts","C:\knexit-workspace\knexit-workspace\knexwriter\src\modules\Knexread\native-pdf-reader\knex-pdf-engine\KnexPdfEngine.ts","278","renderVersion","renderVersion","     275:       backend: input.backend,
     276:       reason: input.reason,
     277:       error: input.error,
>>   278:       renderVersion: this.state.renderVersion,
     279:     });
     280: 
     281:     this.emit({"
"knexwriter\src\modules\Knexread\native-pdf-reader\knex-pdf-engine\KnexPdfEngine.ts","C:\knexit-workspace\knexit-workspace\knexwriter\src\modules\Knexread\native-pdf-reader\knex-pdf-engine\KnexPdfEngine.ts","278","renderVersion","renderVersion","     275:       backend: input.backend,
     276:       reason: input.reason,
     277:       error: input.error,
>>   278:       renderVersion: this.state.renderVersion,
     279:     });
     280: 
     281:     this.emit({"
"knexwriter\src\modules\Knexread\native-pdf-reader\knex-pdf-engine\KnexPdfEngine.ts","C:\knexit-workspace\knexit-workspace\knexwriter\src\modules\Knexread\native-pdf-reader\knex-pdf-engine\KnexPdfEngine.ts","286","renderVersion","renderVersion","     283:       backend: input.backend,
     284:       reason: input.reason,
     285:       error: input.error,
>>   286:       renderVersion: this.state.renderVersion,
     287:     });
     288:   }
     289: "
"knexwriter\src\modules\Knexread\native-pdf-reader\knex-pdf-engine\KnexPdfEngine.ts","C:\knexit-workspace\knexit-workspace\knexwriter\src\modules\Knexread\native-pdf-reader\knex-pdf-engine\KnexPdfEngine.ts","286","renderVersion","renderVersion","     283:       backend: input.backend,
     284:       reason: input.reason,
     285:       error: input.error,
>>   286:       renderVersion: this.state.renderVersion,
     287:     });
     288:   }
     289: "
"knexwriter\src\modules\Knexread\native-pdf-reader\knex-pdf-engine\KnexPdfEngine.ts","C:\knexit-workspace\knexit-workspace\knexwriter\src\modules\Knexread\native-pdf-reader\knex-pdf-engine\KnexPdfEngine.ts","294","renderVersion","renderVersion","     291:    * Altera qualidade de renderização.
     292:    *
     293:    * Importante:
>>   294:    * - muda renderVersion;
     295:    * - não muda layoutVersion, porque qualidade não altera geometria da página;
     296:    * - não deve mexer em scroll.
     297:    */"
"knexwriter\src\modules\Knexread\native-pdf-reader\knex-pdf-engine\KnexPdfEngine.ts","C:\knexit-workspace\knexit-workspace\knexwriter\src\modules\Knexread\native-pdf-reader\knex-pdf-engine\KnexPdfEngine.ts","298","pdfEngine","PdfEngine","     295:    * - não muda layoutVersion, porque qualidade não altera geometria da página;
     296:    * - não deve mexer em scroll.
     297:    */
>>   298:   setRenderQuality(quality: KnexPdfRenderQualityInput): KnexPdfEngineState {
     299:     const normalizedQuality = normalizeKnexPdfRenderQuality(quality);
     300: 
     301:     if (this.state.renderQuality === normalizedQuality) {"
"knexwriter\src\modules\Knexread\native-pdf-reader\knex-pdf-engine\KnexPdfEngine.ts","C:\knexit-workspace\knexit-workspace\knexwriter\src\modules\Knexread\native-pdf-reader\knex-pdf-engine\KnexPdfEngine.ts","313","renderVersion","renderVersion","     310:     this.state = {
     311:       ...this.state,
     312:       renderQuality: normalizedQuality,
>>   313:       renderVersion: this.state.renderVersion + 1,
     314:     };
     315: 
     316:     this.logger.log("
"knexwriter\src\modules\Knexread\native-pdf-reader\knex-pdf-engine\KnexPdfEngine.ts","C:\knexit-workspace\knexit-workspace\knexwriter\src\modules\Knexread\native-pdf-reader\knex-pdf-engine\KnexPdfEngine.ts","313","renderVersion","renderVersion","     310:     this.state = {
     311:       ...this.state,
     312:       renderQuality: normalizedQuality,
>>   313:       renderVersion: this.state.renderVersion + 1,
     314:     };
     315: 
     316:     this.logger.log("
"knexwriter\src\modules\Knexread\native-pdf-reader\knex-pdf-engine\KnexPdfEngine.ts","C:\knexit-workspace\knexit-workspace\knexwriter\src\modules\Knexread\native-pdf-reader\knex-pdf-engine\KnexPdfEngine.ts","356","renderVersion","renderVersion","     353:       ...this.state,
     354:       zoom: change.nextZoom,
     355:       layoutVersion: this.state.layoutVersion + 1,
>>   356:       renderVersion: this.state.renderVersion + 1,
     357:     };
     358: 
     359:     this.logger.log(""debug"", ""KnexPDF zoom changed"", {"
"knexwriter\src\modules\Knexread\native-pdf-reader\knex-pdf-engine\KnexPdfEngine.ts","C:\knexit-workspace\knexit-workspace\knexwriter\src\modules\Knexread\native-pdf-reader\knex-pdf-engine\KnexPdfEngine.ts","399","fallback","fallback","     396:   ): KnexPdfZoomChange {
     397:     const nextZoom = parseZoomPercentInput({
     398:       value: zoomPercent,
>>   399:       fallbackZoom: this.state.zoom,
     400:     });
     401: 
     402:     return this.commitZoom(nextZoom, {"
"knexwriter\src\modules\Knexread\native-pdf-reader\knex-pdf-engine\KnexPdfEngine.ts","C:\knexit-workspace\knexit-workspace\knexwriter\src\modules\Knexread\native-pdf-reader\knex-pdf-engine\KnexPdfEngine.ts","463","pdfEngine","PdfEngine","     460:    * Atualiza contagem de páginas.
     461:    * Não deve mexer em zoom ou scroll.
     462:    */
>>   463:   setPageCount(pageCount: number): KnexPdfEngineState {
     464:     const normalizedPageCount = normalizePageCount(pageCount);
     465: 
     466:     if (this.state.pageCount === normalizedPageCount) {"
"knexwriter\src\modules\Knexread\native-pdf-reader\knex-pdf-engine\KnexPdfEngine.ts","C:\knexit-workspace\knexit-workspace\knexwriter\src\modules\Knexread\native-pdf-reader\knex-pdf-engine\KnexPdfEngine.ts","483","engine.*=","EngineEventListener): () =","     480:     return this.state;
     481:   }
     482: 
>>   483:   subscribe(listener: KnexPdfEngineEventListener): () => void {
     484:     this.listeners.add(listener);
     485: 
     486:     return () => {"
"knexwriter\src\modules\Knexread\native-pdf-reader\knex-pdf-engine\KnexPdfEngine.ts","C:\knexit-workspace\knexit-workspace\knexwriter\src\modules\Knexread\native-pdf-reader\knex-pdf-engine\KnexPdfEngine.ts","483","pdfEngine","PdfEngine","     480:     return this.state;
     481:   }
     482: 
>>   483:   subscribe(listener: KnexPdfEngineEventListener): () => void {
     484:     this.listeners.add(listener);
     485: 
     486:     return () => {"
"knexwriter\src\modules\Knexread\native-pdf-reader\knex-pdf-engine\KnexPdfEngine.ts","C:\knexit-workspace\knexit-workspace\knexwriter\src\modules\Knexread\native-pdf-reader\knex-pdf-engine\KnexPdfEngine.ts","504","backend.*=","backendRecoveryTimer =","     501:   private clearBackendRecovery(): void {
     502:     if (this.backendRecoveryTimer) {
     503:       clearTimeout(this.backendRecoveryTimer);
>>   504:       this.backendRecoveryTimer = null;
     505:     }
     506: 
     507:     this.backendRecoveryAttempt = 0;"
"knexwriter\src\modules\Knexread\native-pdf-reader\knex-pdf-engine\KnexPdfEngine.ts","C:\knexit-workspace\knexit-workspace\knexwriter\src\modules\Knexread\native-pdf-reader\knex-pdf-engine\KnexPdfEngine.ts","507","backend.*=","backendRecoveryAttempt =","     504:       this.backendRecoveryTimer = null;
     505:     }
     506: 
>>   507:     this.backendRecoveryAttempt = 0;
     508:   }
     509: 
     510:   private scheduleBackendRecovery("
"knexwriter\src\modules\Knexread\native-pdf-reader\knex-pdf-engine\KnexPdfEngine.ts","C:\knexit-workspace\knexit-workspace\knexwriter\src\modules\Knexread\native-pdf-reader\knex-pdf-engine\KnexPdfEngine.ts","511","preferred.*Backend","preferredBackend: KnexPdfBackend","     508:   }
     509: 
     510:   private scheduleBackendRecovery(
>>   511:     preferredBackend: KnexPdfBackendSelectionMode,
     512:     reason: string,
     513:   ): void {
     514:     if (!shouldRecoverBackend(preferredBackend)) return;"
"knexwriter\src\modules\Knexread\native-pdf-reader\knex-pdf-engine\KnexPdfEngine.ts","C:\knexit-workspace\knexit-workspace\knexwriter\src\modules\Knexread\native-pdf-reader\knex-pdf-engine\KnexPdfEngine.ts","514","preferred.*Backend","preferredBackend","     511:     preferredBackend: KnexPdfBackendSelectionMode,
     512:     reason: string,
     513:   ): void {
>>   514:     if (!shouldRecoverBackend(preferredBackend)) return;
     515:     if (this.backendRecoveryTimer) return;
     516: 
     517:     const delay = Math.min("
"knexwriter\src\modules\Knexread\native-pdf-reader\knex-pdf-engine\KnexPdfEngine.ts","C:\knexit-workspace\knexit-workspace\knexwriter\src\modules\Knexread\native-pdf-reader\knex-pdf-engine\KnexPdfEngine.ts","523","backend.*=","backendRecoveryAttempt +=","     520:         Math.max(1, 2 ** this.backendRecoveryAttempt),
     521:     );
     522: 
>>   523:     this.backendRecoveryAttempt += 1;
     524: 
     525:     this.logger.log(""warn"", ""KnexPDF backend recovery scheduled"", {
     526:       preferredBackend,"
"knexwriter\src\modules\Knexread\native-pdf-reader\knex-pdf-engine\KnexPdfEngine.ts","C:\knexit-workspace\knexit-workspace\knexwriter\src\modules\Knexread\native-pdf-reader\knex-pdf-engine\KnexPdfEngine.ts","526","preferred.*Backend","preferredBackend","     523:     this.backendRecoveryAttempt += 1;
     524: 
     525:     this.logger.log(""warn"", ""KnexPDF backend recovery scheduled"", {
>>   526:       preferredBackend,
     527:       activeBackend: this.state.activeBackend,
     528:       delay,
     529:       reason,"
"knexwriter\src\modules\Knexread\native-pdf-reader\knex-pdf-engine\KnexPdfEngine.ts","C:\knexit-workspace\knexit-workspace\knexwriter\src\modules\Knexread\native-pdf-reader\knex-pdf-engine\KnexPdfEngine.ts","527","active.*Backend","activeBackend: this.state.activeBackend","     524: 
     525:     this.logger.log(""warn"", ""KnexPDF backend recovery scheduled"", {
     526:       preferredBackend,
>>   527:       activeBackend: this.state.activeBackend,
     528:       delay,
     529:       reason,
     530:       attempt: this.backendRecoveryAttempt,"
"knexwriter\src\modules\Knexread\native-pdf-reader\knex-pdf-engine\KnexPdfEngine.ts","C:\knexit-workspace\knexit-workspace\knexwriter\src\modules\Knexread\native-pdf-reader\knex-pdf-engine\KnexPdfEngine.ts","533","backend.*=","backendRecoveryTimer = setTimeout(() =","     530:       attempt: this.backendRecoveryAttempt,
     531:     });
     532: 
>>   533:     this.backendRecoveryTimer = setTimeout(() => {
     534:       this.backendRecoveryTimer = null;
     535: 
     536:       void this.resolveActiveBackend(preferredBackend)"
"knexwriter\src\modules\Knexread\native-pdf-reader\knex-pdf-engine\KnexPdfEngine.ts","C:\knexit-workspace\knexit-workspace\knexwriter\src\modules\Knexread\native-pdf-reader\knex-pdf-engine\KnexPdfEngine.ts","534","backend.*=","backendRecoveryTimer =","     531:     });
     532: 
     533:     this.backendRecoveryTimer = setTimeout(() => {
>>   534:       this.backendRecoveryTimer = null;
     535: 
     536:       void this.resolveActiveBackend(preferredBackend)
     537:         .then((selection) => {"
"knexwriter\src\modules\Knexread\native-pdf-reader\knex-pdf-engine\KnexPdfEngine.ts","C:\knexit-workspace\knexit-workspace\knexwriter\src\modules\Knexread\native-pdf-reader\knex-pdf-engine\KnexPdfEngine.ts","536","active.*Backend","ActiveBackend(preferredBackend","     533:     this.backendRecoveryTimer = setTimeout(() => {
     534:       this.backendRecoveryTimer = null;
     535: 
>>   536:       void this.resolveActiveBackend(preferredBackend)
     537:         .then((selection) => {
     538:           if (
     539:             selection.activeBackend === ""pdfjs"" &&"
"knexwriter\src\modules\Knexread\native-pdf-reader\knex-pdf-engine\KnexPdfEngine.ts","C:\knexit-workspace\knexit-workspace\knexwriter\src\modules\Knexread\native-pdf-reader\knex-pdf-engine\KnexPdfEngine.ts","536","preferred.*Backend","preferredBackend","     533:     this.backendRecoveryTimer = setTimeout(() => {
     534:       this.backendRecoveryTimer = null;
     535: 
>>   536:       void this.resolveActiveBackend(preferredBackend)
     537:         .then((selection) => {
     538:           if (
     539:             selection.activeBackend === ""pdfjs"" &&"
"knexwriter\src\modules\Knexread\native-pdf-reader\knex-pdf-engine\KnexPdfEngine.ts","C:\knexit-workspace\knexit-workspace\knexwriter\src\modules\Knexread\native-pdf-reader\knex-pdf-engine\KnexPdfEngine.ts","539","select.*Backend","selection.activeBackend","     536:       void this.resolveActiveBackend(preferredBackend)
     537:         .then((selection) => {
     538:           if (
>>   539:             selection.activeBackend === ""pdfjs"" &&
     540:             shouldRecoverBackend(selection.requestedBackend)
     541:           ) {
     542:             this.scheduleBackendRecovery("
"knexwriter\src\modules\Knexread\native-pdf-reader\knex-pdf-engine\KnexPdfEngine.ts","C:\knexit-workspace\knexit-workspace\knexwriter\src\modules\Knexread\native-pdf-reader\knex-pdf-engine\KnexPdfEngine.ts","539","active.*Backend","activeBackend","     536:       void this.resolveActiveBackend(preferredBackend)
     537:         .then((selection) => {
     538:           if (
>>   539:             selection.activeBackend === ""pdfjs"" &&
     540:             shouldRecoverBackend(selection.requestedBackend)
     541:           ) {
     542:             this.scheduleBackendRecovery("
"knexwriter\src\modules\Knexread\native-pdf-reader\knex-pdf-engine\KnexPdfEngine.ts","C:\knexit-workspace\knexit-workspace\knexwriter\src\modules\Knexread\native-pdf-reader\knex-pdf-engine\KnexPdfEngine.ts","539","backend.*=","Backend ===","     536:       void this.resolveActiveBackend(preferredBackend)
     537:         .then((selection) => {
     538:           if (
>>   539:             selection.activeBackend === ""pdfjs"" &&
     540:             shouldRecoverBackend(selection.requestedBackend)
     541:           ) {
     542:             this.scheduleBackendRecovery("
"knexwriter\src\modules\Knexread\native-pdf-reader\knex-pdf-engine\KnexPdfEngine.ts","C:\knexit-workspace\knexit-workspace\knexwriter\src\modules\Knexread\native-pdf-reader\knex-pdf-engine\KnexPdfEngine.ts","540","select.*Backend","selection.requestedBackend","     537:         .then((selection) => {
     538:           if (
     539:             selection.activeBackend === ""pdfjs"" &&
>>   540:             shouldRecoverBackend(selection.requestedBackend)
     541:           ) {
     542:             this.scheduleBackendRecovery(
     543:               selection.requestedBackend,"
"knexwriter\src\modules\Knexread\native-pdf-reader\knex-pdf-engine\KnexPdfEngine.ts","C:\knexit-workspace\knexit-workspace\knexwriter\src\modules\Knexread\native-pdf-reader\knex-pdf-engine\KnexPdfEngine.ts","543","select.*Backend","selection.requestedBackend","     540:             shouldRecoverBackend(selection.requestedBackend)
     541:           ) {
     542:             this.scheduleBackendRecovery(
>>   543:               selection.requestedBackend,
     544:               selection.reason ?? reason,
     545:             );
     546:           }"
"knexwriter\src\modules\Knexread\native-pdf-reader\knex-pdf-engine\KnexPdfEngine.ts","C:\knexit-workspace\knexit-workspace\knexwriter\src\modules\Knexread\native-pdf-reader\knex-pdf-engine\KnexPdfEngine.ts","555","preferred.*Backend","preferredBackend","     552:           );
     553: 
     554:           this.reportBackendError({
>>   555:             backend: preferredBackend,
     556:             reason: recoveryReason,
     557:             error,
     558:           });"
"knexwriter\src\modules\Knexread\native-pdf-reader\knex-pdf-engine\KnexPdfEngine.ts","C:\knexit-workspace\knexit-workspace\knexwriter\src\modules\Knexread\native-pdf-reader\knex-pdf-engine\KnexPdfEngine.ts","559","preferred.*Backend","preferredBackend","     556:             reason: recoveryReason,
     557:             error,
     558:           });
>>   559:           this.scheduleBackendRecovery(preferredBackend, recoveryReason);
     560:         });
     561:     }, delay);
     562:   }"
"knexwriter\src\modules\Knexread\native-pdf-reader\knex-pdf-engine\KnexPdfEngine.ts","C:\knexit-workspace\knexit-workspace\knexwriter\src\modules\Knexread\native-pdf-reader\knex-pdf-engine\KnexPdfEngine.ts","564","select.*Backend","Selection(selection: Backend","     561:     }, delay);
     562:   }
     563: 
>>   564:   private commitBackendSelection(selection: BackendSelectionResult): void {
     565:     const previousState = this.state;
     566:     const previousBackend = previousState.activeBackend;
     567: "
"knexwriter\src\modules\Knexread\native-pdf-reader\knex-pdf-engine\KnexPdfEngine.ts","C:\knexit-workspace\knexit-workspace\knexwriter\src\modules\Knexread\native-pdf-reader\knex-pdf-engine\KnexPdfEngine.ts","566","active.*Backend","activeBackend","     563: 
     564:   private commitBackendSelection(selection: BackendSelectionResult): void {
     565:     const previousState = this.state;
>>   566:     const previousBackend = previousState.activeBackend;
     567: 
     568:     if (selection.activeBackend !== ""pdfjs"" && !selection.fallbackUsed) {
     569:       this.clearBackendRecovery();"
"knexwriter\src\modules\Knexread\native-pdf-reader\knex-pdf-engine\KnexPdfEngine.ts","C:\knexit-workspace\knexit-workspace\knexwriter\src\modules\Knexread\native-pdf-reader\knex-pdf-engine\KnexPdfEngine.ts","568","fallback","fallback","     565:     const previousState = this.state;
     566:     const previousBackend = previousState.activeBackend;
     567: 
>>   568:     if (selection.activeBackend !== ""pdfjs"" && !selection.fallbackUsed) {
     569:       this.clearBackendRecovery();
     570:     }
     571: "
"knexwriter\src\modules\Knexread\native-pdf-reader\knex-pdf-engine\KnexPdfEngine.ts","C:\knexit-workspace\knexit-workspace\knexwriter\src\modules\Knexread\native-pdf-reader\knex-pdf-engine\KnexPdfEngine.ts","568","active.*Backend","activeBackend","     565:     const previousState = this.state;
     566:     const previousBackend = previousState.activeBackend;
     567: 
>>   568:     if (selection.activeBackend !== ""pdfjs"" && !selection.fallbackUsed) {
     569:       this.clearBackendRecovery();
     570:     }
     571: "
"knexwriter\src\modules\Knexread\native-pdf-reader\knex-pdf-engine\KnexPdfEngine.ts","C:\knexit-workspace\knexit-workspace\knexwriter\src\modules\Knexread\native-pdf-reader\knex-pdf-engine\KnexPdfEngine.ts","568","select.*Backend","selection.activeBackend","     565:     const previousState = this.state;
     566:     const previousBackend = previousState.activeBackend;
     567: 
>>   568:     if (selection.activeBackend !== ""pdfjs"" && !selection.fallbackUsed) {
     569:       this.clearBackendRecovery();
     570:     }
     571: "
"knexwriter\src\modules\Knexread\native-pdf-reader\knex-pdf-engine\KnexPdfEngine.ts","C:\knexit-workspace\knexit-workspace\knexwriter\src\modules\Knexread\native-pdf-reader\knex-pdf-engine\KnexPdfEngine.ts","572","active.*Backend","activeRenderBackend = selection.backend","     569:       this.clearBackendRecovery();
     570:     }
     571: 
>>   572:     this.activeRenderBackend = selection.backend;
     573:     this.state = updateKnexPdfBackendState(this.state, {
     574:       preferredBackend: selection.requestedBackend,
     575:       activeBackend: selection.activeBackend,"
"knexwriter\src\modules\Knexread\native-pdf-reader\knex-pdf-engine\KnexPdfEngine.ts","C:\knexit-workspace\knexit-workspace\knexwriter\src\modules\Knexread\native-pdf-reader\knex-pdf-engine\KnexPdfEngine.ts","572","select.*Backend","selection.backend","     569:       this.clearBackendRecovery();
     570:     }
     571: 
>>   572:     this.activeRenderBackend = selection.backend;
     573:     this.state = updateKnexPdfBackendState(this.state, {
     574:       preferredBackend: selection.requestedBackend,
     575:       activeBackend: selection.activeBackend,"
"knexwriter\src\modules\Knexread\native-pdf-reader\knex-pdf-engine\KnexPdfEngine.ts","C:\knexit-workspace\knexit-workspace\knexwriter\src\modules\Knexread\native-pdf-reader\knex-pdf-engine\KnexPdfEngine.ts","574","preferred.*Backend","preferredBackend: selection.requestedBackend","     571: 
     572:     this.activeRenderBackend = selection.backend;
     573:     this.state = updateKnexPdfBackendState(this.state, {
>>   574:       preferredBackend: selection.requestedBackend,
     575:       activeBackend: selection.activeBackend,
     576:       failedBackend: selection.failedBackend,
     577:       backendFallbackReason: selection.fallbackUsed ? selection.reason : undefined,"
"knexwriter\src\modules\Knexread\native-pdf-reader\knex-pdf-engine\KnexPdfEngine.ts","C:\knexit-workspace\knexit-workspace\knexwriter\src\modules\Knexread\native-pdf-reader\knex-pdf-engine\KnexPdfEngine.ts","574","select.*Backend","selection.requestedBackend","     571: 
     572:     this.activeRenderBackend = selection.backend;
     573:     this.state = updateKnexPdfBackendState(this.state, {
>>   574:       preferredBackend: selection.requestedBackend,
     575:       activeBackend: selection.activeBackend,
     576:       failedBackend: selection.failedBackend,
     577:       backendFallbackReason: selection.fallbackUsed ? selection.reason : undefined,"
"knexwriter\src\modules\Knexread\native-pdf-reader\knex-pdf-engine\KnexPdfEngine.ts","C:\knexit-workspace\knexit-workspace\knexwriter\src\modules\Knexread\native-pdf-reader\knex-pdf-engine\KnexPdfEngine.ts","575","active.*Backend","activeBackend: selection.activeBackend","     572:     this.activeRenderBackend = selection.backend;
     573:     this.state = updateKnexPdfBackendState(this.state, {
     574:       preferredBackend: selection.requestedBackend,
>>   575:       activeBackend: selection.activeBackend,
     576:       failedBackend: selection.failedBackend,
     577:       backendFallbackReason: selection.fallbackUsed ? selection.reason : undefined,
     578:     });"
"knexwriter\src\modules\Knexread\native-pdf-reader\knex-pdf-engine\KnexPdfEngine.ts","C:\knexit-workspace\knexit-workspace\knexwriter\src\modules\Knexread\native-pdf-reader\knex-pdf-engine\KnexPdfEngine.ts","575","select.*Backend","selection.activeBackend","     572:     this.activeRenderBackend = selection.backend;
     573:     this.state = updateKnexPdfBackendState(this.state, {
     574:       preferredBackend: selection.requestedBackend,
>>   575:       activeBackend: selection.activeBackend,
     576:       failedBackend: selection.failedBackend,
     577:       backendFallbackReason: selection.fallbackUsed ? selection.reason : undefined,
     578:     });"
"knexwriter\src\modules\Knexread\native-pdf-reader\knex-pdf-engine\KnexPdfEngine.ts","C:\knexit-workspace\knexit-workspace\knexwriter\src\modules\Knexread\native-pdf-reader\knex-pdf-engine\KnexPdfEngine.ts","576","select.*Backend","selection.failedBackend","     573:     this.state = updateKnexPdfBackendState(this.state, {
     574:       preferredBackend: selection.requestedBackend,
     575:       activeBackend: selection.activeBackend,
>>   576:       failedBackend: selection.failedBackend,
     577:       backendFallbackReason: selection.fallbackUsed ? selection.reason : undefined,
     578:     });
     579: "
"knexwriter\src\modules\Knexread\native-pdf-reader\knex-pdf-engine\KnexPdfEngine.ts","C:\knexit-workspace\knexit-workspace\knexwriter\src\modules\Knexread\native-pdf-reader\knex-pdf-engine\KnexPdfEngine.ts","577","fallback","Fallback","     574:       preferredBackend: selection.requestedBackend,
     575:       activeBackend: selection.activeBackend,
     576:       failedBackend: selection.failedBackend,
>>   577:       backendFallbackReason: selection.fallbackUsed ? selection.reason : undefined,
     578:     });
     579: 
     580:     this.logger.log(""debug"", ""KnexPDF backend selected"", {"
"knexwriter\src\modules\Knexread\native-pdf-reader\knex-pdf-engine\KnexPdfEngine.ts","C:\knexit-workspace\knexit-workspace\knexwriter\src\modules\Knexread\native-pdf-reader\knex-pdf-engine\KnexPdfEngine.ts","577","fallback","fallback","     574:       preferredBackend: selection.requestedBackend,
     575:       activeBackend: selection.activeBackend,
     576:       failedBackend: selection.failedBackend,
>>   577:       backendFallbackReason: selection.fallbackUsed ? selection.reason : undefined,
     578:     });
     579: 
     580:     this.logger.log(""debug"", ""KnexPDF backend selected"", {"
"knexwriter\src\modules\Knexread\native-pdf-reader\knex-pdf-engine\KnexPdfEngine.ts","C:\knexit-workspace\knexit-workspace\knexwriter\src\modules\Knexread\native-pdf-reader\knex-pdf-engine\KnexPdfEngine.ts","581","select.*Backend","selection.requestedBackend","     578:     });
     579: 
     580:     this.logger.log(""debug"", ""KnexPDF backend selected"", {
>>   581:       requestedBackend: selection.requestedBackend,
     582:       activeBackend: selection.activeBackend,
     583:       fallbackUsed: selection.fallbackUsed,
     584:       failedBackend: selection.failedBackend,"
"knexwriter\src\modules\Knexread\native-pdf-reader\knex-pdf-engine\KnexPdfEngine.ts","C:\knexit-workspace\knexit-workspace\knexwriter\src\modules\Knexread\native-pdf-reader\knex-pdf-engine\KnexPdfEngine.ts","582","select.*Backend","selection.activeBackend","     579: 
     580:     this.logger.log(""debug"", ""KnexPDF backend selected"", {
     581:       requestedBackend: selection.requestedBackend,
>>   582:       activeBackend: selection.activeBackend,
     583:       fallbackUsed: selection.fallbackUsed,
     584:       failedBackend: selection.failedBackend,
     585:       reason: selection.reason,"
"knexwriter\src\modules\Knexread\native-pdf-reader\knex-pdf-engine\KnexPdfEngine.ts","C:\knexit-workspace\knexit-workspace\knexwriter\src\modules\Knexread\native-pdf-reader\knex-pdf-engine\KnexPdfEngine.ts","582","active.*Backend","activeBackend: selection.activeBackend","     579: 
     580:     this.logger.log(""debug"", ""KnexPDF backend selected"", {
     581:       requestedBackend: selection.requestedBackend,
>>   582:       activeBackend: selection.activeBackend,
     583:       fallbackUsed: selection.fallbackUsed,
     584:       failedBackend: selection.failedBackend,
     585:       reason: selection.reason,"
"knexwriter\src\modules\Knexread\native-pdf-reader\knex-pdf-engine\KnexPdfEngine.ts","C:\knexit-workspace\knexit-workspace\knexwriter\src\modules\Knexread\native-pdf-reader\knex-pdf-engine\KnexPdfEngine.ts","583","fallback","fallback","     580:     this.logger.log(""debug"", ""KnexPDF backend selected"", {
     581:       requestedBackend: selection.requestedBackend,
     582:       activeBackend: selection.activeBackend,
>>   583:       fallbackUsed: selection.fallbackUsed,
     584:       failedBackend: selection.failedBackend,
     585:       reason: selection.reason,
     586:       backendVersion: this.state.backendVersion,"
"knexwriter\src\modules\Knexread\native-pdf-reader\knex-pdf-engine\KnexPdfEngine.ts","C:\knexit-workspace\knexit-workspace\knexwriter\src\modules\Knexread\native-pdf-reader\knex-pdf-engine\KnexPdfEngine.ts","583","fallback","fallback","     580:     this.logger.log(""debug"", ""KnexPDF backend selected"", {
     581:       requestedBackend: selection.requestedBackend,
     582:       activeBackend: selection.activeBackend,
>>   583:       fallbackUsed: selection.fallbackUsed,
     584:       failedBackend: selection.failedBackend,
     585:       reason: selection.reason,
     586:       backendVersion: this.state.backendVersion,"
"knexwriter\src\modules\Knexread\native-pdf-reader\knex-pdf-engine\KnexPdfEngine.ts","C:\knexit-workspace\knexit-workspace\knexwriter\src\modules\Knexread\native-pdf-reader\knex-pdf-engine\KnexPdfEngine.ts","584","select.*Backend","selection.failedBackend","     581:       requestedBackend: selection.requestedBackend,
     582:       activeBackend: selection.activeBackend,
     583:       fallbackUsed: selection.fallbackUsed,
>>   584:       failedBackend: selection.failedBackend,
     585:       reason: selection.reason,
     586:       backendVersion: this.state.backendVersion,
     587:       renderVersion: this.state.renderVersion,"
"knexwriter\src\modules\Knexread\native-pdf-reader\knex-pdf-engine\KnexPdfEngine.ts","C:\knexit-workspace\knexit-workspace\knexwriter\src\modules\Knexread\native-pdf-reader\knex-pdf-engine\KnexPdfEngine.ts","593","preferred.*Backend","preferredBackend: this.state.preferredBackend","     590:     if (this.state !== previousState) {
     591:       this.emit({
     592:         type: ""backend-changed"",
>>   593:         preferredBackend: this.state.preferredBackend,
     594:         activeBackend: this.state.activeBackend,
     595:         previousBackend,
     596:         renderVersion: this.state.renderVersion,"
"knexwriter\src\modules\Knexread\native-pdf-reader\knex-pdf-engine\KnexPdfEngine.ts","C:\knexit-workspace\knexit-workspace\knexwriter\src\modules\Knexread\native-pdf-reader\knex-pdf-engine\KnexPdfEngine.ts","600","select.*Backend","selection.fallbackUsed && selection.failedBackend","     597:       });
     598:     }
     599: 
>>   600:     if (selection.fallbackUsed && selection.failedBackend && selection.reason) {
     601:       this.emit({
     602:         type: ""backend-fallback"",
     603:         requestedBackend: selection.requestedBackend,"
"knexwriter\src\modules\Knexread\native-pdf-reader\knex-pdf-engine\KnexPdfEngine.ts","C:\knexit-workspace\knexit-workspace\knexwriter\src\modules\Knexread\native-pdf-reader\knex-pdf-engine\KnexPdfEngine.ts","600","fallback","fallback","     597:       });
     598:     }
     599: 
>>   600:     if (selection.fallbackUsed && selection.failedBackend && selection.reason) {
     601:       this.emit({
     602:         type: ""backend-fallback"",
     603:         requestedBackend: selection.requestedBackend,"
"knexwriter\src\modules\Knexread\native-pdf-reader\knex-pdf-engine\KnexPdfEngine.ts","C:\knexit-workspace\knexit-workspace\knexwriter\src\modules\Knexread\native-pdf-reader\knex-pdf-engine\KnexPdfEngine.ts","602","fallback","fallback","     599: 
     600:     if (selection.fallbackUsed && selection.failedBackend && selection.reason) {
     601:       this.emit({
>>   602:         type: ""backend-fallback"",
     603:         requestedBackend: selection.requestedBackend,
     604:         failedBackend: selection.failedBackend,
     605:         fallbackBackend: selection.activeBackend,"
"knexwriter\src\modules\Knexread\native-pdf-reader\knex-pdf-engine\KnexPdfEngine.ts","C:\knexit-workspace\knexit-workspace\knexwriter\src\modules\Knexread\native-pdf-reader\knex-pdf-engine\KnexPdfEngine.ts","603","select.*Backend","selection.requestedBackend","     600:     if (selection.fallbackUsed && selection.failedBackend && selection.reason) {
     601:       this.emit({
     602:         type: ""backend-fallback"",
>>   603:         requestedBackend: selection.requestedBackend,
     604:         failedBackend: selection.failedBackend,
     605:         fallbackBackend: selection.activeBackend,
     606:         reason: selection.reason,"
"knexwriter\src\modules\Knexread\native-pdf-reader\knex-pdf-engine\KnexPdfEngine.ts","C:\knexit-workspace\knexit-workspace\knexwriter\src\modules\Knexread\native-pdf-reader\knex-pdf-engine\KnexPdfEngine.ts","604","select.*Backend","selection.failedBackend","     601:       this.emit({
     602:         type: ""backend-fallback"",
     603:         requestedBackend: selection.requestedBackend,
>>   604:         failedBackend: selection.failedBackend,
     605:         fallbackBackend: selection.activeBackend,
     606:         reason: selection.reason,
     607:         renderVersion: this.state.renderVersion,"
"knexwriter\src\modules\Knexread\native-pdf-reader\knex-pdf-engine\KnexPdfEngine.ts","C:\knexit-workspace\knexit-workspace\knexwriter\src\modules\Knexread\native-pdf-reader\knex-pdf-engine\KnexPdfEngine.ts","605","fallback","fallback","     602:         type: ""backend-fallback"",
     603:         requestedBackend: selection.requestedBackend,
     604:         failedBackend: selection.failedBackend,
>>   605:         fallbackBackend: selection.activeBackend,
     606:         reason: selection.reason,
     607:         renderVersion: this.state.renderVersion,
     608:       });"
"knexwriter\src\modules\Knexread\native-pdf-reader\knex-pdf-engine\KnexPdfEngine.ts","C:\knexit-workspace\knexit-workspace\knexwriter\src\modules\Knexread\native-pdf-reader\knex-pdf-engine\KnexPdfEngine.ts","605","select.*Backend","selection.activeBackend","     602:         type: ""backend-fallback"",
     603:         requestedBackend: selection.requestedBackend,
     604:         failedBackend: selection.failedBackend,
>>   605:         fallbackBackend: selection.activeBackend,
     606:         reason: selection.reason,
     607:         renderVersion: this.state.renderVersion,
     608:       });"
"knexwriter\src\modules\Knexread\native-pdf-reader\knex-pdf-engine\KnexPdfEngineProvider.tsx","C:\knexit-workspace\knexit-workspace\knexwriter\src\modules\Knexread\native-pdf-reader\knex-pdf-engine\KnexPdfEngineProvider.tsx","11","pdfEngine","PdfEngine","       8:   useSyncExternalStore,
       9:   type ReactNode,
      10: } from ""react"";
>>    11: import { KnexPdfEngine } from ""./KnexPdfEngine"";
      12: import type {
      13:   KnexPdfBackendSelectionMode,
      14:   KnexPdfEngineState,"
"knexwriter\src\modules\Knexread\native-pdf-reader\knex-pdf-engine\KnexPdfEngineProvider.tsx","C:\knexit-workspace\knexit-workspace\knexwriter\src\modules\Knexread\native-pdf-reader\knex-pdf-engine\KnexPdfEngineProvider.tsx","11","pdfEngine","PdfEngine","       8:   useSyncExternalStore,
       9:   type ReactNode,
      10: } from ""react"";
>>    11: import { KnexPdfEngine } from ""./KnexPdfEngine"";
      12: import type {
      13:   KnexPdfBackendSelectionMode,
      14:   KnexPdfEngineState,"
"knexwriter\src\modules\Knexread\native-pdf-reader\knex-pdf-engine\KnexPdfEngineProvider.tsx","C:\knexit-workspace\knexit-workspace\knexwriter\src\modules\Knexread\native-pdf-reader\knex-pdf-engine\KnexPdfEngineProvider.tsx","14","pdfEngine","PdfEngine","      11: import { KnexPdfEngine } from ""./KnexPdfEngine"";
      12: import type {
      13:   KnexPdfBackendSelectionMode,
>>    14:   KnexPdfEngineState,
      15: } from ""./core/engineState"";
      16: 
      17: const KnexPdfEngineContext = createContext<KnexPdfEngine | null>(null);"
"knexwriter\src\modules\Knexread\native-pdf-reader\knex-pdf-engine\KnexPdfEngineProvider.tsx","C:\knexit-workspace\knexit-workspace\knexwriter\src\modules\Knexread\native-pdf-reader\knex-pdf-engine\KnexPdfEngineProvider.tsx","17","engine.*=","EngineContext =","      14:   KnexPdfEngineState,
      15: } from ""./core/engineState"";
      16: 
>>    17: const KnexPdfEngineContext = createContext<KnexPdfEngine | null>(null);
      18: 
      19: const BACKEND_SELECTION_MODES = new Set<KnexPdfBackendSelectionMode>([
      20:   ""auto"","
"knexwriter\src\modules\Knexread\native-pdf-reader\knex-pdf-engine\KnexPdfEngineProvider.tsx","C:\knexit-workspace\knexit-workspace\knexwriter\src\modules\Knexread\native-pdf-reader\knex-pdf-engine\KnexPdfEngineProvider.tsx","17","pdfEngine","PdfEngine","      14:   KnexPdfEngineState,
      15: } from ""./core/engineState"";
      16: 
>>    17: const KnexPdfEngineContext = createContext<KnexPdfEngine | null>(null);
      18: 
      19: const BACKEND_SELECTION_MODES = new Set<KnexPdfBackendSelectionMode>([
      20:   ""auto"","
"knexwriter\src\modules\Knexread\native-pdf-reader\knex-pdf-engine\KnexPdfEngineProvider.tsx","C:\knexit-workspace\knexit-workspace\knexwriter\src\modules\Knexread\native-pdf-reader\knex-pdf-engine\KnexPdfEngineProvider.tsx","17","pdfEngine","PdfEngine","      14:   KnexPdfEngineState,
      15: } from ""./core/engineState"";
      16: 
>>    17: const KnexPdfEngineContext = createContext<KnexPdfEngine | null>(null);
      18: 
      19: const BACKEND_SELECTION_MODES = new Set<KnexPdfBackendSelectionMode>([
      20:   ""auto"","
"knexwriter\src\modules\Knexread\native-pdf-reader\knex-pdf-engine\KnexPdfEngineProvider.tsx","C:\knexit-workspace\knexit-workspace\knexwriter\src\modules\Knexread\native-pdf-reader\knex-pdf-engine\KnexPdfEngineProvider.tsx","19","select.*Backend","SELECTION_MODES = new Set<KnexPdfBackend","      16: 
      17: const KnexPdfEngineContext = createContext<KnexPdfEngine | null>(null);
      18: 
>>    19: const BACKEND_SELECTION_MODES = new Set<KnexPdfBackendSelectionMode>([
      20:   ""auto"",
      21:   ""pdfjs"",
      22:   ""pdfium"","
"knexwriter\src\modules\Knexread\native-pdf-reader\knex-pdf-engine\KnexPdfEngineProvider.tsx","C:\knexit-workspace\knexit-workspace\knexwriter\src\modules\Knexread\native-pdf-reader\knex-pdf-engine\KnexPdfEngineProvider.tsx","19","backend.*=","BACKEND_SELECTION_MODES =","      16: 
      17: const KnexPdfEngineContext = createContext<KnexPdfEngine | null>(null);
      18: 
>>    19: const BACKEND_SELECTION_MODES = new Set<KnexPdfBackendSelectionMode>([
      20:   ""auto"",
      21:   ""pdfjs"",
      22:   ""pdfium"","
"knexwriter\src\modules\Knexread\native-pdf-reader\knex-pdf-engine\KnexPdfEngineProvider.tsx","C:\knexit-workspace\knexit-workspace\knexwriter\src\modules\Knexread\native-pdf-reader\knex-pdf-engine\KnexPdfEngineProvider.tsx","33","fallback","fallback","      30:  * ainda apresenta serrilhado, precisamos comparar a renderização visual com
      31:  * PDF.js.
      32:  *
>>    33:  * Este fallback força o backend padrão para PDF.js quando nenhum valor foi
      34:  * configurado explicitamente por:
      35:  * - globalThis.KNEX_PDF_DEFAULT_BACKEND
      36:  * - globalThis.__KNEX_PDF_DEFAULT_BACKEND__"
"knexwriter\src\modules\Knexread\native-pdf-reader\knex-pdf-engine\KnexPdfEngineProvider.tsx","C:\knexit-workspace\knexit-workspace\knexwriter\src\modules\Knexread\native-pdf-reader\knex-pdf-engine\KnexPdfEngineProvider.tsx","38","NEXT_PUBLIC","NEXT_PUBLIC","      35:  * - globalThis.KNEX_PDF_DEFAULT_BACKEND
      36:  * - globalThis.__KNEX_PDF_DEFAULT_BACKEND__
      37:  * - localStorage[""KNEX_PDF_DEFAULT_BACKEND""]
>>    38:  * - NEXT_PUBLIC_KNEX_PDF_DEFAULT_BACKEND
      39:  *
      40:  * Para voltar ao comportamento antigo, troque para ""auto"" ou ""pdfium"".
      41:  */"
"knexwriter\src\modules\Knexread\native-pdf-reader\knex-pdf-engine\KnexPdfEngineProvider.tsx","C:\knexit-workspace\knexit-workspace\knexwriter\src\modules\Knexread\native-pdf-reader\knex-pdf-engine\KnexPdfEngineProvider.tsx","42","fallback","FALLBACK","      39:  *
      40:  * Para voltar ao comportamento antigo, troque para ""auto"" ou ""pdfium"".
      41:  */
>>    42: const FALLBACK_VISUAL_BACKEND_FOR_TEST: KnexPdfBackendSelectionMode = ""pdfjs"";
      43: 
      44: function normalizeBackendSelectionMode(
      45:   value: unknown,"
"knexwriter\src\modules\Knexread\native-pdf-reader\knex-pdf-engine\KnexPdfEngineProvider.tsx","C:\knexit-workspace\knexit-workspace\knexwriter\src\modules\Knexread\native-pdf-reader\knex-pdf-engine\KnexPdfEngineProvider.tsx","42","backend.*=","BACKEND_FOR_TEST: KnexPdfBackendSelectionMode =","      39:  *
      40:  * Para voltar ao comportamento antigo, troque para ""auto"" ou ""pdfium"".
      41:  */
>>    42: const FALLBACK_VISUAL_BACKEND_FOR_TEST: KnexPdfBackendSelectionMode = ""pdfjs"";
      43: 
      44: function normalizeBackendSelectionMode(
      45:   value: unknown,"
"knexwriter\src\modules\Knexread\native-pdf-reader\knex-pdf-engine\KnexPdfEngineProvider.tsx","C:\knexit-workspace\knexit-workspace\knexwriter\src\modules\Knexread\native-pdf-reader\knex-pdf-engine\KnexPdfEngineProvider.tsx","61","backend.*=","Backend =","      58: function getConfiguredDefaultBackend(): KnexPdfBackendSelectionMode | null {
      59:   const globalRecord = globalThis as unknown as Record<string, unknown>;
      60: 
>>    61:   const globalBackend =
      62:     normalizeBackendSelectionMode(globalRecord.KNEX_PDF_DEFAULT_BACKEND) ??
      63:     normalizeBackendSelectionMode(globalRecord.__KNEX_PDF_DEFAULT_BACKEND__);
      64: "
"knexwriter\src\modules\Knexread\native-pdf-reader\knex-pdf-engine\KnexPdfEngineProvider.tsx","C:\knexit-workspace\knexit-workspace\knexwriter\src\modules\Knexread\native-pdf-reader\knex-pdf-engine\KnexPdfEngineProvider.tsx","62","select.*Backend","SelectionMode(globalRecord.KNEX_PDF_DEFAULT_BACKEND","      59:   const globalRecord = globalThis as unknown as Record<string, unknown>;
      60: 
      61:   const globalBackend =
>>    62:     normalizeBackendSelectionMode(globalRecord.KNEX_PDF_DEFAULT_BACKEND) ??
      63:     normalizeBackendSelectionMode(globalRecord.__KNEX_PDF_DEFAULT_BACKEND__);
      64: 
      65:   if (globalBackend) return globalBackend;"
"knexwriter\src\modules\Knexread\native-pdf-reader\knex-pdf-engine\KnexPdfEngineProvider.tsx","C:\knexit-workspace\knexit-workspace\knexwriter\src\modules\Knexread\native-pdf-reader\knex-pdf-engine\KnexPdfEngineProvider.tsx","63","select.*Backend","SelectionMode(globalRecord.__KNEX_PDF_DEFAULT_BACKEND","      60: 
      61:   const globalBackend =
      62:     normalizeBackendSelectionMode(globalRecord.KNEX_PDF_DEFAULT_BACKEND) ??
>>    63:     normalizeBackendSelectionMode(globalRecord.__KNEX_PDF_DEFAULT_BACKEND__);
      64: 
      65:   if (globalBackend) return globalBackend;
      66: "
"knexwriter\src\modules\Knexread\native-pdf-reader\knex-pdf-engine\KnexPdfEngineProvider.tsx","C:\knexit-workspace\knexit-workspace\knexwriter\src\modules\Knexread\native-pdf-reader\knex-pdf-engine\KnexPdfEngineProvider.tsx","78","fallback","fallback","      75:    * localStorage.setItem(""KNEX_PDF_DEFAULT_BACKEND"", ""pdfium"");
      76:    * location.reload();
      77:    *
>>    78:    * Para voltar ao fallback deste arquivo:
      79:    * localStorage.removeItem(""KNEX_PDF_DEFAULT_BACKEND"");
      80:    * location.reload();
      81:    */"
"knexwriter\src\modules\Knexread\native-pdf-reader\knex-pdf-engine\KnexPdfEngineProvider.tsx","C:\knexit-workspace\knexit-workspace\knexwriter\src\modules\Knexread\native-pdf-reader\knex-pdf-engine\KnexPdfEngineProvider.tsx","83","backend.*=","Backend =","      80:    * location.reload();
      81:    */
      82:   try {
>>    83:     const localBackend = normalizeBackendSelectionMode(
      84:       globalThis.localStorage?.getItem(""KNEX_PDF_DEFAULT_BACKEND""),
      85:     );
      86: "
"knexwriter\src\modules\Knexread\native-pdf-reader\knex-pdf-engine\KnexPdfEngineProvider.tsx","C:\knexit-workspace\knexit-workspace\knexwriter\src\modules\Knexread\native-pdf-reader\knex-pdf-engine\KnexPdfEngineProvider.tsx","92","backend.*=","Backend =","      89:     // localStorage pode estar indisponível em alguns ambientes.
      90:   }
      91: 
>>    92:   const envBackend =
      93:     typeof process !== ""undefined""
      94:       ? process.env.NEXT_PUBLIC_KNEX_PDF_DEFAULT_BACKEND
      95:       : undefined;"
"knexwriter\src\modules\Knexread\native-pdf-reader\knex-pdf-engine\KnexPdfEngineProvider.tsx","C:\knexit-workspace\knexit-workspace\knexwriter\src\modules\Knexread\native-pdf-reader\knex-pdf-engine\KnexPdfEngineProvider.tsx","94","NEXT_PUBLIC","NEXT_PUBLIC","      91: 
      92:   const envBackend =
      93:     typeof process !== ""undefined""
>>    94:       ? process.env.NEXT_PUBLIC_KNEX_PDF_DEFAULT_BACKEND
      95:       : undefined;
      96: 
      97:   const normalizedEnvBackend = normalizeBackendSelectionMode(envBackend);"
"knexwriter\src\modules\Knexread\native-pdf-reader\knex-pdf-engine\KnexPdfEngineProvider.tsx","C:\knexit-workspace\knexit-workspace\knexwriter\src\modules\Knexread\native-pdf-reader\knex-pdf-engine\KnexPdfEngineProvider.tsx","97","select.*Backend","SelectionMode(envBackend","      94:       ? process.env.NEXT_PUBLIC_KNEX_PDF_DEFAULT_BACKEND
      95:       : undefined;
      96: 
>>    97:   const normalizedEnvBackend = normalizeBackendSelectionMode(envBackend);
      98: 
      99:   if (normalizedEnvBackend) return normalizedEnvBackend;
     100: "
"knexwriter\src\modules\Knexread\native-pdf-reader\knex-pdf-engine\KnexPdfEngineProvider.tsx","C:\knexit-workspace\knexit-workspace\knexwriter\src\modules\Knexread\native-pdf-reader\knex-pdf-engine\KnexPdfEngineProvider.tsx","97","backend.*=","Backend =","      94:       ? process.env.NEXT_PUBLIC_KNEX_PDF_DEFAULT_BACKEND
      95:       : undefined;
      96: 
>>    97:   const normalizedEnvBackend = normalizeBackendSelectionMode(envBackend);
      98: 
      99:   if (normalizedEnvBackend) return normalizedEnvBackend;
     100: "
"knexwriter\src\modules\Knexread\native-pdf-reader\knex-pdf-engine\KnexPdfEngineProvider.tsx","C:\knexit-workspace\knexit-workspace\knexwriter\src\modules\Knexread\native-pdf-reader\knex-pdf-engine\KnexPdfEngineProvider.tsx","101","fallback","FALLBACK","      98: 
      99:   if (normalizedEnvBackend) return normalizedEnvBackend;
     100: 
>>   101:   return FALLBACK_VISUAL_BACKEND_FOR_TEST;
     102: }
     103: 
     104: export function KnexPdfEngineProvider({"
"knexwriter\src\modules\Knexread\native-pdf-reader\knex-pdf-engine\KnexPdfEngineProvider.tsx","C:\knexit-workspace\knexit-workspace\knexwriter\src\modules\Knexread\native-pdf-reader\knex-pdf-engine\KnexPdfEngineProvider.tsx","104","pdfEngine","PdfEngine","     101:   return FALLBACK_VISUAL_BACKEND_FOR_TEST;
     102: }
     103: 
>>   104: export function KnexPdfEngineProvider({
     105:   children,
     106:   engine,
     107: }: {"
"knexwriter\src\modules\Knexread\native-pdf-reader\knex-pdf-engine\KnexPdfEngineProvider.tsx","C:\knexit-workspace\knexit-workspace\knexwriter\src\modules\Knexread\native-pdf-reader\knex-pdf-engine\KnexPdfEngineProvider.tsx","109","pdfEngine","PdfEngine","     106:   engine,
     107: }: {
     108:   children: ReactNode;
>>   109:   engine?: KnexPdfEngine;
     110: }) {
     111:   /**
     112:    * useRef evita recriar o engine em re-renderizações."
"knexwriter\src\modules\Knexread\native-pdf-reader\knex-pdf-engine\KnexPdfEngineProvider.tsx","C:\knexit-workspace\knexit-workspace\knexwriter\src\modules\Knexread\native-pdf-reader\knex-pdf-engine\KnexPdfEngineProvider.tsx","115","pdfEngine","PdfEngine","     112:    * useRef evita recriar o engine em re-renderizações.
     113:    * Isso é importante porque o engine guarda estado, listeners e versões.
     114:    */
>>   115:   const internalEngineRef = useRef<KnexPdfEngine | null>(null);
     116: 
     117:   if (!internalEngineRef.current) {
     118:     internalEngineRef.current = new KnexPdfEngine();"
"knexwriter\src\modules\Knexread\native-pdf-reader\knex-pdf-engine\KnexPdfEngineProvider.tsx","C:\knexit-workspace\knexit-workspace\knexwriter\src\modules\Knexread\native-pdf-reader\knex-pdf-engine\KnexPdfEngineProvider.tsx","115","engine.*=","EngineRef =","     112:    * useRef evita recriar o engine em re-renderizações.
     113:    * Isso é importante porque o engine guarda estado, listeners e versões.
     114:    */
>>   115:   const internalEngineRef = useRef<KnexPdfEngine | null>(null);
     116: 
     117:   if (!internalEngineRef.current) {
     118:     internalEngineRef.current = new KnexPdfEngine();"
"knexwriter\src\modules\Knexread\native-pdf-reader\knex-pdf-engine\KnexPdfEngineProvider.tsx","C:\knexit-workspace\knexit-workspace\knexwriter\src\modules\Knexread\native-pdf-reader\knex-pdf-engine\KnexPdfEngineProvider.tsx","118","pdfEngine","PdfEngine","     115:   const internalEngineRef = useRef<KnexPdfEngine | null>(null);
     116: 
     117:   if (!internalEngineRef.current) {
>>   118:     internalEngineRef.current = new KnexPdfEngine();
     119:   }
     120: 
     121:   const resolvedEngine = engine ?? internalEngineRef.current;"
"knexwriter\src\modules\Knexread\native-pdf-reader\knex-pdf-engine\KnexPdfEngineProvider.tsx","C:\knexit-workspace\knexit-workspace\knexwriter\src\modules\Knexread\native-pdf-reader\knex-pdf-engine\KnexPdfEngineProvider.tsx","118","engine.*=","EngineRef.current =","     115:   const internalEngineRef = useRef<KnexPdfEngine | null>(null);
     116: 
     117:   if (!internalEngineRef.current) {
>>   118:     internalEngineRef.current = new KnexPdfEngine();
     119:   }
     120: 
     121:   const resolvedEngine = engine ?? internalEngineRef.current;"
"knexwriter\src\modules\Knexread\native-pdf-reader\knex-pdf-engine\KnexPdfEngineProvider.tsx","C:\knexit-workspace\knexit-workspace\knexwriter\src\modules\Knexread\native-pdf-reader\knex-pdf-engine\KnexPdfEngineProvider.tsx","121","engine.*=","Engine =","     118:     internalEngineRef.current = new KnexPdfEngine();
     119:   }
     120: 
>>   121:   const resolvedEngine = engine ?? internalEngineRef.current;
     122: 
     123:   useEffect(() => {
     124:     const preferredBackend ="
"knexwriter\src\modules\Knexread\native-pdf-reader\knex-pdf-engine\KnexPdfEngineProvider.tsx","C:\knexit-workspace\knexit-workspace\knexwriter\src\modules\Knexread\native-pdf-reader\knex-pdf-engine\KnexPdfEngineProvider.tsx","124","backend.*=","Backend =","     121:   const resolvedEngine = engine ?? internalEngineRef.current;
     122: 
     123:   useEffect(() => {
>>   124:     const preferredBackend =
     125:       getConfiguredDefaultBackend() ?? resolvedEngine.getPreferredBackend();
     126: 
     127:     void resolvedEngine.resolveActiveBackend(preferredBackend).catch((error) => {"
"knexwriter\src\modules\Knexread\native-pdf-reader\knex-pdf-engine\KnexPdfEngineProvider.tsx","C:\knexit-workspace\knexit-workspace\knexwriter\src\modules\Knexread\native-pdf-reader\knex-pdf-engine\KnexPdfEngineProvider.tsx","124","preferred.*Backend","preferredBackend","     121:   const resolvedEngine = engine ?? internalEngineRef.current;
     122: 
     123:   useEffect(() => {
>>   124:     const preferredBackend =
     125:       getConfiguredDefaultBackend() ?? resolvedEngine.getPreferredBackend();
     126: 
     127:     void resolvedEngine.resolveActiveBackend(preferredBackend).catch((error) => {"
"knexwriter\src\modules\Knexread\native-pdf-reader\knex-pdf-engine\KnexPdfEngineProvider.tsx","C:\knexit-workspace\knexit-workspace\knexwriter\src\modules\Knexread\native-pdf-reader\knex-pdf-engine\KnexPdfEngineProvider.tsx","125","preferred.*Backend","PreferredBackend","     122: 
     123:   useEffect(() => {
     124:     const preferredBackend =
>>   125:       getConfiguredDefaultBackend() ?? resolvedEngine.getPreferredBackend();
     126: 
     127:     void resolvedEngine.resolveActiveBackend(preferredBackend).catch((error) => {
     128:       resolvedEngine.reportBackendError({"
"knexwriter\src\modules\Knexread\native-pdf-reader\knex-pdf-engine\KnexPdfEngineProvider.tsx","C:\knexit-workspace\knexit-workspace\knexwriter\src\modules\Knexread\native-pdf-reader\knex-pdf-engine\KnexPdfEngineProvider.tsx","127","preferred.*Backend","preferredBackend","     124:     const preferredBackend =
     125:       getConfiguredDefaultBackend() ?? resolvedEngine.getPreferredBackend();
     126: 
>>   127:     void resolvedEngine.resolveActiveBackend(preferredBackend).catch((error) => {
     128:       resolvedEngine.reportBackendError({
     129:         backend: preferredBackend,
     130:         reason:"
"knexwriter\src\modules\Knexread\native-pdf-reader\knex-pdf-engine\KnexPdfEngineProvider.tsx","C:\knexit-workspace\knexit-workspace\knexwriter\src\modules\Knexread\native-pdf-reader\knex-pdf-engine\KnexPdfEngineProvider.tsx","127","active.*Backend","ActiveBackend(preferredBackend","     124:     const preferredBackend =
     125:       getConfiguredDefaultBackend() ?? resolvedEngine.getPreferredBackend();
     126: 
>>   127:     void resolvedEngine.resolveActiveBackend(preferredBackend).catch((error) => {
     128:       resolvedEngine.reportBackendError({
     129:         backend: preferredBackend,
     130:         reason:"
"knexwriter\src\modules\Knexread\native-pdf-reader\knex-pdf-engine\KnexPdfEngineProvider.tsx","C:\knexit-workspace\knexit-workspace\knexwriter\src\modules\Knexread\native-pdf-reader\knex-pdf-engine\KnexPdfEngineProvider.tsx","127","backend.*=","Backend(preferredBackend).catch((error) =","     124:     const preferredBackend =
     125:       getConfiguredDefaultBackend() ?? resolvedEngine.getPreferredBackend();
     126: 
>>   127:     void resolvedEngine.resolveActiveBackend(preferredBackend).catch((error) => {
     128:       resolvedEngine.reportBackendError({
     129:         backend: preferredBackend,
     130:         reason:"
"knexwriter\src\modules\Knexread\native-pdf-reader\knex-pdf-engine\KnexPdfEngineProvider.tsx","C:\knexit-workspace\knexit-workspace\knexwriter\src\modules\Knexread\native-pdf-reader\knex-pdf-engine\KnexPdfEngineProvider.tsx","127","engine.*=","Engine.resolveActiveBackend(preferredBackend).catch((error) =","     124:     const preferredBackend =
     125:       getConfiguredDefaultBackend() ?? resolvedEngine.getPreferredBackend();
     126: 
>>   127:     void resolvedEngine.resolveActiveBackend(preferredBackend).catch((error) => {
     128:       resolvedEngine.reportBackendError({
     129:         backend: preferredBackend,
     130:         reason:"
"knexwriter\src\modules\Knexread\native-pdf-reader\knex-pdf-engine\KnexPdfEngineProvider.tsx","C:\knexit-workspace\knexit-workspace\knexwriter\src\modules\Knexread\native-pdf-reader\knex-pdf-engine\KnexPdfEngineProvider.tsx","129","preferred.*Backend","preferredBackend","     126: 
     127:     void resolvedEngine.resolveActiveBackend(preferredBackend).catch((error) => {
     128:       resolvedEngine.reportBackendError({
>>   129:         backend: preferredBackend,
     130:         reason:
     131:           error instanceof Error
     132:             ? error.message"
"knexwriter\src\modules\Knexread\native-pdf-reader\knex-pdf-engine\KnexPdfEngineProvider.tsx","C:\knexit-workspace\knexit-workspace\knexwriter\src\modules\Knexread\native-pdf-reader\knex-pdf-engine\KnexPdfEngineProvider.tsx","133","preferred.*Backend","preferred PDF backend","     130:         reason:
     131:           error instanceof Error
     132:             ? error.message
>>   133:             : ""Failed to resolve the preferred PDF backend."",
     134:         error,
     135:       });
     136:     });"
"knexwriter\src\modules\Knexread\native-pdf-reader\knex-pdf-engine\KnexPdfEngineProvider.tsx","C:\knexit-workspace\knexit-workspace\knexwriter\src\modules\Knexread\native-pdf-reader\knex-pdf-engine\KnexPdfEngineProvider.tsx","140","engine.*=","EngineContext.Provider value=","     137:   }, [resolvedEngine]);
     138: 
     139:   return (
>>   140:     <KnexPdfEngineContext.Provider value={resolvedEngine}>
     141:       {children}
     142:     </KnexPdfEngineContext.Provider>
     143:   );"
"knexwriter\src\modules\Knexread\native-pdf-reader\knex-pdf-engine\KnexPdfEngineProvider.tsx","C:\knexit-workspace\knexit-workspace\knexwriter\src\modules\Knexread\native-pdf-reader\knex-pdf-engine\KnexPdfEngineProvider.tsx","140","pdfEngine","PdfEngine","     137:   }, [resolvedEngine]);
     138: 
     139:   return (
>>   140:     <KnexPdfEngineContext.Provider value={resolvedEngine}>
     141:       {children}
     142:     </KnexPdfEngineContext.Provider>
     143:   );"
"knexwriter\src\modules\Knexread\native-pdf-reader\knex-pdf-engine\KnexPdfEngineProvider.tsx","C:\knexit-workspace\knexit-workspace\knexwriter\src\modules\Knexread\native-pdf-reader\knex-pdf-engine\KnexPdfEngineProvider.tsx","142","pdfEngine","PdfEngine","     139:   return (
     140:     <KnexPdfEngineContext.Provider value={resolvedEngine}>
     141:       {children}
>>   142:     </KnexPdfEngineContext.Provider>
     143:   );
     144: }
     145: "
"knexwriter\src\modules\Knexread\native-pdf-reader\knex-pdf-engine\KnexPdfEngineProvider.tsx","C:\knexit-workspace\knexit-workspace\knexwriter\src\modules\Knexread\native-pdf-reader\knex-pdf-engine\KnexPdfEngineProvider.tsx","146","pdfEngine","PdfEngine","     143:   );
     144: }
     145: 
>>   146: export function useKnexPdfEngine(): KnexPdfEngine {
     147:   const engine = useContext(KnexPdfEngineContext);
     148: 
     149:   if (!engine) {"
"knexwriter\src\modules\Knexread\native-pdf-reader\knex-pdf-engine\KnexPdfEngineProvider.tsx","C:\knexit-workspace\knexit-workspace\knexwriter\src\modules\Knexread\native-pdf-reader\knex-pdf-engine\KnexPdfEngineProvider.tsx","146","pdfEngine","PdfEngine","     143:   );
     144: }
     145: 
>>   146: export function useKnexPdfEngine(): KnexPdfEngine {
     147:   const engine = useContext(KnexPdfEngineContext);
     148: 
     149:   if (!engine) {"
"knexwriter\src\modules\Knexread\native-pdf-reader\knex-pdf-engine\KnexPdfEngineProvider.tsx","C:\knexit-workspace\knexit-workspace\knexwriter\src\modules\Knexread\native-pdf-reader\knex-pdf-engine\KnexPdfEngineProvider.tsx","147","pdfEngine","PdfEngine","     144: }
     145: 
     146: export function useKnexPdfEngine(): KnexPdfEngine {
>>   147:   const engine = useContext(KnexPdfEngineContext);
     148: 
     149:   if (!engine) {
     150:     throw new Error("
"knexwriter\src\modules\Knexread\native-pdf-reader\knex-pdf-engine\KnexPdfEngineProvider.tsx","C:\knexit-workspace\knexit-workspace\knexwriter\src\modules\Knexread\native-pdf-reader\knex-pdf-engine\KnexPdfEngineProvider.tsx","147","engine.*=","engine =","     144: }
     145: 
     146: export function useKnexPdfEngine(): KnexPdfEngine {
>>   147:   const engine = useContext(KnexPdfEngineContext);
     148: 
     149:   if (!engine) {
     150:     throw new Error("
"knexwriter\src\modules\Knexread\native-pdf-reader\knex-pdf-engine\KnexPdfEngineProvider.tsx","C:\knexit-workspace\knexit-workspace\knexwriter\src\modules\Knexread\native-pdf-reader\knex-pdf-engine\KnexPdfEngineProvider.tsx","151","pdfEngine","PdfEngine","     148: 
     149:   if (!engine) {
     150:     throw new Error(
>>   151:       ""useKnexPdfEngine must be used inside KnexPdfEngineProvider."",
     152:     );
     153:   }
     154: "
"knexwriter\src\modules\Knexread\native-pdf-reader\knex-pdf-engine\KnexPdfEngineProvider.tsx","C:\knexit-workspace\knexit-workspace\knexwriter\src\modules\Knexread\native-pdf-reader\knex-pdf-engine\KnexPdfEngineProvider.tsx","151","pdfEngine","PdfEngine","     148: 
     149:   if (!engine) {
     150:     throw new Error(
>>   151:       ""useKnexPdfEngine must be used inside KnexPdfEngineProvider."",
     152:     );
     153:   }
     154: "
"knexwriter\src\modules\Knexread\native-pdf-reader\knex-pdf-engine\KnexPdfEngineProvider.tsx","C:\knexit-workspace\knexit-workspace\knexwriter\src\modules\Knexread\native-pdf-reader\knex-pdf-engine\KnexPdfEngineProvider.tsx","162","pdfEngine","PdfEngine","     159:  * Hook opcional para componentes que precisam reagir a mudanças do engine.
     160:  *
     161:  * Exemplo:
>>   162:  * const engineState = useKnexPdfEngineState();
     163:  * const zoom = engineState.zoom;
     164:  */
     165: export function useKnexPdfEngineState(): KnexPdfEngineState {"
"knexwriter\src\modules\Knexread\native-pdf-reader\knex-pdf-engine\KnexPdfEngineProvider.tsx","C:\knexit-workspace\knexit-workspace\knexwriter\src\modules\Knexread\native-pdf-reader\knex-pdf-engine\KnexPdfEngineProvider.tsx","162","engine.*=","engineState =","     159:  * Hook opcional para componentes que precisam reagir a mudanças do engine.
     160:  *
     161:  * Exemplo:
>>   162:  * const engineState = useKnexPdfEngineState();
     163:  * const zoom = engineState.zoom;
     164:  */
     165: export function useKnexPdfEngineState(): KnexPdfEngineState {"
"knexwriter\src\modules\Knexread\native-pdf-reader\knex-pdf-engine\KnexPdfEngineProvider.tsx","C:\knexit-workspace\knexit-workspace\knexwriter\src\modules\Knexread\native-pdf-reader\knex-pdf-engine\KnexPdfEngineProvider.tsx","165","pdfEngine","PdfEngine","     162:  * const engineState = useKnexPdfEngineState();
     163:  * const zoom = engineState.zoom;
     164:  */
>>   165: export function useKnexPdfEngineState(): KnexPdfEngineState {
     166:   const engine = useKnexPdfEngine();
     167: 
     168:   return useSyncExternalStore("
"knexwriter\src\modules\Knexread\native-pdf-reader\knex-pdf-engine\KnexPdfEngineProvider.tsx","C:\knexit-workspace\knexit-workspace\knexwriter\src\modules\Knexread\native-pdf-reader\knex-pdf-engine\KnexPdfEngineProvider.tsx","165","pdfEngine","PdfEngine","     162:  * const engineState = useKnexPdfEngineState();
     163:  * const zoom = engineState.zoom;
     164:  */
>>   165: export function useKnexPdfEngineState(): KnexPdfEngineState {
     166:   const engine = useKnexPdfEngine();
     167: 
     168:   return useSyncExternalStore("
"knexwriter\src\modules\Knexread\native-pdf-reader\knex-pdf-engine\KnexPdfEngineProvider.tsx","C:\knexit-workspace\knexit-workspace\knexwriter\src\modules\Knexread\native-pdf-reader\knex-pdf-engine\KnexPdfEngineProvider.tsx","166","engine.*=","engine =","     163:  * const zoom = engineState.zoom;
     164:  */
     165: export function useKnexPdfEngineState(): KnexPdfEngineState {
>>   166:   const engine = useKnexPdfEngine();
     167: 
     168:   return useSyncExternalStore(
     169:     engine.subscribe.bind(engine),"
"knexwriter\src\modules\Knexread\native-pdf-reader\knex-pdf-engine\KnexPdfEngineProvider.tsx","C:\knexit-workspace\knexit-workspace\knexwriter\src\modules\Knexread\native-pdf-reader\knex-pdf-engine\KnexPdfEngineProvider.tsx","166","pdfEngine","PdfEngine","     163:  * const zoom = engineState.zoom;
     164:  */
     165: export function useKnexPdfEngineState(): KnexPdfEngineState {
>>   166:   const engine = useKnexPdfEngine();
     167: 
     168:   return useSyncExternalStore(
     169:     engine.subscribe.bind(engine),"
"knexwriter\src\modules\Knexread\native-pdf-reader\knex-pdf-engine\platform\WebPlatformAdapter.ts","C:\knexit-workspace\knexit-workspace\knexwriter\src\modules\Knexread\native-pdf-reader\knex-pdf-engine\platform\WebPlatformAdapter.ts","6","runtime.*=","RuntimePlatform =","       3: import type { KnexPdfRuntimePlatform } from ""../core/engineTypes"";
       4: 
       5: export class WebPlatformAdapter implements PlatformAdapter {
>>     6:   readonly platform: KnexPdfRuntimePlatform = ""web"";
       7: 
       8:   getDeviceCapabilities() {
       9:     return detectKnexPdfDeviceCapabilities();"
"knexwriter\src\modules\Knexread\native-pdf-reader\knex-pdf-engine\rendering\HiDpiCanvasRenderer.ts","C:\knexit-workspace\knexit-workspace\knexwriter\src\modules\Knexread\native-pdf-reader\knex-pdf-engine\rendering\HiDpiCanvasRenderer.ts","22","getViewport","getViewport","      19: };
      20: 
      21: export type PdfJsPageLike = {
>>    22:   getViewport: (params: { scale: number }) => KnexPdfPageViewport;
      23:   getOperatorList?: (params?: {
      24:     intent?: PdfJsRenderIntent | ""any"";
      25:   }) => Promise<PdfJsOperatorListLike>;"
"knexwriter\src\modules\Knexread\native-pdf-reader\knex-pdf-engine\rendering\HiDpiCanvasRenderer.ts","C:\knexit-workspace\knexit-workspace\knexwriter\src\modules\Knexread\native-pdf-reader\knex-pdf-engine\rendering\HiDpiCanvasRenderer.ts","50","outputScale","outputScale","      47:    * Escala final efetiva usada para diagnosticar a nitidez.
      48:    * É a menor razão entre bitmap real e caixa CSS.
      49:    */
>>    50:   outputScale: number;
      51: 
      52:   /**
      53:    * Escalas reais por eixo."
"knexwriter\src\modules\Knexread\native-pdf-reader\knex-pdf-engine\rendering\HiDpiCanvasRenderer.ts","C:\knexit-workspace\knexit-workspace\knexwriter\src\modules\Knexread\native-pdf-reader\knex-pdf-engine\rendering\HiDpiCanvasRenderer.ts","59","outputScale","outputScale","      56:    * entre X e Y. Usamos essas escalas no transform para evitar diferença
      57:    * subpixel entre bitmap e viewport.
      58:    */
>>    59:   outputScaleX: number;
      60:   outputScaleY: number;
      61: 
      62:   requestedOutputScale: number;"
"knexwriter\src\modules\Knexread\native-pdf-reader\knex-pdf-engine\rendering\HiDpiCanvasRenderer.ts","C:\knexit-workspace\knexit-workspace\knexwriter\src\modules\Knexread\native-pdf-reader\knex-pdf-engine\rendering\HiDpiCanvasRenderer.ts","60","outputScale","outputScale","      57:    * subpixel entre bitmap e viewport.
      58:    */
      59:   outputScaleX: number;
>>    60:   outputScaleY: number;
      61: 
      62:   requestedOutputScale: number;
      63:   requestedMinimumOutputScale: number;"
"knexwriter\src\modules\Knexread\native-pdf-reader\knex-pdf-engine\rendering\HiDpiCanvasRenderer.ts","C:\knexit-workspace\knexit-workspace\knexwriter\src\modules\Knexread\native-pdf-reader\knex-pdf-engine\rendering\HiDpiCanvasRenderer.ts","62","outputScale","OutputScale","      59:   outputScaleX: number;
      60:   outputScaleY: number;
      61: 
>>    62:   requestedOutputScale: number;
      63:   requestedMinimumOutputScale: number;
      64:   qualityMaxOutputScale: number;
      65:   pixelCount: number;"
"knexwriter\src\modules\Knexread\native-pdf-reader\knex-pdf-engine\rendering\HiDpiCanvasRenderer.ts","C:\knexit-workspace\knexit-workspace\knexwriter\src\modules\Knexread\native-pdf-reader\knex-pdf-engine\rendering\HiDpiCanvasRenderer.ts","63","outputScale","OutputScale","      60:   outputScaleY: number;
      61: 
      62:   requestedOutputScale: number;
>>    63:   requestedMinimumOutputScale: number;
      64:   qualityMaxOutputScale: number;
      65:   pixelCount: number;
      66:   wasOutputScaleClamped: boolean;"
"knexwriter\src\modules\Knexread\native-pdf-reader\knex-pdf-engine\rendering\HiDpiCanvasRenderer.ts","C:\knexit-workspace\knexit-workspace\knexwriter\src\modules\Knexread\native-pdf-reader\knex-pdf-engine\rendering\HiDpiCanvasRenderer.ts","64","outputScale","OutputScale","      61: 
      62:   requestedOutputScale: number;
      63:   requestedMinimumOutputScale: number;
>>    64:   qualityMaxOutputScale: number;
      65:   pixelCount: number;
      66:   wasOutputScaleClamped: boolean;
      67:   wasOutputScaleFloorApplied: boolean;"
"knexwriter\src\modules\Knexread\native-pdf-reader\knex-pdf-engine\rendering\HiDpiCanvasRenderer.ts","C:\knexit-workspace\knexit-workspace\knexwriter\src\modules\Knexread\native-pdf-reader\knex-pdf-engine\rendering\HiDpiCanvasRenderer.ts","66","outputScale","OutputScale","      63:   requestedMinimumOutputScale: number;
      64:   qualityMaxOutputScale: number;
      65:   pixelCount: number;
>>    66:   wasOutputScaleClamped: boolean;
      67:   wasOutputScaleFloorApplied: boolean;
      68:   pageGeometry: KnexPdfPageGeometry;
      69: };"
"knexwriter\src\modules\Knexread\native-pdf-reader\knex-pdf-engine\rendering\HiDpiCanvasRenderer.ts","C:\knexit-workspace\knexit-workspace\knexwriter\src\modules\Knexread\native-pdf-reader\knex-pdf-engine\rendering\HiDpiCanvasRenderer.ts","67","outputScale","OutputScale","      64:   qualityMaxOutputScale: number;
      65:   pixelCount: number;
      66:   wasOutputScaleClamped: boolean;
>>    67:   wasOutputScaleFloorApplied: boolean;
      68:   pageGeometry: KnexPdfPageGeometry;
      69: };
      70: "
"knexwriter\src\modules\Knexread\native-pdf-reader\knex-pdf-engine\rendering\HiDpiCanvasRenderer.ts","C:\knexit-workspace\knexit-workspace\knexwriter\src\modules\Knexread\native-pdf-reader\knex-pdf-engine\rendering\HiDpiCanvasRenderer.ts","90","fallback","fallback","      87: 
      88: function safeNumber(
      89:   value: number | null | undefined,
>>    90:   fallback = 0,
      91: ): number {
      92:   return typeof value === ""number"" && Number.isFinite(value)
      93:     ? value"
"knexwriter\src\modules\Knexread\native-pdf-reader\knex-pdf-engine\rendering\HiDpiCanvasRenderer.ts","C:\knexit-workspace\knexit-workspace\knexwriter\src\modules\Knexread\native-pdf-reader\knex-pdf-engine\rendering\HiDpiCanvasRenderer.ts","94","fallback","fallback","      91: ): number {
      92:   return typeof value === ""number"" && Number.isFinite(value)
      93:     ? value
>>    94:     : fallback;
      95: }
      96: 
      97: function computeCanvasGeometry(input: {"
"knexwriter\src\modules\Knexread\native-pdf-reader\knex-pdf-engine\rendering\HiDpiCanvasRenderer.ts","C:\knexit-workspace\knexit-workspace\knexwriter\src\modules\Knexread\native-pdf-reader\knex-pdf-engine\rendering\HiDpiCanvasRenderer.ts","103","outputScale","OutputScale","     100:   baseHeight: number;
     101:   zoom: number;
     102:   quality?: KnexPdfRenderQualityInput;
>>   103:   minimumOutputScale?: number;
     104: }): NormalizedCanvasGeometry {
     105:   const geometry = buildKnexPdfPageGeometry({
     106:     pageNumber: input.pageNumber,"
"knexwriter\src\modules\Knexread\native-pdf-reader\knex-pdf-engine\rendering\HiDpiCanvasRenderer.ts","C:\knexit-workspace\knexit-workspace\knexwriter\src\modules\Knexread\native-pdf-reader\knex-pdf-engine\rendering\HiDpiCanvasRenderer.ts","111","outputScale","OutputScale","     108:     baseHeight: input.baseHeight,
     109:     zoom: input.zoom,
     110:     quality: input.quality,
>>   111:     minimumOutputScale: input.minimumOutputScale,
     112:     maxBitmapPixels: EMERGENCY_MAX_CANVAS_PIXELS,
     113:     maxBitmapSide: EMERGENCY_MAX_CANVAS_SIDE,
     114:   });"
"knexwriter\src\modules\Knexread\native-pdf-reader\knex-pdf-engine\rendering\HiDpiCanvasRenderer.ts","C:\knexit-workspace\knexit-workspace\knexwriter\src\modules\Knexread\native-pdf-reader\knex-pdf-engine\rendering\HiDpiCanvasRenderer.ts","111","outputScale","OutputScale","     108:     baseHeight: input.baseHeight,
     109:     zoom: input.zoom,
     110:     quality: input.quality,
>>   111:     minimumOutputScale: input.minimumOutputScale,
     112:     maxBitmapPixels: EMERGENCY_MAX_CANVAS_PIXELS,
     113:     maxBitmapSide: EMERGENCY_MAX_CANVAS_SIDE,
     114:   });"
"knexwriter\src\modules\Knexread\native-pdf-reader\knex-pdf-engine\rendering\HiDpiCanvasRenderer.ts","C:\knexit-workspace\knexit-workspace\knexwriter\src\modules\Knexread\native-pdf-reader\knex-pdf-engine\rendering\HiDpiCanvasRenderer.ts","121","outputScale","outputScale","     118:     cssHeight: geometry.cssHeight,
     119:     width: geometry.bitmapWidth,
     120:     height: geometry.bitmapHeight,
>>   121:     outputScale: geometry.outputScale,
     122:     outputScaleX: geometry.outputScaleX,
     123:     outputScaleY: geometry.outputScaleY,
     124:     requestedOutputScale: geometry.phaseClampedOutputScale,"
"knexwriter\src\modules\Knexread\native-pdf-reader\knex-pdf-engine\rendering\HiDpiCanvasRenderer.ts","C:\knexit-workspace\knexit-workspace\knexwriter\src\modules\Knexread\native-pdf-reader\knex-pdf-engine\rendering\HiDpiCanvasRenderer.ts","121","outputScale","outputScale","     118:     cssHeight: geometry.cssHeight,
     119:     width: geometry.bitmapWidth,
     120:     height: geometry.bitmapHeight,
>>   121:     outputScale: geometry.outputScale,
     122:     outputScaleX: geometry.outputScaleX,
     123:     outputScaleY: geometry.outputScaleY,
     124:     requestedOutputScale: geometry.phaseClampedOutputScale,"
"knexwriter\src\modules\Knexread\native-pdf-reader\knex-pdf-engine\rendering\HiDpiCanvasRenderer.ts","C:\knexit-workspace\knexit-workspace\knexwriter\src\modules\Knexread\native-pdf-reader\knex-pdf-engine\rendering\HiDpiCanvasRenderer.ts","122","outputScale","outputScale","     119:     width: geometry.bitmapWidth,
     120:     height: geometry.bitmapHeight,
     121:     outputScale: geometry.outputScale,
>>   122:     outputScaleX: geometry.outputScaleX,
     123:     outputScaleY: geometry.outputScaleY,
     124:     requestedOutputScale: geometry.phaseClampedOutputScale,
     125:     requestedMinimumOutputScale: geometry.requestedMinimumOutputScale,"
"knexwriter\src\modules\Knexread\native-pdf-reader\knex-pdf-engine\rendering\HiDpiCanvasRenderer.ts","C:\knexit-workspace\knexit-workspace\knexwriter\src\modules\Knexread\native-pdf-reader\knex-pdf-engine\rendering\HiDpiCanvasRenderer.ts","122","outputScale","outputScale","     119:     width: geometry.bitmapWidth,
     120:     height: geometry.bitmapHeight,
     121:     outputScale: geometry.outputScale,
>>   122:     outputScaleX: geometry.outputScaleX,
     123:     outputScaleY: geometry.outputScaleY,
     124:     requestedOutputScale: geometry.phaseClampedOutputScale,
     125:     requestedMinimumOutputScale: geometry.requestedMinimumOutputScale,"
"knexwriter\src\modules\Knexread\native-pdf-reader\knex-pdf-engine\rendering\HiDpiCanvasRenderer.ts","C:\knexit-workspace\knexit-workspace\knexwriter\src\modules\Knexread\native-pdf-reader\knex-pdf-engine\rendering\HiDpiCanvasRenderer.ts","123","outputScale","outputScale","     120:     height: geometry.bitmapHeight,
     121:     outputScale: geometry.outputScale,
     122:     outputScaleX: geometry.outputScaleX,
>>   123:     outputScaleY: geometry.outputScaleY,
     124:     requestedOutputScale: geometry.phaseClampedOutputScale,
     125:     requestedMinimumOutputScale: geometry.requestedMinimumOutputScale,
     126:     qualityMaxOutputScale: geometry.maxAllowedOutputScale,"
"knexwriter\src\modules\Knexread\native-pdf-reader\knex-pdf-engine\rendering\HiDpiCanvasRenderer.ts","C:\knexit-workspace\knexit-workspace\knexwriter\src\modules\Knexread\native-pdf-reader\knex-pdf-engine\rendering\HiDpiCanvasRenderer.ts","123","outputScale","outputScale","     120:     height: geometry.bitmapHeight,
     121:     outputScale: geometry.outputScale,
     122:     outputScaleX: geometry.outputScaleX,
>>   123:     outputScaleY: geometry.outputScaleY,
     124:     requestedOutputScale: geometry.phaseClampedOutputScale,
     125:     requestedMinimumOutputScale: geometry.requestedMinimumOutputScale,
     126:     qualityMaxOutputScale: geometry.maxAllowedOutputScale,"
"knexwriter\src\modules\Knexread\native-pdf-reader\knex-pdf-engine\rendering\HiDpiCanvasRenderer.ts","C:\knexit-workspace\knexit-workspace\knexwriter\src\modules\Knexread\native-pdf-reader\knex-pdf-engine\rendering\HiDpiCanvasRenderer.ts","124","outputScale","OutputScale","     121:     outputScale: geometry.outputScale,
     122:     outputScaleX: geometry.outputScaleX,
     123:     outputScaleY: geometry.outputScaleY,
>>   124:     requestedOutputScale: geometry.phaseClampedOutputScale,
     125:     requestedMinimumOutputScale: geometry.requestedMinimumOutputScale,
     126:     qualityMaxOutputScale: geometry.maxAllowedOutputScale,
     127:     pixelCount: geometry.bitmapPixels,"
"knexwriter\src\modules\Knexread\native-pdf-reader\knex-pdf-engine\rendering\HiDpiCanvasRenderer.ts","C:\knexit-workspace\knexit-workspace\knexwriter\src\modules\Knexread\native-pdf-reader\knex-pdf-engine\rendering\HiDpiCanvasRenderer.ts","124","outputScale","OutputScale","     121:     outputScale: geometry.outputScale,
     122:     outputScaleX: geometry.outputScaleX,
     123:     outputScaleY: geometry.outputScaleY,
>>   124:     requestedOutputScale: geometry.phaseClampedOutputScale,
     125:     requestedMinimumOutputScale: geometry.requestedMinimumOutputScale,
     126:     qualityMaxOutputScale: geometry.maxAllowedOutputScale,
     127:     pixelCount: geometry.bitmapPixels,"
"knexwriter\src\modules\Knexread\native-pdf-reader\knex-pdf-engine\rendering\HiDpiCanvasRenderer.ts","C:\knexit-workspace\knexit-workspace\knexwriter\src\modules\Knexread\native-pdf-reader\knex-pdf-engine\rendering\HiDpiCanvasRenderer.ts","125","outputScale","OutputScale","     122:     outputScaleX: geometry.outputScaleX,
     123:     outputScaleY: geometry.outputScaleY,
     124:     requestedOutputScale: geometry.phaseClampedOutputScale,
>>   125:     requestedMinimumOutputScale: geometry.requestedMinimumOutputScale,
     126:     qualityMaxOutputScale: geometry.maxAllowedOutputScale,
     127:     pixelCount: geometry.bitmapPixels,
     128:     wasOutputScaleClamped: geometry.wasOutputScaleClamped,"
"knexwriter\src\modules\Knexread\native-pdf-reader\knex-pdf-engine\rendering\HiDpiCanvasRenderer.ts","C:\knexit-workspace\knexit-workspace\knexwriter\src\modules\Knexread\native-pdf-reader\knex-pdf-engine\rendering\HiDpiCanvasRenderer.ts","144","canvas\.width","canvas.width","     141:    * width/height controlam o bitmap real HiDPI.
     142:    * style.width/style.height controlam a caixa visual CSS.
     143:    */
>>   144:   canvas.width = geometry.width;
     145:   canvas.height = geometry.height;
     146: 
     147:   canvas.style.width = `${geometry.cssWidth}px`;"
"knexwriter\src\modules\Knexread\native-pdf-reader\knex-pdf-engine\rendering\HiDpiCanvasRenderer.ts","C:\knexit-workspace\knexit-workspace\knexwriter\src\modules\Knexread\native-pdf-reader\knex-pdf-engine\rendering\HiDpiCanvasRenderer.ts","145","canvas\.height","canvas.height","     142:    * style.width/style.height controlam a caixa visual CSS.
     143:    */
     144:   canvas.width = geometry.width;
>>   145:   canvas.height = geometry.height;
     146: 
     147:   canvas.style.width = `${geometry.cssWidth}px`;
     148:   canvas.style.height = `${geometry.cssHeight}px`;"
"knexwriter\src\modules\Knexread\native-pdf-reader\knex-pdf-engine\rendering\HiDpiCanvasRenderer.ts","C:\knexit-workspace\knexit-workspace\knexwriter\src\modules\Knexread\native-pdf-reader\knex-pdf-engine\rendering\HiDpiCanvasRenderer.ts","198","canvas\.width","canvas.width","     195:    * resíduos visuais em reuso de canvas.
     196:    */
     197:   context.setTransform(1, 0, 0, 1, 0, 0);
>>   198:   context.clearRect(0, 0, canvas.width, canvas.height);
     199: 
     200:   /**
     201:    * PDF.js desenha vetores/texto diretamente na escala final."
"knexwriter\src\modules\Knexread\native-pdf-reader\knex-pdf-engine\rendering\HiDpiCanvasRenderer.ts","C:\knexit-workspace\knexit-workspace\knexwriter\src\modules\Knexread\native-pdf-reader\knex-pdf-engine\rendering\HiDpiCanvasRenderer.ts","198","canvas\.height","canvas.height","     195:    * resíduos visuais em reuso de canvas.
     196:    */
     197:   context.setTransform(1, 0, 0, 1, 0, 0);
>>   198:   context.clearRect(0, 0, canvas.width, canvas.height);
     199: 
     200:   /**
     201:    * PDF.js desenha vetores/texto diretamente na escala final."
"knexwriter\src\modules\Knexread\native-pdf-reader\knex-pdf-engine\rendering\HiDpiCanvasRenderer.ts","C:\knexit-workspace\knexit-workspace\knexwriter\src\modules\Knexread\native-pdf-reader\knex-pdf-engine\rendering\HiDpiCanvasRenderer.ts","264","getViewport","getViewport","     261:     safeNumber(input.scale, 1),
     262:   );
     263: 
>>   264:   const viewport = input.page.getViewport({ scale: renderScale });
     265:   const pageWidthPt = viewport.width / Math.max(0.0001, viewport.scale);
     266:   const pageHeightPt = viewport.height / Math.max(0.0001, viewport.scale);
     267:   const renderIntent ="
"knexwriter\src\modules\Knexread\native-pdf-reader\knex-pdf-engine\rendering\HiDpiCanvasRenderer.ts","C:\knexit-workspace\knexit-workspace\knexwriter\src\modules\Knexread\native-pdf-reader\knex-pdf-engine\rendering\HiDpiCanvasRenderer.ts","315","canvas\.width","canvas.width","     312:    * Usamos outputScaleX/Y efetivos, derivados do bitmap inteiro real.
     313:    * Isso evita pequenas discrepâncias entre:
     314:    * - escala pedida;
>>   315:    * - canvas.width/canvas.height arredondados;
     316:    * - caixa CSS final.
     317:    */
     318:   const transform ="
"knexwriter\src\modules\Knexread\native-pdf-reader\knex-pdf-engine\rendering\HiDpiCanvasRenderer.ts","C:\knexit-workspace\knexit-workspace\knexwriter\src\modules\Knexread\native-pdf-reader\knex-pdf-engine\rendering\HiDpiCanvasRenderer.ts","315","canvas\.height","canvas.height","     312:    * Usamos outputScaleX/Y efetivos, derivados do bitmap inteiro real.
     313:    * Isso evita pequenas discrepâncias entre:
     314:    * - escala pedida;
>>   315:    * - canvas.width/canvas.height arredondados;
     316:    * - caixa CSS final.
     317:    */
     318:   const transform ="
"knexwriter\src\modules\Knexread\native-pdf-reader\knex-pdf-engine\rendering\HiDpiCanvasRenderer.ts","C:\knexit-workspace\knexit-workspace\knexwriter\src\modules\Knexread\native-pdf-reader\knex-pdf-engine\rendering\HiDpiCanvasRenderer.ts","323","renderTask","renderTask","     320:       ? undefined
     321:       : [geometry.outputScaleX, 0, 0, geometry.outputScaleY, 0, 0];
     322: 
>>   323:   const renderTask = input.page.render({
     324:     canvasContext: context,
     325:     canvas: input.canvas,
     326:     transform,"
"knexwriter\src\modules\Knexread\native-pdf-reader\knex-pdf-engine\rendering\HiDpiCanvasRenderer.ts","C:\knexit-workspace\knexit-workspace\knexwriter\src\modules\Knexread\native-pdf-reader\knex-pdf-engine\rendering\HiDpiCanvasRenderer.ts","323","page\.render","page.render","     320:       ? undefined
     321:       : [geometry.outputScaleX, 0, 0, geometry.outputScaleY, 0, 0];
     322: 
>>   323:   const renderTask = input.page.render({
     324:     canvasContext: context,
     325:     canvas: input.canvas,
     326:     transform,"
"knexwriter\src\modules\Knexread\native-pdf-reader\knex-pdf-engine\rendering\HiDpiCanvasRenderer.ts","C:\knexit-workspace\knexit-workspace\knexwriter\src\modules\Knexread\native-pdf-reader\knex-pdf-engine\rendering\HiDpiCanvasRenderer.ts","332","renderTask","renderTask","     329:     operationsFilter,
     330:   });
     331: 
>>   332:   const renderPromise = renderTask.promise.catch((error) => {
     333:     if (isRenderCancellation(error)) {
     334:       throw new DOMException(""Render aborted"", ""AbortError"");
     335:     }"
"knexwriter\src\modules\Knexread\native-pdf-reader\knex-pdf-engine\rendering\HiDpiCanvasRenderer.ts","C:\knexit-workspace\knexit-workspace\knexwriter\src\modules\Knexread\native-pdf-reader\knex-pdf-engine\rendering\HiDpiCanvasRenderer.ts","342","renderTask","RenderTask","     339: 
     340:   let renderSettled = false;
     341: 
>>   342:   const cancelRenderTask = () => {
     343:     if (renderSettled) return;
     344: 
     345:     try {"
"knexwriter\src\modules\Knexread\native-pdf-reader\knex-pdf-engine\rendering\HiDpiCanvasRenderer.ts","C:\knexit-workspace\knexit-workspace\knexwriter\src\modules\Knexread\native-pdf-reader\knex-pdf-engine\rendering\HiDpiCanvasRenderer.ts","346","renderTask","renderTask","     343:     if (renderSettled) return;
     344: 
     345:     try {
>>   346:       renderTask.cancel?.();
     347:     } catch (error) {
     348:       if (!isRenderCancellation(error)) {
     349:         throw error;"
"knexwriter\src\modules\Knexread\native-pdf-reader\knex-pdf-engine\rendering\HiDpiCanvasRenderer.ts","C:\knexit-workspace\knexit-workspace\knexwriter\src\modules\Knexread\native-pdf-reader\knex-pdf-engine\rendering\HiDpiCanvasRenderer.ts","355","renderTask","RenderTask","     352:   };
     353: 
     354:   const abortListener = () => {
>>   355:     cancelRenderTask();
     356:   };
     357: 
     358:   input.signal?.addEventListener(""abort"", abortListener, { once: true });"
"knexwriter\src\modules\Knexread\native-pdf-reader\knex-pdf-engine\rendering\HiDpiCanvasRenderer.ts","C:\knexit-workspace\knexit-workspace\knexwriter\src\modules\Knexread\native-pdf-reader\knex-pdf-engine\rendering\HiDpiCanvasRenderer.ts","362","renderTask","RenderTask","     359: 
     360:   try {
     361:     if (input.signal?.aborted) {
>>   362:       cancelRenderTask();
     363:       throw new DOMException(""Render aborted"", ""AbortError"");
     364:     }
     365: "
"knexwriter\src\modules\Knexread\native-pdf-reader\knex-pdf-engine\rendering\PageGeometry.ts","C:\knexit-workspace\knexit-workspace\knexwriter\src\modules\Knexread\native-pdf-reader\knex-pdf-engine\rendering\PageGeometry.ts","12","outputScale","OutputScale","       9:   KnexPdfRenderQualityInput,
      10: } from ""../core/engineTypes"";
      11: import {
>>    12:   clampKnexPdfOutputScaleForRenderPhase,
      13:   computeKnexPdfOutputScale,
      14:   explainKnexPdfOutputScale,
      15:   type KnexPdfRenderBackendKind,"
"knexwriter\src\modules\Knexread\native-pdf-reader\knex-pdf-engine\rendering\PageGeometry.ts","C:\knexit-workspace\knexit-workspace\knexwriter\src\modules\Knexread\native-pdf-reader\knex-pdf-engine\rendering\PageGeometry.ts","13","outputScale","OutputScale","      10: } from ""../core/engineTypes"";
      11: import {
      12:   clampKnexPdfOutputScaleForRenderPhase,
>>    13:   computeKnexPdfOutputScale,
      14:   explainKnexPdfOutputScale,
      15:   type KnexPdfRenderBackendKind,
      16:   type KnexPdfRenderPhase,"
"knexwriter\src\modules\Knexread\native-pdf-reader\knex-pdf-engine\rendering\PageGeometry.ts","C:\knexit-workspace\knexit-workspace\knexwriter\src\modules\Knexread\native-pdf-reader\knex-pdf-engine\rendering\PageGeometry.ts","14","outputScale","OutputScale","      11: import {
      12:   clampKnexPdfOutputScaleForRenderPhase,
      13:   computeKnexPdfOutputScale,
>>    14:   explainKnexPdfOutputScale,
      15:   type KnexPdfRenderBackendKind,
      16:   type KnexPdfRenderPhase,
      17: } from ""./RenderQualityController"";"
"knexwriter\src\modules\Knexread\native-pdf-reader\knex-pdf-engine\rendering\PageGeometry.ts","C:\knexit-workspace\knexit-workspace\knexwriter\src\modules\Knexread\native-pdf-reader\knex-pdf-engine\rendering\PageGeometry.ts","15","PdfRenderBackend","PdfRenderBackend","      12:   clampKnexPdfOutputScaleForRenderPhase,
      13:   computeKnexPdfOutputScale,
      14:   explainKnexPdfOutputScale,
>>    15:   type KnexPdfRenderBackendKind,
      16:   type KnexPdfRenderPhase,
      17: } from ""./RenderQualityController"";
      18: "
"knexwriter\src\modules\Knexread\native-pdf-reader\knex-pdf-engine\rendering\PageGeometry.ts","C:\knexit-workspace\knexit-workspace\knexwriter\src\modules\Knexread\native-pdf-reader\knex-pdf-engine\rendering\PageGeometry.ts","27","outputScale","OutputScale","      24:   rotation?: number;
      25:   quality?: KnexPdfRenderQualityInput;
      26:   capabilities?: KnexPdfDeviceCapabilities;
>>    27:   minimumOutputScale?: number;
      28:   maxBitmapPixels?: number;
      29:   maxBitmapSide?: number;
      30:   maxOutputScale?: number;"
"knexwriter\src\modules\Knexread\native-pdf-reader\knex-pdf-engine\rendering\PageGeometry.ts","C:\knexit-workspace\knexit-workspace\knexwriter\src\modules\Knexread\native-pdf-reader\knex-pdf-engine\rendering\PageGeometry.ts","30","outputScale","OutputScale","      27:   minimumOutputScale?: number;
      28:   maxBitmapPixels?: number;
      29:   maxBitmapSide?: number;
>>    30:   maxOutputScale?: number;
      31:   backend?: KnexPdfRenderBackendKind;
      32:   renderPhase?: KnexPdfRenderPhase;
      33: };"
"knexwriter\src\modules\Knexread\native-pdf-reader\knex-pdf-engine\rendering\PageGeometry.ts","C:\knexit-workspace\knexit-workspace\knexwriter\src\modules\Knexread\native-pdf-reader\knex-pdf-engine\rendering\PageGeometry.ts","31","PdfRenderBackend","PdfRenderBackend","      28:   maxBitmapPixels?: number;
      29:   maxBitmapSide?: number;
      30:   maxOutputScale?: number;
>>    31:   backend?: KnexPdfRenderBackendKind;
      32:   renderPhase?: KnexPdfRenderPhase;
      33: };
      34: "
"knexwriter\src\modules\Knexread\native-pdf-reader\knex-pdf-engine\rendering\PageGeometry.ts","C:\knexit-workspace\knexit-workspace\knexwriter\src\modules\Knexread\native-pdf-reader\knex-pdf-engine\rendering\PageGeometry.ts","46","outputScale","outputScale","      43:  * serrated when their visual CSS height receives too few physical bitmap pixels.
      44:  *
      45:  * Approximation:
>>    46:  * physical text pixels = text CSS px * outputScale
      47:  *
      48:  * Important architectural adjustment:
      49:  * PDFium and PDF.js should not use the same outputScale policy."
"knexwriter\src\modules\Knexread\native-pdf-reader\knex-pdf-engine\rendering\PageGeometry.ts","C:\knexit-workspace\knexit-workspace\knexwriter\src\modules\Knexread\native-pdf-reader\knex-pdf-engine\rendering\PageGeometry.ts","49","outputScale","outputScale","      46:  * physical text pixels = text CSS px * outputScale
      47:  *
      48:  * Important architectural adjustment:
>>    49:  * PDFium and PDF.js should not use the same outputScale policy.
      50:  *
      51:  * PDFium needed a very aggressive floor because its WASM rasterization produced
      52:  * harder small text in our tests. PDF.js already renders text better in the"
"knexwriter\src\modules\Knexread\native-pdf-reader\knex-pdf-engine\rendering\PageGeometry.ts","C:\knexit-workspace\knexit-workspace\knexwriter\src\modules\Knexread\native-pdf-reader\knex-pdf-engine\rendering\PageGeometry.ts","93","fallback","fallback","      90: );
      91: 
      92: /**
>>    93:  * Generic/MuPDF fallback policy.
      94:  */
      95: const KNEX_PDF_GENERIC_TARGET_TEXT_PHYSICAL_PX_SETTLED = 20;
      96: const KNEX_PDF_GENERIC_TARGET_TEXT_PHYSICAL_PX_PREVIEW = 12;"
"knexwriter\src\modules\Knexread\native-pdf-reader\knex-pdf-engine\rendering\PageGeometry.ts","C:\knexit-workspace\knexit-workspace\knexwriter\src\modules\Knexread\native-pdf-reader\knex-pdf-engine\rendering\PageGeometry.ts","105","outputScale","outputScale","     102: /**
     103:  * Safety limits.
     104:  *
>>   105:  * A very high outputScale can generate huge canvases. These limits keep the
     106:  * final render aggressive enough for reading while avoiding unbounded memory
     107:  * use and scrollzoom jank.
     108:  *"
"knexwriter\src\modules\Knexread\native-pdf-reader\knex-pdf-engine\rendering\PageGeometry.ts","C:\knexit-workspace\knexit-workspace\knexwriter\src\modules\Knexread\native-pdf-reader\knex-pdf-engine\rendering\PageGeometry.ts","126","fallback","fallback","     123: 
     124: function safeNumber(
     125:   value: number | null | undefined,
>>   126:   fallback = 0,
     127: ): number {
     128:   return typeof value === ""number"" && Number.isFinite(value)
     129:     ? value"
"knexwriter\src\modules\Knexread\native-pdf-reader\knex-pdf-engine\rendering\PageGeometry.ts","C:\knexit-workspace\knexit-workspace\knexwriter\src\modules\Knexread\native-pdf-reader\knex-pdf-engine\rendering\PageGeometry.ts","130","fallback","fallback","     127: ): number {
     128:   return typeof value === ""number"" && Number.isFinite(value)
     129:     ? value
>>   130:     : fallback;
     131: }
     132: 
     133: function clamp(value: number, min: number, max: number): number {"
"knexwriter\src\modules\Knexread\native-pdf-reader\knex-pdf-engine\rendering\PageGeometry.ts","C:\knexit-workspace\knexit-workspace\knexwriter\src\modules\Knexread\native-pdf-reader\knex-pdf-engine\rendering\PageGeometry.ts","141","outputScale","OutputScale","     138:   return Math.max(safeMin, Math.min(safeMax, safeValue));
     139: }
     140: 
>>   141: function resolveTypographicOutputScaleFloor(input: {
     142:   backend?: KnexPdfRenderBackendKind;
     143:   renderPhase?: KnexPdfRenderPhase;
     144: }): number {"
"knexwriter\src\modules\Knexread\native-pdf-reader\knex-pdf-engine\rendering\PageGeometry.ts","C:\knexit-workspace\knexit-workspace\knexwriter\src\modules\Knexread\native-pdf-reader\knex-pdf-engine\rendering\PageGeometry.ts","142","PdfRenderBackend","PdfRenderBackend","     139: }
     140: 
     141: function resolveTypographicOutputScaleFloor(input: {
>>   142:   backend?: KnexPdfRenderBackendKind;
     143:   renderPhase?: KnexPdfRenderPhase;
     144: }): number {
     145:   if (input.backend === ""pdfjs"") {"
"knexwriter\src\modules\Knexread\native-pdf-reader\knex-pdf-engine\rendering\PageGeometry.ts","C:\knexit-workspace\knexit-workspace\knexwriter\src\modules\Knexread\native-pdf-reader\knex-pdf-engine\rendering\PageGeometry.ts","145","backend.*=","backend ===","     142:   backend?: KnexPdfRenderBackendKind;
     143:   renderPhase?: KnexPdfRenderPhase;
     144: }): number {
>>   145:   if (input.backend === ""pdfjs"") {
     146:     const targetPhysicalPixels =
     147:       input.renderPhase === ""interactive-preview""
     148:         ? KNEX_PDF_PDFJS_TARGET_TEXT_PHYSICAL_PX_INTERACTIVE"
"knexwriter\src\modules\Knexread\native-pdf-reader\knex-pdf-engine\rendering\PageGeometry.ts","C:\knexit-workspace\knexit-workspace\knexwriter\src\modules\Knexread\native-pdf-reader\knex-pdf-engine\rendering\PageGeometry.ts","163","backend.*=","backend ===","     160:     );
     161:   }
     162: 
>>   163:   if (input.backend === ""pdfium"") {
     164:     const targetPhysicalPixels =
     165:       input.renderPhase === ""settled-final""
     166:         ? KNEX_PDF_PDFIUM_TARGET_TEXT_PHYSICAL_PX_SETTLED"
"knexwriter\src\modules\Knexread\native-pdf-reader\knex-pdf-engine\rendering\PageGeometry.ts","C:\knexit-workspace\knexit-workspace\knexwriter\src\modules\Knexread\native-pdf-reader\knex-pdf-engine\rendering\PageGeometry.ts","195","PdfRenderBackend","PdfRenderBackend","     192: }
     193: 
     194: function resolveDefaultMaxBitmapPixels(input: {
>>   195:   backend?: KnexPdfRenderBackendKind;
     196:   renderPhase?: KnexPdfRenderPhase;
     197: }): number {
     198:   if (input.backend === ""pdfjs"") {"
"knexwriter\src\modules\Knexread\native-pdf-reader\knex-pdf-engine\rendering\PageGeometry.ts","C:\knexit-workspace\knexit-workspace\knexwriter\src\modules\Knexread\native-pdf-reader\knex-pdf-engine\rendering\PageGeometry.ts","198","backend.*=","backend ===","     195:   backend?: KnexPdfRenderBackendKind;
     196:   renderPhase?: KnexPdfRenderPhase;
     197: }): number {
>>   198:   if (input.backend === ""pdfjs"") {
     199:     if (input.renderPhase === ""interactive-preview"") {
     200:       return KNEX_PDF_PDFJS_INTERACTIVE_MAX_BITMAP_PIXELS;
     201:     }"
"knexwriter\src\modules\Knexread\native-pdf-reader\knex-pdf-engine\rendering\PageGeometry.ts","C:\knexit-workspace\knexit-workspace\knexwriter\src\modules\Knexread\native-pdf-reader\knex-pdf-engine\rendering\PageGeometry.ts","210","backend.*=","backend ===","     207:     return KNEX_PDF_PDFJS_SETTLED_FINAL_MAX_BITMAP_PIXELS;
     208:   }
     209: 
>>   210:   if (input.backend === ""pdfium"") {
     211:     return input.renderPhase === ""settled-final""
     212:       ? KNEX_PDF_PDFIUM_SETTLED_FINAL_MAX_BITMAP_PIXELS
     213:       : KNEX_PDF_PDFIUM_INTERACTIVE_MAX_BITMAP_PIXELS;"
"knexwriter\src\modules\Knexread\native-pdf-reader\knex-pdf-engine\rendering\PageGeometry.ts","C:\knexit-workspace\knexit-workspace\knexwriter\src\modules\Knexread\native-pdf-reader\knex-pdf-engine\rendering\PageGeometry.ts","221","outputScale","OutputScale","     218:     : KNEX_PDF_GENERIC_INTERACTIVE_MAX_BITMAP_PIXELS;
     219: }
     220: 
>>   221: function resolveDefaultMaxOutputScale(input: {
     222:   backend?: KnexPdfRenderBackendKind;
     223: }): number {
     224:   if (input.backend === ""pdfjs"") {"
"knexwriter\src\modules\Knexread\native-pdf-reader\knex-pdf-engine\rendering\PageGeometry.ts","C:\knexit-workspace\knexit-workspace\knexwriter\src\modules\Knexread\native-pdf-reader\knex-pdf-engine\rendering\PageGeometry.ts","222","PdfRenderBackend","PdfRenderBackend","     219: }
     220: 
     221: function resolveDefaultMaxOutputScale(input: {
>>   222:   backend?: KnexPdfRenderBackendKind;
     223: }): number {
     224:   if (input.backend === ""pdfjs"") {
     225:     return KNEX_PDF_PDFJS_MAX_OUTPUT_SCALE;"
"knexwriter\src\modules\Knexread\native-pdf-reader\knex-pdf-engine\rendering\PageGeometry.ts","C:\knexit-workspace\knexit-workspace\knexwriter\src\modules\Knexread\native-pdf-reader\knex-pdf-engine\rendering\PageGeometry.ts","224","backend.*=","backend ===","     221: function resolveDefaultMaxOutputScale(input: {
     222:   backend?: KnexPdfRenderBackendKind;
     223: }): number {
>>   224:   if (input.backend === ""pdfjs"") {
     225:     return KNEX_PDF_PDFJS_MAX_OUTPUT_SCALE;
     226:   }
     227: "
"knexwriter\src\modules\Knexread\native-pdf-reader\knex-pdf-engine\rendering\PageGeometry.ts","C:\knexit-workspace\knexit-workspace\knexwriter\src\modules\Knexread\native-pdf-reader\knex-pdf-engine\rendering\PageGeometry.ts","228","backend.*=","backend ===","     225:     return KNEX_PDF_PDFJS_MAX_OUTPUT_SCALE;
     226:   }
     227: 
>>   228:   if (input.backend === ""pdfium"") {
     229:     return KNEX_PDF_PDFIUM_MAX_OUTPUT_SCALE;
     230:   }
     231: "
"knexwriter\src\modules\Knexread\native-pdf-reader\knex-pdf-engine\rendering\PageGeometry.ts","C:\knexit-workspace\knexit-workspace\knexwriter\src\modules\Knexread\native-pdf-reader\knex-pdf-engine\rendering\PageGeometry.ts","250","outputScale","OutputScale","     247:     : 0;
     248: }
     249: 
>>   250: function computeOutputScaleLimit(input: {
     251:   cssWidth: number;
     252:   cssHeight: number;
     253:   maxBitmapPixels?: number;"
"knexwriter\src\modules\Knexread\native-pdf-reader\knex-pdf-engine\rendering\PageGeometry.ts","C:\knexit-workspace\knexit-workspace\knexwriter\src\modules\Knexread\native-pdf-reader\knex-pdf-engine\rendering\PageGeometry.ts","255","outputScale","OutputScale","     252:   cssHeight: number;
     253:   maxBitmapPixels?: number;
     254:   maxBitmapSide?: number;
>>   255:   maxOutputScale?: number;
     256:   qualityMaxOutputScale: number;
     257: }): number {
     258:   const cssWidth = Math.max(MIN_PAGE_SIDE, input.cssWidth);"
"knexwriter\src\modules\Knexread\native-pdf-reader\knex-pdf-engine\rendering\PageGeometry.ts","C:\knexit-workspace\knexit-workspace\knexwriter\src\modules\Knexread\native-pdf-reader\knex-pdf-engine\rendering\PageGeometry.ts","256","outputScale","OutputScale","     253:   maxBitmapPixels?: number;
     254:   maxBitmapSide?: number;
     255:   maxOutputScale?: number;
>>   256:   qualityMaxOutputScale: number;
     257: }): number {
     258:   const cssWidth = Math.max(MIN_PAGE_SIDE, input.cssWidth);
     259:   const cssHeight = Math.max(MIN_PAGE_SIDE, input.cssHeight);"
"knexwriter\src\modules\Knexread\native-pdf-reader\knex-pdf-engine\rendering\PageGeometry.ts","C:\knexit-workspace\knexit-workspace\knexwriter\src\modules\Knexread\native-pdf-reader\knex-pdf-engine\rendering\PageGeometry.ts","283","outputScale","OutputScale","     280:     MIN_OUTPUT_SCALE,
     281:     Math.min(
     282:       KNEX_PDF_MAX_OUTPUT_SCALE,
>>   283:       safeNumber(input.maxOutputScale, KNEX_PDF_MAX_OUTPUT_SCALE),
     284:       safeNumber(input.qualityMaxOutputScale, KNEX_PDF_MAX_OUTPUT_SCALE),
     285:       maxScaleByPixels,
     286:       maxScaleBySide,"
"knexwriter\src\modules\Knexread\native-pdf-reader\knex-pdf-engine\rendering\PageGeometry.ts","C:\knexit-workspace\knexit-workspace\knexwriter\src\modules\Knexread\native-pdf-reader\knex-pdf-engine\rendering\PageGeometry.ts","284","outputScale","OutputScale","     281:     Math.min(
     282:       KNEX_PDF_MAX_OUTPUT_SCALE,
     283:       safeNumber(input.maxOutputScale, KNEX_PDF_MAX_OUTPUT_SCALE),
>>   284:       safeNumber(input.qualityMaxOutputScale, KNEX_PDF_MAX_OUTPUT_SCALE),
     285:       maxScaleByPixels,
     286:       maxScaleBySide,
     287:     ),"
"knexwriter\src\modules\Knexread\native-pdf-reader\knex-pdf-engine\rendering\PageGeometry.ts","C:\knexit-workspace\knexit-workspace\knexwriter\src\modules\Knexread\native-pdf-reader\knex-pdf-engine\rendering\PageGeometry.ts","312","outputScale","OutputScale","     309:   const cssWidth = Math.max(MIN_PAGE_SIDE, Math.ceil(baseWidth * zoom));
     310:   const cssHeight = Math.max(MIN_PAGE_SIDE, Math.ceil(baseHeight * zoom));
     311: 
>>   312:   const explanation = explainKnexPdfOutputScale({
     313:     cssWidth,
     314:     cssHeight,
     315:     quality: input.quality,"
"knexwriter\src\modules\Knexread\native-pdf-reader\knex-pdf-engine\rendering\PageGeometry.ts","C:\knexit-workspace\knexit-workspace\knexwriter\src\modules\Knexread\native-pdf-reader\knex-pdf-engine\rendering\PageGeometry.ts","319","outputScale","OutputScale","     316:     capabilities: input.capabilities,
     317:   });
     318: 
>>   319:   const requestedOutputScale = Math.max(
     320:     MIN_OUTPUT_SCALE,
     321:     safeNumber(
     322:       computeKnexPdfOutputScale({"
"knexwriter\src\modules\Knexread\native-pdf-reader\knex-pdf-engine\rendering\PageGeometry.ts","C:\knexit-workspace\knexit-workspace\knexwriter\src\modules\Knexread\native-pdf-reader\knex-pdf-engine\rendering\PageGeometry.ts","322","outputScale","OutputScale","     319:   const requestedOutputScale = Math.max(
     320:     MIN_OUTPUT_SCALE,
     321:     safeNumber(
>>   322:       computeKnexPdfOutputScale({
     323:         cssWidth,
     324:         cssHeight,
     325:         quality: input.quality,"
"knexwriter\src\modules\Knexread\native-pdf-reader\knex-pdf-engine\rendering\PageGeometry.ts","C:\knexit-workspace\knexit-workspace\knexwriter\src\modules\Knexread\native-pdf-reader\knex-pdf-engine\rendering\PageGeometry.ts","332","outputScale","OutputScale","     329:     ),
     330:   );
     331: 
>>   332:   const typographicMinimumOutputScale = resolveTypographicOutputScaleFloor({
     333:     backend: input.backend,
     334:     renderPhase: input.renderPhase,
     335:   });"
"knexwriter\src\modules\Knexread\native-pdf-reader\knex-pdf-engine\rendering\PageGeometry.ts","C:\knexit-workspace\knexit-workspace\knexwriter\src\modules\Knexread\native-pdf-reader\knex-pdf-engine\rendering\PageGeometry.ts","332","outputScale","OutputScale","     329:     ),
     330:   );
     331: 
>>   332:   const typographicMinimumOutputScale = resolveTypographicOutputScaleFloor({
     333:     backend: input.backend,
     334:     renderPhase: input.renderPhase,
     335:   });"
"knexwriter\src\modules\Knexread\native-pdf-reader\knex-pdf-engine\rendering\PageTileCache.ts","C:\knexit-workspace\knexit-workspace\knexwriter\src\modules\Knexread\native-pdf-reader\knex-pdf-engine\rendering\PageTileCache.ts","35","outputScale","outputScale","      32:     zoomBucket: input.geometry.zoom,
      33:     devicePixelRatio: input.geometry.devicePixelRatio,
      34:     renderMode: input.renderMode,
>>    35:     outputScale: Math.min(input.tile.outputScaleX, input.tile.outputScaleY),
      36:     cssWidth: input.tile.cssWidth,
      37:     cssHeight: input.tile.cssHeight,
      38:     width: input.tile.bitmapWidth,"
"knexwriter\src\modules\Knexread\native-pdf-reader\knex-pdf-engine\rendering\PageTileCache.ts","C:\knexit-workspace\knexit-workspace\knexwriter\src\modules\Knexread\native-pdf-reader\knex-pdf-engine\rendering\PageTileCache.ts","35","outputScale","outputScale","      32:     zoomBucket: input.geometry.zoom,
      33:     devicePixelRatio: input.geometry.devicePixelRatio,
      34:     renderMode: input.renderMode,
>>    35:     outputScale: Math.min(input.tile.outputScaleX, input.tile.outputScaleY),
      36:     cssWidth: input.tile.cssWidth,
      37:     cssHeight: input.tile.cssHeight,
      38:     width: input.tile.bitmapWidth,"
"knexwriter\src\modules\Knexread\native-pdf-reader\knex-pdf-engine\rendering\PageTileCache.ts","C:\knexit-workspace\knexit-workspace\knexwriter\src\modules\Knexread\native-pdf-reader\knex-pdf-engine\rendering\PageTileCache.ts","35","outputScale","outputScale","      32:     zoomBucket: input.geometry.zoom,
      33:     devicePixelRatio: input.geometry.devicePixelRatio,
      34:     renderMode: input.renderMode,
>>    35:     outputScale: Math.min(input.tile.outputScaleX, input.tile.outputScaleY),
      36:     cssWidth: input.tile.cssWidth,
      37:     cssHeight: input.tile.cssHeight,
      38:     width: input.tile.bitmapWidth,"
"knexwriter\src\modules\Knexread\native-pdf-reader\knex-pdf-engine\rendering\PageTileCache.ts","C:\knexit-workspace\knexit-workspace\knexwriter\src\modules\Knexread\native-pdf-reader\knex-pdf-engine\rendering\PageTileCache.ts","82","outputScale","OutputScale","      79:     cssHeight: input.cssHeight,
      80:     width: input.width,
      81:     height: input.height,
>>    82:     minOutputScale: input.outputScale,
      83:     minBitmapCssRatio: input.outputScale,
      84:     minQuality: input.quality,
      85:     minRenderPhase: input.renderPhase,"
"knexwriter\src\modules\Knexread\native-pdf-reader\knex-pdf-engine\rendering\PageTileCache.ts","C:\knexit-workspace\knexit-workspace\knexwriter\src\modules\Knexread\native-pdf-reader\knex-pdf-engine\rendering\PageTileCache.ts","82","outputScale","outputScale","      79:     cssHeight: input.cssHeight,
      80:     width: input.width,
      81:     height: input.height,
>>    82:     minOutputScale: input.outputScale,
      83:     minBitmapCssRatio: input.outputScale,
      84:     minQuality: input.quality,
      85:     minRenderPhase: input.renderPhase,"
"knexwriter\src\modules\Knexread\native-pdf-reader\knex-pdf-engine\rendering\PageTileCache.ts","C:\knexit-workspace\knexit-workspace\knexwriter\src\modules\Knexread\native-pdf-reader\knex-pdf-engine\rendering\PageTileCache.ts","83","outputScale","outputScale","      80:     width: input.width,
      81:     height: input.height,
      82:     minOutputScale: input.outputScale,
>>    83:     minBitmapCssRatio: input.outputScale,
      84:     minQuality: input.quality,
      85:     minRenderPhase: input.renderPhase,
      86:     exactRenderPhase: true,"
"knexwriter\src\modules\Knexread\native-pdf-reader\knex-pdf-engine\rendering\PdfJsTileRenderer.ts","C:\knexit-workspace\knexit-workspace\knexwriter\src\modules\Knexread\native-pdf-reader\knex-pdf-engine\rendering\PdfJsTileRenderer.ts","30","outputScale","outputScale","      27:   backend: ""pdfjs"";
      28:   renderPhase: KnexPdfRenderPhase;
      29:   zoom: number;
>>    30:   outputScale: number;
      31:   outputScaleX: number;
      32:   outputScaleY: number;
      33:   cssLeft: number;"
"knexwriter\src\modules\Knexread\native-pdf-reader\knex-pdf-engine\rendering\PdfJsTileRenderer.ts","C:\knexit-workspace\knexit-workspace\knexwriter\src\modules\Knexread\native-pdf-reader\knex-pdf-engine\rendering\PdfJsTileRenderer.ts","31","outputScale","outputScale","      28:   renderPhase: KnexPdfRenderPhase;
      29:   zoom: number;
      30:   outputScale: number;
>>    31:   outputScaleX: number;
      32:   outputScaleY: number;
      33:   cssLeft: number;
      34:   cssTop: number;"
"knexwriter\src\modules\Knexread\native-pdf-reader\knex-pdf-engine\rendering\PdfJsTileRenderer.ts","C:\knexit-workspace\knexit-workspace\knexwriter\src\modules\Knexread\native-pdf-reader\knex-pdf-engine\rendering\PdfJsTileRenderer.ts","32","outputScale","outputScale","      29:   zoom: number;
      30:   outputScale: number;
      31:   outputScaleX: number;
>>    32:   outputScaleY: number;
      33:   cssLeft: number;
      34:   cssTop: number;
      35:   cssWidth: number;"
"knexwriter\src\modules\Knexread\native-pdf-reader\knex-pdf-engine\rendering\PdfJsTileRenderer.ts","C:\knexit-workspace\knexit-workspace\knexwriter\src\modules\Knexread\native-pdf-reader\knex-pdf-engine\rendering\PdfJsTileRenderer.ts","68","canvas\.width","canvas.width","      65: function configureTileCanvas(input: RenderKnexPdfTileToCanvasInput) {
      66:   const { canvas, geometry, tile } = input;
      67: 
>>    68:   canvas.width = Math.max(1, tile.bitmapWidth);
      69:   canvas.height = Math.max(1, tile.bitmapHeight);
      70:   canvas.style.width = `${tile.cssWidth}px`;
      71:   canvas.style.height = `${tile.cssHeight}px`;"
"knexwriter\src\modules\Knexread\native-pdf-reader\knex-pdf-engine\rendering\PdfJsTileRenderer.ts","C:\knexit-workspace\knexit-workspace\knexwriter\src\modules\Knexread\native-pdf-reader\knex-pdf-engine\rendering\PdfJsTileRenderer.ts","69","canvas\.height","canvas.height","      66:   const { canvas, geometry, tile } = input;
      67: 
      68:   canvas.width = Math.max(1, tile.bitmapWidth);
>>    69:   canvas.height = Math.max(1, tile.bitmapHeight);
      70:   canvas.style.width = `${tile.cssWidth}px`;
      71:   canvas.style.height = `${tile.cssHeight}px`;
      72:   canvas.style.imageRendering = ""auto"";"
"knexwriter\src\modules\Knexread\native-pdf-reader\knex-pdf-engine\rendering\PdfJsTileRenderer.ts","C:\knexit-workspace\knexit-workspace\knexwriter\src\modules\Knexread\native-pdf-reader\knex-pdf-engine\rendering\PdfJsTileRenderer.ts","79","backend.*=","Backend =","      76:   canvas.dataset.knexPdfTileId = tile.id;
      77:   canvas.dataset.knexPdfTileRow = String(tile.row);
      78:   canvas.dataset.knexPdfTileColumn = String(tile.column);
>>    79:   canvas.dataset.knexPdfBackend = ""pdfjs"";
      80:   canvas.dataset.knexPdfRenderPhase = input.renderPhase;
      81:   canvas.dataset.knexPdfOutputScale = String(geometry.outputScale);
      82:   canvas.dataset.knexPdfOutputScaleX = String(tile.outputScaleX);"
"knexwriter\src\modules\Knexread\native-pdf-reader\knex-pdf-engine\rendering\PdfJsTileRenderer.ts","C:\knexit-workspace\knexit-workspace\knexwriter\src\modules\Knexread\native-pdf-reader\knex-pdf-engine\rendering\PdfJsTileRenderer.ts","81","outputScale","outputScale","      78:   canvas.dataset.knexPdfTileColumn = String(tile.column);
      79:   canvas.dataset.knexPdfBackend = ""pdfjs"";
      80:   canvas.dataset.knexPdfRenderPhase = input.renderPhase;
>>    81:   canvas.dataset.knexPdfOutputScale = String(geometry.outputScale);
      82:   canvas.dataset.knexPdfOutputScaleX = String(tile.outputScaleX);
      83:   canvas.dataset.knexPdfOutputScaleY = String(tile.outputScaleY);
      84:   canvas.dataset.knexPdfTileCssLeft = String(tile.cssX);"
"knexwriter\src\modules\Knexread\native-pdf-reader\knex-pdf-engine\rendering\PdfJsTileRenderer.ts","C:\knexit-workspace\knexit-workspace\knexwriter\src\modules\Knexread\native-pdf-reader\knex-pdf-engine\rendering\PdfJsTileRenderer.ts","81","outputScale","OutputScale","      78:   canvas.dataset.knexPdfTileColumn = String(tile.column);
      79:   canvas.dataset.knexPdfBackend = ""pdfjs"";
      80:   canvas.dataset.knexPdfRenderPhase = input.renderPhase;
>>    81:   canvas.dataset.knexPdfOutputScale = String(geometry.outputScale);
      82:   canvas.dataset.knexPdfOutputScaleX = String(tile.outputScaleX);
      83:   canvas.dataset.knexPdfOutputScaleY = String(tile.outputScaleY);
      84:   canvas.dataset.knexPdfTileCssLeft = String(tile.cssX);"
"knexwriter\src\modules\Knexread\native-pdf-reader\knex-pdf-engine\rendering\PdfJsTileRenderer.ts","C:\knexit-workspace\knexit-workspace\knexwriter\src\modules\Knexread\native-pdf-reader\knex-pdf-engine\rendering\PdfJsTileRenderer.ts","82","outputScale","OutputScale","      79:   canvas.dataset.knexPdfBackend = ""pdfjs"";
      80:   canvas.dataset.knexPdfRenderPhase = input.renderPhase;
      81:   canvas.dataset.knexPdfOutputScale = String(geometry.outputScale);
>>    82:   canvas.dataset.knexPdfOutputScaleX = String(tile.outputScaleX);
      83:   canvas.dataset.knexPdfOutputScaleY = String(tile.outputScaleY);
      84:   canvas.dataset.knexPdfTileCssLeft = String(tile.cssX);
      85:   canvas.dataset.knexPdfTileCssTop = String(tile.cssY);"
"knexwriter\src\modules\Knexread\native-pdf-reader\knex-pdf-engine\rendering\PdfJsTileRenderer.ts","C:\knexit-workspace\knexit-workspace\knexwriter\src\modules\Knexread\native-pdf-reader\knex-pdf-engine\rendering\PdfJsTileRenderer.ts","82","outputScale","outputScale","      79:   canvas.dataset.knexPdfBackend = ""pdfjs"";
      80:   canvas.dataset.knexPdfRenderPhase = input.renderPhase;
      81:   canvas.dataset.knexPdfOutputScale = String(geometry.outputScale);
>>    82:   canvas.dataset.knexPdfOutputScaleX = String(tile.outputScaleX);
      83:   canvas.dataset.knexPdfOutputScaleY = String(tile.outputScaleY);
      84:   canvas.dataset.knexPdfTileCssLeft = String(tile.cssX);
      85:   canvas.dataset.knexPdfTileCssTop = String(tile.cssY);"
"knexwriter\src\modules\Knexread\native-pdf-reader\knex-pdf-engine\rendering\PdfJsTileRenderer.ts","C:\knexit-workspace\knexit-workspace\knexwriter\src\modules\Knexread\native-pdf-reader\knex-pdf-engine\rendering\PdfJsTileRenderer.ts","83","outputScale","OutputScale","      80:   canvas.dataset.knexPdfRenderPhase = input.renderPhase;
      81:   canvas.dataset.knexPdfOutputScale = String(geometry.outputScale);
      82:   canvas.dataset.knexPdfOutputScaleX = String(tile.outputScaleX);
>>    83:   canvas.dataset.knexPdfOutputScaleY = String(tile.outputScaleY);
      84:   canvas.dataset.knexPdfTileCssLeft = String(tile.cssX);
      85:   canvas.dataset.knexPdfTileCssTop = String(tile.cssY);
      86:   canvas.dataset.knexPdfTileCssWidth = String(tile.cssWidth);"
"knexwriter\src\modules\Knexread\native-pdf-reader\knex-pdf-engine\rendering\PdfJsTileRenderer.ts","C:\knexit-workspace\knexit-workspace\knexwriter\src\modules\Knexread\native-pdf-reader\knex-pdf-engine\rendering\PdfJsTileRenderer.ts","83","outputScale","outputScale","      80:   canvas.dataset.knexPdfRenderPhase = input.renderPhase;
      81:   canvas.dataset.knexPdfOutputScale = String(geometry.outputScale);
      82:   canvas.dataset.knexPdfOutputScaleX = String(tile.outputScaleX);
>>    83:   canvas.dataset.knexPdfOutputScaleY = String(tile.outputScaleY);
      84:   canvas.dataset.knexPdfTileCssLeft = String(tile.cssX);
      85:   canvas.dataset.knexPdfTileCssTop = String(tile.cssY);
      86:   canvas.dataset.knexPdfTileCssWidth = String(tile.cssWidth);"
"knexwriter\src\modules\Knexread\native-pdf-reader\knex-pdf-engine\rendering\PdfJsTileRenderer.ts","C:\knexit-workspace\knexit-workspace\knexwriter\src\modules\Knexread\native-pdf-reader\knex-pdf-engine\rendering\PdfJsTileRenderer.ts","88","canvas\.width","canvas.width","      85:   canvas.dataset.knexPdfTileCssTop = String(tile.cssY);
      86:   canvas.dataset.knexPdfTileCssWidth = String(tile.cssWidth);
      87:   canvas.dataset.knexPdfTileCssHeight = String(tile.cssHeight);
>>    88:   canvas.dataset.knexPdfTileBitmapWidth = String(canvas.width);
      89:   canvas.dataset.knexPdfTileBitmapHeight = String(canvas.height);
      90: }
      91: "
"knexwriter\src\modules\Knexread\native-pdf-reader\knex-pdf-engine\rendering\PdfJsTileRenderer.ts","C:\knexit-workspace\knexit-workspace\knexwriter\src\modules\Knexread\native-pdf-reader\knex-pdf-engine\rendering\PdfJsTileRenderer.ts","89","canvas\.height","canvas.height","      86:   canvas.dataset.knexPdfTileCssWidth = String(tile.cssWidth);
      87:   canvas.dataset.knexPdfTileCssHeight = String(tile.cssHeight);
      88:   canvas.dataset.knexPdfTileBitmapWidth = String(canvas.width);
>>    89:   canvas.dataset.knexPdfTileBitmapHeight = String(canvas.height);
      90: }
      91: 
      92: export async function renderKnexPdfTileToCanvas("
"knexwriter\src\modules\Knexread\native-pdf-reader\knex-pdf-engine\rendering\PdfJsTileRenderer.ts","C:\knexit-workspace\knexit-workspace\knexwriter\src\modules\Knexread\native-pdf-reader\knex-pdf-engine\rendering\PdfJsTileRenderer.ts","114","canvas\.height","canvas.height","     111:   context.save();
     112:   context.setTransform(1, 0, 0, 1, 0, 0);
     113:   context.fillStyle = ""#ffffff"";
>>   114:   context.fillRect(0, 0, input.canvas.width, input.canvas.height);
     115:   context.restore();
     116: 
     117:   const page = (await input.session.pdf.getPage("
"knexwriter\src\modules\Knexread\native-pdf-reader\knex-pdf-engine\rendering\PdfJsTileRenderer.ts","C:\knexit-workspace\knexit-workspace\knexwriter\src\modules\Knexread\native-pdf-reader\knex-pdf-engine\rendering\PdfJsTileRenderer.ts","114","canvas\.width","canvas.width","     111:   context.save();
     112:   context.setTransform(1, 0, 0, 1, 0, 0);
     113:   context.fillStyle = ""#ffffff"";
>>   114:   context.fillRect(0, 0, input.canvas.width, input.canvas.height);
     115:   context.restore();
     116: 
     117:   const page = (await input.session.pdf.getPage("
"knexwriter\src\modules\Knexread\native-pdf-reader\knex-pdf-engine\rendering\PdfJsTileRenderer.ts","C:\knexit-workspace\knexit-workspace\knexwriter\src\modules\Knexread\native-pdf-reader\knex-pdf-engine\rendering\PdfJsTileRenderer.ts","125","getViewport","getViewport","     122:     throw createAbortError();
     123:   }
     124: 
>>   125:   const viewport = page.getViewport({ scale: input.geometry.zoom });
     126:   const renderTask = page.render({
     127:     canvasContext: context,
     128:     canvas: input.canvas,"
"knexwriter\src\modules\Knexread\native-pdf-reader\knex-pdf-engine\rendering\PdfJsTileRenderer.ts","C:\knexit-workspace\knexit-workspace\knexwriter\src\modules\Knexread\native-pdf-reader\knex-pdf-engine\rendering\PdfJsTileRenderer.ts","126","page\.render","page.render","     123:   }
     124: 
     125:   const viewport = page.getViewport({ scale: input.geometry.zoom });
>>   126:   const renderTask = page.render({
     127:     canvasContext: context,
     128:     canvas: input.canvas,
     129:     viewport,"
"knexwriter\src\modules\Knexread\native-pdf-reader\knex-pdf-engine\rendering\PdfJsTileRenderer.ts","C:\knexit-workspace\knexit-workspace\knexwriter\src\modules\Knexread\native-pdf-reader\knex-pdf-engine\rendering\PdfJsTileRenderer.ts","126","renderTask","renderTask","     123:   }
     124: 
     125:   const viewport = page.getViewport({ scale: input.geometry.zoom });
>>   126:   const renderTask = page.render({
     127:     canvasContext: context,
     128:     canvas: input.canvas,
     129:     viewport,"
"knexwriter\src\modules\Knexread\native-pdf-reader\knex-pdf-engine\rendering\PdfJsTileRenderer.ts","C:\knexit-workspace\knexit-workspace\knexwriter\src\modules\Knexread\native-pdf-reader\knex-pdf-engine\rendering\PdfJsTileRenderer.ts","131","outputScale","outputScale","     128:     canvas: input.canvas,
     129:     viewport,
     130:     transform: [
>>   131:       input.tile.outputScaleX,
     132:       0,
     133:       0,
     134:       input.tile.outputScaleY,"
"knexwriter\src\modules\Knexread\native-pdf-reader\knex-pdf-engine\rendering\PdfJsTileRenderer.ts","C:\knexit-workspace\knexit-workspace\knexwriter\src\modules\Knexread\native-pdf-reader\knex-pdf-engine\rendering\PdfJsTileRenderer.ts","134","outputScale","outputScale","     131:       input.tile.outputScaleX,
     132:       0,
     133:       0,
>>   134:       input.tile.outputScaleY,
     135:       -input.tile.cssX * input.tile.outputScaleX,
     136:       -input.tile.cssY * input.tile.outputScaleY,
     137:     ],"
"knexwriter\src\modules\Knexread\native-pdf-reader\knex-pdf-engine\rendering\PdfJsTileRenderer.ts","C:\knexit-workspace\knexit-workspace\knexwriter\src\modules\Knexread\native-pdf-reader\knex-pdf-engine\rendering\PdfJsTileRenderer.ts","135","outputScale","outputScale","     132:       0,
     133:       0,
     134:       input.tile.outputScaleY,
>>   135:       -input.tile.cssX * input.tile.outputScaleX,
     136:       -input.tile.cssY * input.tile.outputScaleY,
     137:     ],
     138:     intent: ""display"","
"knexwriter\src\modules\Knexread\native-pdf-reader\knex-pdf-engine\rendering\PdfJsTileRenderer.ts","C:\knexit-workspace\knexit-workspace\knexwriter\src\modules\Knexread\native-pdf-reader\knex-pdf-engine\rendering\PdfJsTileRenderer.ts","136","outputScale","outputScale","     133:       0,
     134:       input.tile.outputScaleY,
     135:       -input.tile.cssX * input.tile.outputScaleX,
>>   136:       -input.tile.cssY * input.tile.outputScaleY,
     137:     ],
     138:     intent: ""display"",
     139:   });"
"knexwriter\src\modules\Knexread\native-pdf-reader\knex-pdf-engine\rendering\PdfJsTileRenderer.ts","C:\knexit-workspace\knexit-workspace\knexwriter\src\modules\Knexread\native-pdf-reader\knex-pdf-engine\rendering\PdfJsTileRenderer.ts","141","renderTask","RenderTask","     138:     intent: ""display"",
     139:   });
     140: 
>>   141:   const cancelRenderTask = () => {
     142:     try {
     143:       renderTask.cancel?.();
     144:     } catch {"
"knexwriter\src\modules\Knexread\native-pdf-reader\knex-pdf-engine\rendering\PdfJsTileRenderer.ts","C:\knexit-workspace\knexit-workspace\knexwriter\src\modules\Knexread\native-pdf-reader\knex-pdf-engine\rendering\PdfJsTileRenderer.ts","143","renderTask","renderTask","     140: 
     141:   const cancelRenderTask = () => {
     142:     try {
>>   143:       renderTask.cancel?.();
     144:     } catch {
     145:       // PDF.js cancellation is best-effort.
     146:     }"
"knexwriter\src\modules\Knexread\native-pdf-reader\knex-pdf-engine\rendering\PdfJsTileRenderer.ts","C:\knexit-workspace\knexit-workspace\knexwriter\src\modules\Knexread\native-pdf-reader\knex-pdf-engine\rendering\PdfJsTileRenderer.ts","149","renderTask","RenderTask","     146:     }
     147:   };
     148: 
>>   149:   input.signal?.addEventListener(""abort"", cancelRenderTask, { once: true });
     150: 
     151:   try {
     152:     await renderTask.promise;"
"knexwriter\src\modules\Knexread\native-pdf-reader\knex-pdf-engine\rendering\PdfJsTileRenderer.ts","C:\knexit-workspace\knexit-workspace\knexwriter\src\modules\Knexread\native-pdf-reader\knex-pdf-engine\rendering\PdfJsTileRenderer.ts","152","renderTask","renderTask","     149:   input.signal?.addEventListener(""abort"", cancelRenderTask, { once: true });
     150: 
     151:   try {
>>   152:     await renderTask.promise;
     153: 
     154:     if (input.signal?.aborted) {
     155:       throw createAbortError();"
"knexwriter\src\modules\Knexread\native-pdf-reader\knex-pdf-engine\rendering\PdfJsTileRenderer.ts","C:\knexit-workspace\knexit-workspace\knexwriter\src\modules\Knexread\native-pdf-reader\knex-pdf-engine\rendering\PdfJsTileRenderer.ts","164","renderTask","RenderTask","     161: 
     162:     throw error;
     163:   } finally {
>>   164:     input.signal?.removeEventListener(""abort"", cancelRenderTask);
     165:   }
     166: 
     167:   const renderedTile: KnexPdfRenderedTile = {"
"knexwriter\src\modules\Knexread\native-pdf-reader\knex-pdf-engine\rendering\PdfJsTileRenderer.ts","C:\knexit-workspace\knexit-workspace\knexwriter\src\modules\Knexread\native-pdf-reader\knex-pdf-engine\rendering\PdfJsTileRenderer.ts","174","outputScale","outputScale","     171:     backend: ""pdfjs"",
     172:     renderPhase: input.renderPhase,
     173:     zoom: input.geometry.zoom,
>>   174:     outputScale: input.geometry.outputScale,
     175:     outputScaleX: input.tile.outputScaleX,
     176:     outputScaleY: input.tile.outputScaleY,
     177:     cssLeft: input.tile.cssX,"
"knexwriter\src\modules\Knexread\native-pdf-reader\knex-pdf-engine\rendering\PdfJsTileRenderer.ts","C:\knexit-workspace\knexit-workspace\knexwriter\src\modules\Knexread\native-pdf-reader\knex-pdf-engine\rendering\PdfJsTileRenderer.ts","174","outputScale","outputScale","     171:     backend: ""pdfjs"",
     172:     renderPhase: input.renderPhase,
     173:     zoom: input.geometry.zoom,
>>   174:     outputScale: input.geometry.outputScale,
     175:     outputScaleX: input.tile.outputScaleX,
     176:     outputScaleY: input.tile.outputScaleY,
     177:     cssLeft: input.tile.cssX,"
"knexwriter\src\modules\Knexread\native-pdf-reader\knex-pdf-engine\rendering\PdfJsTileRenderer.ts","C:\knexit-workspace\knexit-workspace\knexwriter\src\modules\Knexread\native-pdf-reader\knex-pdf-engine\rendering\PdfJsTileRenderer.ts","175","outputScale","outputScale","     172:     renderPhase: input.renderPhase,
     173:     zoom: input.geometry.zoom,
     174:     outputScale: input.geometry.outputScale,
>>   175:     outputScaleX: input.tile.outputScaleX,
     176:     outputScaleY: input.tile.outputScaleY,
     177:     cssLeft: input.tile.cssX,
     178:     cssTop: input.tile.cssY,"
"knexwriter\src\modules\Knexread\native-pdf-reader\knex-pdf-engine\rendering\PdfJsTileRenderer.ts","C:\knexit-workspace\knexit-workspace\knexwriter\src\modules\Knexread\native-pdf-reader\knex-pdf-engine\rendering\PdfJsTileRenderer.ts","175","outputScale","outputScale","     172:     renderPhase: input.renderPhase,
     173:     zoom: input.geometry.zoom,
     174:     outputScale: input.geometry.outputScale,
>>   175:     outputScaleX: input.tile.outputScaleX,
     176:     outputScaleY: input.tile.outputScaleY,
     177:     cssLeft: input.tile.cssX,
     178:     cssTop: input.tile.cssY,"
"knexwriter\src\modules\Knexread\native-pdf-reader\knex-pdf-engine\rendering\PdfJsTileRenderer.ts","C:\knexit-workspace\knexit-workspace\knexwriter\src\modules\Knexread\native-pdf-reader\knex-pdf-engine\rendering\PdfJsTileRenderer.ts","176","outputScale","outputScale","     173:     zoom: input.geometry.zoom,
     174:     outputScale: input.geometry.outputScale,
     175:     outputScaleX: input.tile.outputScaleX,
>>   176:     outputScaleY: input.tile.outputScaleY,
     177:     cssLeft: input.tile.cssX,
     178:     cssTop: input.tile.cssY,
     179:     cssWidth: input.tile.cssWidth,"
"knexwriter\src\modules\Knexread\native-pdf-reader\knex-pdf-engine\rendering\PdfJsTileRenderer.ts","C:\knexit-workspace\knexit-workspace\knexwriter\src\modules\Knexread\native-pdf-reader\knex-pdf-engine\rendering\PdfJsTileRenderer.ts","176","outputScale","outputScale","     173:     zoom: input.geometry.zoom,
     174:     outputScale: input.geometry.outputScale,
     175:     outputScaleX: input.tile.outputScaleX,
>>   176:     outputScaleY: input.tile.outputScaleY,
     177:     cssLeft: input.tile.cssX,
     178:     cssTop: input.tile.cssY,
     179:     cssWidth: input.tile.cssWidth,"
"knexwriter\src\modules\Knexread\native-pdf-reader\knex-pdf-engine\rendering\PdfJsTileRenderer.ts","C:\knexit-workspace\knexit-workspace\knexwriter\src\modules\Knexread\native-pdf-reader\knex-pdf-engine\rendering\PdfJsTileRenderer.ts","181","canvas\.width","canvas.width","     178:     cssTop: input.tile.cssY,
     179:     cssWidth: input.tile.cssWidth,
     180:     cssHeight: input.tile.cssHeight,
>>   181:     bitmapWidth: input.canvas.width,
     182:     bitmapHeight: input.canvas.height,
     183:     renderedAt: Date.now(),
     184:     renderDurationMs: nowMs() - startedAt,"
"knexwriter\src\modules\Knexread\native-pdf-reader\knex-pdf-engine\rendering\PdfJsTileRenderer.ts","C:\knexit-workspace\knexit-workspace\knexwriter\src\modules\Knexread\native-pdf-reader\knex-pdf-engine\rendering\PdfJsTileRenderer.ts","182","canvas\.height","canvas.height","     179:     cssWidth: input.tile.cssWidth,
     180:     cssHeight: input.tile.cssHeight,
     181:     bitmapWidth: input.canvas.width,
>>   182:     bitmapHeight: input.canvas.height,
     183:     renderedAt: Date.now(),
     184:     renderDurationMs: nowMs() - startedAt,
     185:   };"
"knexwriter\src\modules\Knexread\native-pdf-reader\knex-pdf-engine\rendering\RenderManager.ts","C:\knexit-workspace\knexit-workspace\knexwriter\src\modules\Knexread\native-pdf-reader\knex-pdf-engine\rendering\RenderManager.ts","67","renderVersion","renderVersion","      64: };
      65: 
      66: export type ScheduledRenderPlan = {
>>    67:   renderVersion: number;
      68:   reason: RenderScheduleReason;
      69:   pages: number[];
      70:   isZooming: boolean;"
"knexwriter\src\modules\Knexread\native-pdf-reader\knex-pdf-engine\rendering\RenderManager.ts","C:\knexit-workspace\knexit-workspace\knexwriter\src\modules\Knexread\native-pdf-reader\knex-pdf-engine\rendering\RenderManager.ts","81","fallback","fallback","      78: 
      79: function safeNumber(
      80:   value: number | null | undefined,
>>    81:   fallback = 0,
      82: ): number {
      83:   return typeof value === ""number"" && Number.isFinite(value)
      84:     ? value"
"knexwriter\src\modules\Knexread\native-pdf-reader\knex-pdf-engine\rendering\RenderManager.ts","C:\knexit-workspace\knexit-workspace\knexwriter\src\modules\Knexread\native-pdf-reader\knex-pdf-engine\rendering\RenderManager.ts","85","fallback","fallback","      82: ): number {
      83:   return typeof value === ""number"" && Number.isFinite(value)
      84:     ? value
>>    85:     : fallback;
      86: }
      87: 
      88: function normalizePageNumber(pageNumber: number): number {"
"knexwriter\src\modules\Knexread\native-pdf-reader\knex-pdf-engine\rendering\RenderManager.ts","C:\knexit-workspace\knexit-workspace\knexwriter\src\modules\Knexread\native-pdf-reader\knex-pdf-engine\rendering\RenderManager.ts","168","renderVersion","renderVersion","     165: }
     166: 
     167: function createScheduleKey(input: {
>>   168:   renderVersion: number;
     169:   reason: RenderScheduleReason;
     170:   pages: number[];
     171:   isZooming: boolean;"
"knexwriter\src\modules\Knexread\native-pdf-reader\knex-pdf-engine\rendering\RenderManager.ts","C:\knexit-workspace\knexit-workspace\knexwriter\src\modules\Knexread\native-pdf-reader\knex-pdf-engine\rendering\RenderManager.ts","174","renderVersion","renderVersion","     171:   isZooming: boolean;
     172: }) {
     173:   return [
>>   174:     input.renderVersion,
     175:     input.reason,
     176:     input.isZooming ? ""zooming"" : ""settled"",
     177:     input.pages.join("",""),"
"knexwriter\src\modules\Knexread\native-pdf-reader\knex-pdf-engine\rendering\RenderManager.ts","C:\knexit-workspace\knexit-workspace\knexwriter\src\modules\Knexread\native-pdf-reader\knex-pdf-engine\rendering\RenderManager.ts","198","renderVersion","renderVersion","     195:  * Ele apenas controla versão e fila.
     196:  */
     197: export class RenderManager {
>>   198:   private renderVersion = 0;
     199:   private options: RenderManagerOptions;
     200:   private zoomGestureActive = false;
     201:   private lastScheduleKey = """";"
"knexwriter\src\modules\Knexread\native-pdf-reader\knex-pdf-engine\rendering\RenderManager.ts","C:\knexit-workspace\knexit-workspace\knexwriter\src\modules\Knexread\native-pdf-reader\knex-pdf-engine\rendering\RenderManager.ts","223","renderVersion","RenderVersion","     220:    * Cria uma nova versão global de render.
     221:    * Tudo que for de versão anterior pode ser descartado.
     222:    */
>>   223:   nextRenderVersion() {
     224:     this.renderVersion += 1;
     225:     this.queue.clearOlderThan(this.renderVersion);
     226:     this.lastScheduleKey = """";"
"knexwriter\src\modules\Knexread\native-pdf-reader\knex-pdf-engine\rendering\RenderManager.ts","C:\knexit-workspace\knexit-workspace\knexwriter\src\modules\Knexread\native-pdf-reader\knex-pdf-engine\rendering\RenderManager.ts","224","renderVersion","renderVersion","     221:    * Tudo que for de versão anterior pode ser descartado.
     222:    */
     223:   nextRenderVersion() {
>>   224:     this.renderVersion += 1;
     225:     this.queue.clearOlderThan(this.renderVersion);
     226:     this.lastScheduleKey = """";
     227: "
"knexwriter\src\modules\Knexread\native-pdf-reader\knex-pdf-engine\rendering\RenderManager.ts","C:\knexit-workspace\knexit-workspace\knexwriter\src\modules\Knexread\native-pdf-reader\knex-pdf-engine\rendering\RenderManager.ts","225","renderVersion","renderVersion","     222:    */
     223:   nextRenderVersion() {
     224:     this.renderVersion += 1;
>>   225:     this.queue.clearOlderThan(this.renderVersion);
     226:     this.lastScheduleKey = """";
     227: 
     228:     return this.renderVersion;"
"knexwriter\src\modules\Knexread\native-pdf-reader\knex-pdf-engine\rendering\RenderManager.ts","C:\knexit-workspace\knexit-workspace\knexwriter\src\modules\Knexread\native-pdf-reader\knex-pdf-engine\rendering\RenderManager.ts","228","renderVersion","renderVersion","     225:     this.queue.clearOlderThan(this.renderVersion);
     226:     this.lastScheduleKey = """";
     227: 
>>   228:     return this.renderVersion;
     229:   }
     230: 
     231:   getCurrentRenderVersion() {"
"knexwriter\src\modules\Knexread\native-pdf-reader\knex-pdf-engine\rendering\RenderManager.ts","C:\knexit-workspace\knexit-workspace\knexwriter\src\modules\Knexread\native-pdf-reader\knex-pdf-engine\rendering\RenderManager.ts","231","renderVersion","RenderVersion","     228:     return this.renderVersion;
     229:   }
     230: 
>>   231:   getCurrentRenderVersion() {
     232:     return this.renderVersion;
     233:   }
     234: "
"knexwriter\src\modules\Knexread\native-pdf-reader\knex-pdf-engine\rendering\RenderManager.ts","C:\knexit-workspace\knexit-workspace\knexwriter\src\modules\Knexread\native-pdf-reader\knex-pdf-engine\rendering\RenderManager.ts","232","renderVersion","renderVersion","     229:   }
     230: 
     231:   getCurrentRenderVersion() {
>>   232:     return this.renderVersion;
     233:   }
     234: 
     235:   isZooming() {"
"knexwriter\src\modules\Knexread\native-pdf-reader\knex-pdf-engine\rendering\RenderManager.ts","C:\knexit-workspace\knexit-workspace\knexwriter\src\modules\Knexread\native-pdf-reader\knex-pdf-engine\rendering\RenderManager.ts","247","renderVersion","RenderVersion","     244:    */
     245:   beginZoomGesture() {
     246:     this.zoomGestureActive = true;
>>   247:     return this.nextRenderVersion();
     248:   }
     249: 
     250:   /**"
"knexwriter\src\modules\Knexread\native-pdf-reader\knex-pdf-engine\rendering\RenderManager.ts","C:\knexit-workspace\knexit-workspace\knexwriter\src\modules\Knexread\native-pdf-reader\knex-pdf-engine\rendering\RenderManager.ts","257","renderVersion","RenderVersion","     254:    */
     255:   endZoomGesture() {
     256:     this.zoomGestureActive = false;
>>   257:     return this.nextRenderVersion();
     258:   }
     259: 
     260:   /**"
"knexwriter\src\modules\Knexread\native-pdf-reader\knex-pdf-engine\rendering\RenderManager.ts","C:\knexit-workspace\knexit-workspace\knexwriter\src\modules\Knexread\native-pdf-reader\knex-pdf-engine\rendering\RenderManager.ts","285","renderVersion","RenderVersion","     282:     const isZooming = input.isZooming ?? this.zoomGestureActive;
     283: 
     284:     if (input.bumpVersion) {
>>   285:       this.nextRenderVersion();
     286:     }
     287: 
     288:     let pages = uniquePageNumbers(input.pageNumbers);"
"knexwriter\src\modules\Knexread\native-pdf-reader\knex-pdf-engine\rendering\RenderManager.ts","C:\knexit-workspace\knexit-workspace\knexwriter\src\modules\Knexread\native-pdf-reader\knex-pdf-engine\rendering\RenderManager.ts","328","renderVersion","renderVersion","     325:     }
     326: 
     327:     const plan: ScheduledRenderPlan = {
>>   328:       renderVersion: this.renderVersion,
     329:       reason,
     330:       pages,
     331:       isZooming,"
"knexwriter\src\modules\Knexread\native-pdf-reader\knex-pdf-engine\rendering\RenderManager.ts","C:\knexit-workspace\knexit-workspace\knexwriter\src\modules\Knexread\native-pdf-reader\knex-pdf-engine\rendering\RenderManager.ts","328","renderVersion","renderVersion","     325:     }
     326: 
     327:     const plan: ScheduledRenderPlan = {
>>   328:       renderVersion: this.renderVersion,
     329:       reason,
     330:       pages,
     331:       isZooming,"
"knexwriter\src\modules\Knexread\native-pdf-reader\knex-pdf-engine\rendering\RenderManager.ts","C:\knexit-workspace\knexit-workspace\knexwriter\src\modules\Knexread\native-pdf-reader\knex-pdf-engine\rendering\RenderManager.ts","353","renderVersion","renderVersion","     350:       this.queue.enqueue({
     351:         pageNumber,
     352:         priority: pages.length - index,
>>   353:         renderVersion: this.renderVersion,
     354:       });
     355:     });
     356: "
"knexwriter\src\modules\Knexread\native-pdf-reader\knex-pdf-engine\rendering\RenderManager.ts","C:\knexit-workspace\knexit-workspace\knexwriter\src\modules\Knexread\native-pdf-reader\knex-pdf-engine\rendering\RenderManager.ts","353","renderVersion","renderVersion","     350:       this.queue.enqueue({
     351:         pageNumber,
     352:         priority: pages.length - index,
>>   353:         renderVersion: this.renderVersion,
     354:       });
     355:     });
     356: "
"knexwriter\src\modules\Knexread\native-pdf-reader\knex-pdf-engine\rendering\RenderManager.ts","C:\knexit-workspace\knexit-workspace\knexwriter\src\modules\Knexread\native-pdf-reader\knex-pdf-engine\rendering\RenderManager.ts","412","renderVersion","RenderVersion","     409:   }) {
     410:     if (!this.zoomGestureActive) {
     411:       this.zoomGestureActive = true;
>>   412:       this.nextRenderVersion();
     413:     }
     414: 
     415:     return this.schedulePages({"
"knexwriter\src\modules\Knexread\native-pdf-reader\knex-pdf-engine\rendering\RenderQualityController.ts","C:\knexit-workspace\knexit-workspace\knexwriter\src\modules\Knexread\native-pdf-reader\knex-pdf-engine\rendering\RenderQualityController.ts","29","PdfRenderBackend","PdfRenderBackend","      26:   | ""warmup-preview""
      27:   | ""settled-final"";
      28: 
>>    29: export type KnexPdfRenderBackendKind = ""pdfjs"" | ""pdfium"" | ""mupdf"";
      30: 
      31: export const PDFIUM_INTERACTIVE_RENDER_BUDGET_MS = 120;
      32: export const PDFIUM_FINAL_RENDER_WARNING_MS = 800;"
"knexwriter\src\modules\Knexread\native-pdf-reader\knex-pdf-engine\rendering\RenderQualityController.ts","C:\knexit-workspace\knexit-workspace\knexwriter\src\modules\Knexread\native-pdf-reader\knex-pdf-engine\rendering\RenderQualityController.ts","29","backend.*=","BackendKind =","      26:   | ""warmup-preview""
      27:   | ""settled-final"";
      28: 
>>    29: export type KnexPdfRenderBackendKind = ""pdfjs"" | ""pdfium"" | ""mupdf"";
      30: 
      31: export const PDFIUM_INTERACTIVE_RENDER_BUDGET_MS = 120;
      32: export const PDFIUM_FINAL_RENDER_WARNING_MS = 800;"
"knexwriter\src\modules\Knexread\native-pdf-reader\knex-pdf-engine\rendering\RenderQualityController.ts","C:\knexit-workspace\knexit-workspace\knexwriter\src\modules\Knexread\native-pdf-reader\knex-pdf-engine\rendering\RenderQualityController.ts","51","outputScale","outputScale","      48:  * Este é o ponto crítico para impedir que o Knexread substitua um canvas
      49:  * visualmente melhor por um bitmap final inferior após o scrollzoom.
      50:  *
>>    51:  * Se o settled-final voltar com outputScale baixo, o texto volta serrilhado.
      52:  */
      53: export const PDFIUM_FINAL_MIN_OUTPUT_SCALE = 5;
      54: "
"knexwriter\src\modules\Knexread\native-pdf-reader\knex-pdf-engine\rendering\RenderQualityController.ts","C:\knexit-workspace\knexit-workspace\knexwriter\src\modules\Knexread\native-pdf-reader\knex-pdf-engine\rendering\RenderQualityController.ts","76","outputScale","outputScale","      73: /**
      74:  * Piso mínimo de pixels por qualidade.
      75:  *
>>    76:  * Esses valores impedem que o cálculo de outputScale economize demais o bitmap
      77:  * final e produza texto serrilhado.
      78:  */
      79: const MIN_CANVAS_PIXELS_BY_QUALITY: Record<KnexPdfRenderQuality, number> = {"
"knexwriter\src\modules\Knexread\native-pdf-reader\knex-pdf-engine\rendering\RenderQualityController.ts","C:\knexit-workspace\knexit-workspace\knexwriter\src\modules\Knexread\native-pdf-reader\knex-pdf-engine\rendering\RenderQualityController.ts","129","fallback","fallback","     126: 
     127: function safeNumber(
     128:   value: number | null | undefined,
>>   129:   fallback = 0,
     130: ): number {
     131:   return typeof value === ""number"" && Number.isFinite(value)
     132:     ? value"
"knexwriter\src\modules\Knexread\native-pdf-reader\knex-pdf-engine\rendering\RenderQualityController.ts","C:\knexit-workspace\knexit-workspace\knexwriter\src\modules\Knexread\native-pdf-reader\knex-pdf-engine\rendering\RenderQualityController.ts","133","fallback","fallback","     130: ): number {
     131:   return typeof value === ""number"" && Number.isFinite(value)
     132:     ? value
>>   133:     : fallback;
     134: }
     135: 
     136: function clamp(value: number, min: number, max: number): number {"
"knexwriter\src\modules\Knexread\native-pdf-reader\knex-pdf-engine\rendering\RenderQualityController.ts","C:\knexit-workspace\knexit-workspace\knexwriter\src\modules\Knexread\native-pdf-reader\knex-pdf-engine\rendering\RenderQualityController.ts","144","outputScale","OutputScale","     141:   return Math.max(safeMin, Math.min(safeMax, safeValue));
     142: }
     143: 
>>   144: function clampOutputScale(input: {
     145:   value: number;
     146:   min: number;
     147:   max: number;"
"knexwriter\src\modules\Knexread\native-pdf-reader\knex-pdf-engine\rendering\RenderQualityController.ts","C:\knexit-workspace\knexit-workspace\knexwriter\src\modules\Knexread\native-pdf-reader\knex-pdf-engine\rendering\RenderQualityController.ts","312","PdfRenderBackend","PdfRenderBackend","     309:   );
     310: }
     311: 
>>   312: function isWasmPdfBackend(backend: KnexPdfRenderBackendKind): boolean {
     313:   return backend === ""pdfium"" || backend === ""mupdf"";
     314: }
     315: "
"knexwriter\src\modules\Knexread\native-pdf-reader\knex-pdf-engine\rendering\RenderQualityController.ts","C:\knexit-workspace\knexit-workspace\knexwriter\src\modules\Knexread\native-pdf-reader\knex-pdf-engine\rendering\RenderQualityController.ts","313","backend.*=","backend === ""pdfium"" || backend ===","     310: }
     311: 
     312: function isWasmPdfBackend(backend: KnexPdfRenderBackendKind): boolean {
>>   313:   return backend === ""pdfium"" || backend === ""mupdf"";
     314: }
     315: 
     316: export function resolveRenderQualityForPhase(input: {"
"knexwriter\src\modules\Knexread\native-pdf-reader\knex-pdf-engine\rendering\RenderQualityController.ts","C:\knexit-workspace\knexit-workspace\knexwriter\src\modules\Knexread\native-pdf-reader\knex-pdf-engine\rendering\RenderQualityController.ts","317","PdfRenderBackend","PdfRenderBackend","     314: }
     315: 
     316: export function resolveRenderQualityForPhase(input: {
>>   317:   backend: KnexPdfRenderBackendKind;
     318:   phase: KnexPdfRenderPhase;
     319:   requestedQuality: KnexPdfRenderQualityInput;
     320:   zoom: number;"
"knexwriter\src\modules\Knexread\native-pdf-reader\knex-pdf-engine\rendering\RenderQualityController.ts","C:\knexit-workspace\knexit-workspace\knexwriter\src\modules\Knexread\native-pdf-reader\knex-pdf-engine\rendering\RenderQualityController.ts","347","outputScale","OutputScale","     344:   return capQualityAtHigh(requestedQuality);
     345: }
     346: 
>>   347: function resolveWasmMaxOutputScaleForPhase(
     348:   phase: KnexPdfRenderPhase,
     349: ): number {
     350:   const genericOverride = getGlobalNumber(""KNEX_WASM_PDF_MAX_OUTPUT_SCALE"");"
"knexwriter\src\modules\Knexread\native-pdf-reader\knex-pdf-engine\rendering\RenderQualityController.ts","C:\knexit-workspace\knexit-workspace\knexwriter\src\modules\Knexread\native-pdf-reader\knex-pdf-engine\rendering\RenderQualityController.ts","382","outputScale","OutputScale","     379:   );
     380: }
     381: 
>>   382: function resolveWasmMinOutputScaleForPhase(
     383:   phase: KnexPdfRenderPhase,
     384: ): number {
     385:   const genericOverride = getGlobalNumber(""KNEX_WASM_PDF_MIN_OUTPUT_SCALE"");"
"knexwriter\src\modules\Knexread\native-pdf-reader\knex-pdf-engine\rendering\RenderQualityController.ts","C:\knexit-workspace\knexit-workspace\knexwriter\src\modules\Knexread\native-pdf-reader\knex-pdf-engine\rendering\RenderQualityController.ts","416","outputScale","OutputScale","     413:   );
     414: }
     415: 
>>   416: export function clampKnexPdfOutputScaleForRenderPhase(input: {
     417:   backend: KnexPdfRenderBackendKind;
     418:   phase: KnexPdfRenderPhase;
     419:   outputScale: number;"
"knexwriter\src\modules\Knexread\native-pdf-reader\knex-pdf-engine\rendering\RenderQualityController.ts","C:\knexit-workspace\knexit-workspace\knexwriter\src\modules\Knexread\native-pdf-reader\knex-pdf-engine\rendering\RenderQualityController.ts","417","PdfRenderBackend","PdfRenderBackend","     414: }
     415: 
     416: export function clampKnexPdfOutputScaleForRenderPhase(input: {
>>   417:   backend: KnexPdfRenderBackendKind;
     418:   phase: KnexPdfRenderPhase;
     419:   outputScale: number;
     420: }) {"
"knexwriter\src\modules\Knexread\native-pdf-reader\knex-pdf-engine\rendering\RenderQualityController.ts","C:\knexit-workspace\knexit-workspace\knexwriter\src\modules\Knexread\native-pdf-reader\knex-pdf-engine\rendering\RenderQualityController.ts","419","outputScale","outputScale","     416: export function clampKnexPdfOutputScaleForRenderPhase(input: {
     417:   backend: KnexPdfRenderBackendKind;
     418:   phase: KnexPdfRenderPhase;
>>   419:   outputScale: number;
     420: }) {
     421:   if (!isWasmPdfBackend(input.backend)) {
     422:     return Math.max(1, safeNumber(input.outputScale, 1));"
"knexwriter\src\modules\Knexread\native-pdf-reader\knex-pdf-engine\rendering\RenderQualityController.ts","C:\knexit-workspace\knexit-workspace\knexwriter\src\modules\Knexread\native-pdf-reader\knex-pdf-engine\rendering\RenderQualityController.ts","422","outputScale","outputScale","     419:   outputScale: number;
     420: }) {
     421:   if (!isWasmPdfBackend(input.backend)) {
>>   422:     return Math.max(1, safeNumber(input.outputScale, 1));
     423:   }
     424: 
     425:   const maxOutputScale = resolveWasmMaxOutputScaleForPhase(input.phase);"
"knexwriter\src\modules\Knexread\native-pdf-reader\knex-pdf-engine\rendering\RenderQualityController.ts","C:\knexit-workspace\knexit-workspace\knexwriter\src\modules\Knexread\native-pdf-reader\knex-pdf-engine\rendering\RenderQualityController.ts","425","outputScale","OutputScale","     422:     return Math.max(1, safeNumber(input.outputScale, 1));
     423:   }
     424: 
>>   425:   const maxOutputScale = resolveWasmMaxOutputScaleForPhase(input.phase);
     426:   const minOutputScale = resolveWasmMinOutputScaleForPhase(input.phase);
     427: 
     428:   return clampOutputScale({"
"knexwriter\src\modules\Knexread\native-pdf-reader\knex-pdf-engine\rendering\RenderQualityController.ts","C:\knexit-workspace\knexit-workspace\knexwriter\src\modules\Knexread\native-pdf-reader\knex-pdf-engine\rendering\RenderQualityController.ts","425","outputScale","OutputScale","     422:     return Math.max(1, safeNumber(input.outputScale, 1));
     423:   }
     424: 
>>   425:   const maxOutputScale = resolveWasmMaxOutputScaleForPhase(input.phase);
     426:   const minOutputScale = resolveWasmMinOutputScaleForPhase(input.phase);
     427: 
     428:   return clampOutputScale({"
"knexwriter\src\modules\Knexread\native-pdf-reader\knex-pdf-engine\rendering\RenderQualityController.ts","C:\knexit-workspace\knexit-workspace\knexwriter\src\modules\Knexread\native-pdf-reader\knex-pdf-engine\rendering\RenderQualityController.ts","426","outputScale","OutputScale","     423:   }
     424: 
     425:   const maxOutputScale = resolveWasmMaxOutputScaleForPhase(input.phase);
>>   426:   const minOutputScale = resolveWasmMinOutputScaleForPhase(input.phase);
     427: 
     428:   return clampOutputScale({
     429:     value: safeNumber(input.outputScale, 1),"
"knexwriter\src\modules\Knexread\native-pdf-reader\knex-pdf-engine\rendering\RenderQualityController.ts","C:\knexit-workspace\knexit-workspace\knexwriter\src\modules\Knexread\native-pdf-reader\knex-pdf-engine\rendering\RenderQualityController.ts","426","outputScale","OutputScale","     423:   }
     424: 
     425:   const maxOutputScale = resolveWasmMaxOutputScaleForPhase(input.phase);
>>   426:   const minOutputScale = resolveWasmMinOutputScaleForPhase(input.phase);
     427: 
     428:   return clampOutputScale({
     429:     value: safeNumber(input.outputScale, 1),"
"knexwriter\src\modules\Knexread\native-pdf-reader\knex-pdf-engine\rendering\RenderQualityController.ts","C:\knexit-workspace\knexit-workspace\knexwriter\src\modules\Knexread\native-pdf-reader\knex-pdf-engine\rendering\RenderQualityController.ts","428","outputScale","OutputScale","     425:   const maxOutputScale = resolveWasmMaxOutputScaleForPhase(input.phase);
     426:   const minOutputScale = resolveWasmMinOutputScaleForPhase(input.phase);
     427: 
>>   428:   return clampOutputScale({
     429:     value: safeNumber(input.outputScale, 1),
     430:     min: minOutputScale,
     431:     max: maxOutputScale,"
"knexwriter\src\modules\Knexread\native-pdf-reader\knex-pdf-engine\rendering\RenderQualityController.ts","C:\knexit-workspace\knexit-workspace\knexwriter\src\modules\Knexread\native-pdf-reader\knex-pdf-engine\rendering\RenderQualityController.ts","429","outputScale","outputScale","     426:   const minOutputScale = resolveWasmMinOutputScaleForPhase(input.phase);
     427: 
     428:   return clampOutputScale({
>>   429:     value: safeNumber(input.outputScale, 1),
     430:     min: minOutputScale,
     431:     max: maxOutputScale,
     432:   });"
"knexwriter\src\modules\Knexread\native-pdf-reader\knex-pdf-engine\rendering\RenderQualityController.ts","C:\knexit-workspace\knexit-workspace\knexwriter\src\modules\Knexread\native-pdf-reader\knex-pdf-engine\rendering\RenderQualityController.ts","430","outputScale","OutputScale","     427: 
     428:   return clampOutputScale({
     429:     value: safeNumber(input.outputScale, 1),
>>   430:     min: minOutputScale,
     431:     max: maxOutputScale,
     432:   });
     433: }"
"knexwriter\src\modules\Knexread\native-pdf-reader\knex-pdf-engine\rendering\RenderQualityController.ts","C:\knexit-workspace\knexit-workspace\knexwriter\src\modules\Knexread\native-pdf-reader\knex-pdf-engine\rendering\RenderQualityController.ts","431","outputScale","OutputScale","     428:   return clampOutputScale({
     429:     value: safeNumber(input.outputScale, 1),
     430:     min: minOutputScale,
>>   431:     max: maxOutputScale,
     432:   });
     433: }
     434: "
"knexwriter\src\modules\Knexread\native-pdf-reader\knex-pdf-engine\rendering\RenderQualityController.ts","C:\knexit-workspace\knexit-workspace\knexwriter\src\modules\Knexread\native-pdf-reader\knex-pdf-engine\rendering\RenderQualityController.ts","468","outputScale","outputScale","     465: }
     466: 
     467: /**
>>   468:  * Calcula o outputScale final para o canvas.
     469:  *
     470:  * Regras:
     471:  * - prioriza nitidez em HiDPI;"
"knexwriter\src\modules\Knexread\native-pdf-reader\knex-pdf-engine\rendering\RenderQualityController.ts","C:\knexit-workspace\knexit-workspace\knexwriter\src\modules\Knexread\native-pdf-reader\knex-pdf-engine\rendering\RenderQualityController.ts","479","outputScale","OutputScale","     476:  * - evita escala menor que 1;
     477:  * - mantém piso maior para high/ultra/extreme, reduzindo serrilhado.
     478:  */
>>   479: export function computeKnexPdfOutputScale(input: {
     480:   cssWidth: number;
     481:   cssHeight: number;
     482:   quality?: KnexPdfRenderQualityInput;"
"knexwriter\src\modules\Knexread\native-pdf-reader\knex-pdf-engine\rendering\RenderQualityController.ts","C:\knexit-workspace\knexit-workspace\knexwriter\src\modules\Knexread\native-pdf-reader\knex-pdf-engine\rendering\RenderQualityController.ts","513","outputScale","OutputScale","     510:     ),
     511:   );
     512: 
>>   513:   return clampOutputScale({
     514:     value: qualityConfig.preferredScale,
     515:     min: MIN_OUTPUT_SCALE_BY_QUALITY[qualityConfig.quality],
     516:     max: maxAllowedScale,"
"knexwriter\src\modules\Knexread\native-pdf-reader\knex-pdf-engine\rendering\RenderQualityController.ts","C:\knexit-workspace\knexit-workspace\knexwriter\src\modules\Knexread\native-pdf-reader\knex-pdf-engine\rendering\RenderQualityController.ts","523","outputScale","outputScale","     520: /**
     521:  * Versão auxiliar para debug visual.
     522:  * Pode ser usada temporariamente no console para entender por que uma página
>>   523:  * ficou em determinado outputScale.
     524:  */
     525: export function explainKnexPdfOutputScale(input: {
     526:   cssWidth: number;"
"knexwriter\src\modules\Knexread\native-pdf-reader\knex-pdf-engine\rendering\RenderQualityController.ts","C:\knexit-workspace\knexit-workspace\knexwriter\src\modules\Knexread\native-pdf-reader\knex-pdf-engine\rendering\RenderQualityController.ts","593","PdfRenderBackend","PdfRenderBackend","     590:  * quando o backend é PDFium/MuPDF.
     591:  */
     592: export function explainKnexPdfOutputScaleForRenderPhase(input: {
>>   593:   backend: KnexPdfRenderBackendKind;
     594:   phase: KnexPdfRenderPhase;
     595:   cssWidth: number;
     596:   cssHeight: number;"
"knexwriter\src\modules\Knexread\native-pdf-reader\knex-pdf-engine\rendering\RenderQueue.ts","C:\knexit-workspace\knexit-workspace\knexwriter\src\modules\Knexread\native-pdf-reader\knex-pdf-engine\rendering\RenderQueue.ts","6","renderVersion","renderVersion","       3: export type RenderQueueItem = {
       4:   pageNumber: number;
       5:   priority: number;
>>     6:   renderVersion: number;
       7:   backendId?: string;
       8:   phase?: KnexPdfRenderPhase;
       9: };"
"knexwriter\src\modules\Knexread\native-pdf-reader\knex-pdf-engine\rendering\RenderQueue.ts","C:\knexit-workspace\knexit-workspace\knexwriter\src\modules\Knexread\native-pdf-reader\knex-pdf-engine\rendering\RenderQueue.ts","39","renderVersion","renderVersion","      36:    */
      37:   return (
      38:     candidate.pageNumber === item.pageNumber &&
>>    39:     candidate.renderVersion === item.renderVersion
      40:   );
      41: }
      42: "
"knexwriter\src\modules\Knexread\native-pdf-reader\knex-pdf-engine\rendering\RenderQueue.ts","C:\knexit-workspace\knexit-workspace\knexwriter\src\modules\Knexread\native-pdf-reader\knex-pdf-engine\rendering\RenderQueue.ts","39","renderVersion","renderVersion","      36:    */
      37:   return (
      38:     candidate.pageNumber === item.pageNumber &&
>>    39:     candidate.renderVersion === item.renderVersion
      40:   );
      41: }
      42: "
"knexwriter\src\modules\Knexread\native-pdf-reader\knex-pdf-engine\rendering\RenderQueue.ts","C:\knexit-workspace\knexit-workspace\knexwriter\src\modules\Knexread\native-pdf-reader\knex-pdf-engine\rendering\RenderQueue.ts","138","renderVersion","renderVersion","     135:     return this.items.shift();
     136:   }
     137: 
>>   138:   clearOlderThan(renderVersion: number) {
     139:     this.items = this.items.filter((item) => item.renderVersion >= renderVersion);
     140:   }
     141: "
"knexwriter\src\modules\Knexread\native-pdf-reader\knex-pdf-engine\rendering\RenderQueue.ts","C:\knexit-workspace\knexit-workspace\knexwriter\src\modules\Knexread\native-pdf-reader\knex-pdf-engine\rendering\RenderQueue.ts","139","renderVersion","renderVersion","     136:   }
     137: 
     138:   clearOlderThan(renderVersion: number) {
>>   139:     this.items = this.items.filter((item) => item.renderVersion >= renderVersion);
     140:   }
     141: 
     142:   clear() {"
"knexwriter\src\modules\Knexread\native-pdf-reader\knex-pdf-engine\rendering\RenderQueue.ts","C:\knexit-workspace\knexit-workspace\knexwriter\src\modules\Knexread\native-pdf-reader\knex-pdf-engine\rendering\RenderQueue.ts","139","renderVersion","renderVersion","     136:   }
     137: 
     138:   clearOlderThan(renderVersion: number) {
>>   139:     this.items = this.items.filter((item) => item.renderVersion >= renderVersion);
     140:   }
     141: 
     142:   clear() {"
"knexwriter\src\modules\Knexread\native-pdf-reader\knex-pdf-engine\rendering\RenderScheduler.ts","C:\knexit-workspace\knexit-workspace\knexwriter\src\modules\Knexread\native-pdf-reader\knex-pdf-engine\rendering\RenderScheduler.ts","11","backend.*=","Backend =","       8:   PDFIUM_INTERACTIVE_RENDER_BUDGET_MS,
       9: } from ""./RenderQualityController"";
      10: 
>>    11: type KnexPdfQueuedRenderBackend = ""pdfjs"" | ""pdfium"" | ""mupdf"" | string;
      12: 
      13: type QueuedRenderTask<T> = {
      14:   id: number;"
"knexwriter\src\modules\Knexread\native-pdf-reader\knex-pdf-engine\rendering\RenderScheduler.ts","C:\knexit-workspace\knexit-workspace\knexwriter\src\modules\Knexread\native-pdf-reader\knex-pdf-engine\rendering\RenderScheduler.ts","13","renderTask","RenderTask","      10: 
      11: type KnexPdfQueuedRenderBackend = ""pdfjs"" | ""pdfium"" | ""mupdf"" | string;
      12: 
>>    13: type QueuedRenderTask<T> = {
      14:   id: number;
      15:   backend: KnexPdfQueuedRenderBackend;
      16:   priority: number;"
"knexwriter\src\modules\Knexread\native-pdf-reader\knex-pdf-engine\rendering\RenderScheduler.ts","C:\knexit-workspace\knexit-workspace\knexwriter\src\modules\Knexread\native-pdf-reader\knex-pdf-engine\rendering\RenderScheduler.ts","41","renderTask","RenderTask","      38: let activePdfJsRenders = 0;
      39: let pumpScheduled = false;
      40: 
>>    41: const queue: QueuedRenderTask<unknown>[] = [];
      42: 
      43: function isPdfiumLikeBackend(backend: string) {
      44:   return backend === ""pdfium"" || backend === ""mupdf"";"
"knexwriter\src\modules\Knexread\native-pdf-reader\knex-pdf-engine\rendering\RenderScheduler.ts","C:\knexit-workspace\knexit-workspace\knexwriter\src\modules\Knexread\native-pdf-reader\knex-pdf-engine\rendering\RenderScheduler.ts","44","backend.*=","backend === ""pdfium"" || backend ===","      41: const queue: QueuedRenderTask<unknown>[] = [];
      42: 
      43: function isPdfiumLikeBackend(backend: string) {
>>    44:   return backend === ""pdfium"" || backend === ""mupdf"";
      45: }
      46: 
      47: function getMaxConcurrentRenders(backend: string) {"
"knexwriter\src\modules\Knexread\native-pdf-reader\knex-pdf-engine\rendering\RenderScheduler.ts","C:\knexit-workspace\knexit-workspace\knexwriter\src\modules\Knexread\native-pdf-reader\knex-pdf-engine\rendering\RenderScheduler.ts","53","active.*Backend","ActiveRenderCount(backend","      50:     : PDFJS_MAX_CONCURRENT_RENDERS;
      51: }
      52: 
>>    53: function getActiveRenderCount(backend: string) {
      54:   return isPdfiumLikeBackend(backend)
      55:     ? activePdfiumRenders
      56:     : activePdfJsRenders;"
"knexwriter\src\modules\Knexread\native-pdf-reader\knex-pdf-engine\rendering\RenderScheduler.ts","C:\knexit-workspace\knexit-workspace\knexwriter\src\modules\Knexread\native-pdf-reader\knex-pdf-engine\rendering\RenderScheduler.ts","59","active.*Backend","ActiveRenderCount(backend","      56:     : activePdfJsRenders;
      57: }
      58: 
>>    59: function incrementActiveRenderCount(backend: string) {
      60:   if (isPdfiumLikeBackend(backend)) {
      61:     activePdfiumRenders += 1;
      62:     return;"
"knexwriter\src\modules\Knexread\native-pdf-reader\knex-pdf-engine\rendering\RenderScheduler.ts","C:\knexit-workspace\knexit-workspace\knexwriter\src\modules\Knexread\native-pdf-reader\knex-pdf-engine\rendering\RenderScheduler.ts","68","active.*Backend","ActiveRenderCount(backend","      65:   activePdfJsRenders += 1;
      66: }
      67: 
>>    68: function decrementActiveRenderCount(backend: string) {
      69:   if (isPdfiumLikeBackend(backend)) {
      70:     activePdfiumRenders = Math.max(0, activePdfiumRenders - 1);
      71:     return;"
"knexwriter\src\modules\Knexread\native-pdf-reader\knex-pdf-engine\rendering\RenderScheduler.ts","C:\knexit-workspace\knexit-workspace\knexwriter\src\modules\Knexread\native-pdf-reader\knex-pdf-engine\rendering\RenderScheduler.ts","90","renderTask","RenderTask","      87:   );
      88: }
      89: 
>>    90: function removeTask(task: QueuedRenderTask<unknown>) {
      91:   const index = queue.indexOf(task);
      92:   if (index >= 0) {
      93:     queue.splice(index, 1);"
"knexwriter\src\modules\Knexread\native-pdf-reader\knex-pdf-engine\rendering\RenderScheduler.ts","C:\knexit-workspace\knexit-workspace\knexwriter\src\modules\Knexread\native-pdf-reader\knex-pdf-engine\rendering\RenderScheduler.ts","127","renderTask","RenderTask","     124:   window.setTimeout(run, 0);
     125: }
     126: 
>>   127: function startTask(task: QueuedRenderTask<unknown>) {
     128:   removeTask(task);
     129: 
     130:   if (task.signal?.aborted) {"
"knexwriter\src\modules\Knexread\native-pdf-reader\knex-pdf-engine\rendering\RenderScheduler.ts","C:\knexit-workspace\knexit-workspace\knexwriter\src\modules\Knexread\native-pdf-reader\knex-pdf-engine\rendering\RenderScheduler.ts","135","active.*Backend","ActiveRenderCount(task.backend","     132:     return;
     133:   }
     134: 
>>   135:   incrementActiveRenderCount(task.backend);
     136: 
     137:   task
     138:     .task()"
"knexwriter\src\modules\Knexread\native-pdf-reader\knex-pdf-engine\rendering\RenderScheduler.ts","C:\knexit-workspace\knexit-workspace\knexwriter\src\modules\Knexread\native-pdf-reader\knex-pdf-engine\rendering\RenderScheduler.ts","141","active.*Backend","ActiveRenderCount(task.backend","     138:     .task()
     139:     .then(task.resolve, task.reject)
     140:     .finally(() => {
>>   141:       decrementActiveRenderCount(task.backend);
     142:       schedulePump();
     143:     });
     144: }"
"knexwriter\src\modules\Knexread\native-pdf-reader\knex-pdf-engine\rendering\RenderScheduler.ts","C:\knexit-workspace\knexit-workspace\knexwriter\src\modules\Knexread\native-pdf-reader\knex-pdf-engine\rendering\RenderScheduler.ts","156","active.*Backend","activeCount = getActiveRenderCount(task.backend","     153:       continue;
     154:     }
     155: 
>>   156:     const activeCount = getActiveRenderCount(task.backend);
     157:     const maxConcurrent = getMaxConcurrentRenders(task.backend);
     158: 
     159:     if (activeCount >= maxConcurrent) {"
"knexwriter\src\modules\Knexread\native-pdf-reader\knex-pdf-engine\rendering\RenderScheduler.ts","C:\knexit-workspace\knexit-workspace\knexwriter\src\modules\Knexread\native-pdf-reader\knex-pdf-engine\rendering\RenderScheduler.ts","171","renderTask","RenderTask","     168:   }
     169: }
     170: 
>>   171: export function runKnexPdfRenderTask<T>(input: {
     172:   backend: KnexPdfQueuedRenderBackend;
     173:   priority?: number;
     174:   signal?: AbortSignal;"
"knexwriter\src\modules\Knexread\native-pdf-reader\knex-pdf-engine\rendering\RenderScheduler.ts","C:\knexit-workspace\knexit-workspace\knexwriter\src\modules\Knexread\native-pdf-reader\knex-pdf-engine\rendering\RenderScheduler.ts","182","renderTask","RenderTask","     179:   }
     180: 
     181:   return new Promise<T>((resolve, reject) => {
>>   182:     const task: QueuedRenderTask<T> = {
     183:       id: nextTaskId,
     184:       backend: input.backend,
     185:       priority: input.priority ?? 0,"
"knexwriter\src\modules\Knexread\native-pdf-reader\knex-pdf-engine\rendering\RenderScheduler.ts","C:\knexit-workspace\knexit-workspace\knexwriter\src\modules\Knexread\native-pdf-reader\knex-pdf-engine\rendering\RenderScheduler.ts","197","renderTask","RenderTask","     194: 
     195:     if (input.signal) {
     196:       task.abortListener = () => {
>>   197:         removeTask(task as QueuedRenderTask<unknown>);
     198:         reject(createAbortError());
     199:       };
     200:       input.signal.addEventListener(""abort"", task.abortListener, {"
"knexwriter\src\modules\Knexread\native-pdf-reader\knex-pdf-engine\rendering\RenderScheduler.ts","C:\knexit-workspace\knexit-workspace\knexwriter\src\modules\Knexread\native-pdf-reader\knex-pdf-engine\rendering\RenderScheduler.ts","205","renderTask","RenderTask","     202:       });
     203:     }
     204: 
>>   205:     queue.push(task as QueuedRenderTask<unknown>);
     206:     schedulePump();
     207:   });
     208: }"
"knexwriter\src\modules\Knexread\native-pdf-reader\knex-pdf-engine\rendering\RenderTaskToken.ts","C:\knexit-workspace\knexit-workspace\knexwriter\src\modules\Knexread\native-pdf-reader\knex-pdf-engine\rendering\RenderTaskToken.ts","1","renderTask","RenderTask",">>     1: export type RenderTaskToken = {
       2:   pageNumber: number;
       3:   renderVersion: number;
       4:   cancelled: boolean;"
"knexwriter\src\modules\Knexread\native-pdf-reader\knex-pdf-engine\rendering\RenderTaskToken.ts","C:\knexit-workspace\knexit-workspace\knexwriter\src\modules\Knexread\native-pdf-reader\knex-pdf-engine\rendering\RenderTaskToken.ts","3","renderVersion","renderVersion","       1: export type RenderTaskToken = {
       2:   pageNumber: number;
>>     3:   renderVersion: number;
       4:   cancelled: boolean;
       5: };
       6: "
"knexwriter\src\modules\Knexread\native-pdf-reader\knex-pdf-engine\rendering\RenderTaskToken.ts","C:\knexit-workspace\knexit-workspace\knexwriter\src\modules\Knexread\native-pdf-reader\knex-pdf-engine\rendering\RenderTaskToken.ts","7","renderVersion","renderVersion","       4:   cancelled: boolean;
       5: };
       6: 
>>     7: export function createRenderTaskToken(pageNumber: number, renderVersion: number): RenderTaskToken {
       8:   return {
       9:     pageNumber,
      10:     renderVersion,"
"knexwriter\src\modules\Knexread\native-pdf-reader\knex-pdf-engine\rendering\RenderTaskToken.ts","C:\knexit-workspace\knexit-workspace\knexwriter\src\modules\Knexread\native-pdf-reader\knex-pdf-engine\rendering\RenderTaskToken.ts","7","renderTask","RenderTask","       4:   cancelled: boolean;
       5: };
       6: 
>>     7: export function createRenderTaskToken(pageNumber: number, renderVersion: number): RenderTaskToken {
       8:   return {
       9:     pageNumber,
      10:     renderVersion,"
"knexwriter\src\modules\Knexread\native-pdf-reader\knex-pdf-engine\rendering\RenderTaskToken.ts","C:\knexit-workspace\knexit-workspace\knexwriter\src\modules\Knexread\native-pdf-reader\knex-pdf-engine\rendering\RenderTaskToken.ts","7","renderTask","RenderTask","       4:   cancelled: boolean;
       5: };
       6: 
>>     7: export function createRenderTaskToken(pageNumber: number, renderVersion: number): RenderTaskToken {
       8:   return {
       9:     pageNumber,
      10:     renderVersion,"
"knexwriter\src\modules\Knexread\native-pdf-reader\knex-pdf-engine\rendering\RenderTaskToken.ts","C:\knexit-workspace\knexit-workspace\knexwriter\src\modules\Knexread\native-pdf-reader\knex-pdf-engine\rendering\RenderTaskToken.ts","10","renderVersion","renderVersion","       7: export function createRenderTaskToken(pageNumber: number, renderVersion: number): RenderTaskToken {
       8:   return {
       9:     pageNumber,
>>    10:     renderVersion,
      11:     cancelled: false,
      12:   };
      13: }"
"knexwriter\src\modules\Knexread\native-pdf-reader\knex-pdf-engine\rendering\RenderTaskToken.ts","C:\knexit-workspace\knexit-workspace\knexwriter\src\modules\Knexread\native-pdf-reader\knex-pdf-engine\rendering\RenderTaskToken.ts","15","renderTask","RenderTask","      12:   };
      13: }
      14: 
>>    15: export function cancelRenderTaskToken(token: RenderTaskToken) {
      16:   token.cancelled = true;
      17: }
      18: "
"knexwriter\src\modules\Knexread\native-pdf-reader\knex-pdf-engine\rendering\RenderTaskToken.ts","C:\knexit-workspace\knexit-workspace\knexwriter\src\modules\Knexread\native-pdf-reader\knex-pdf-engine\rendering\RenderTaskToken.ts","15","renderTask","RenderTask","      12:   };
      13: }
      14: 
>>    15: export function cancelRenderTaskToken(token: RenderTaskToken) {
      16:   token.cancelled = true;
      17: }
      18: "
"knexwriter\src\modules\Knexread\native-pdf-reader\knex-pdf-engine\rendering\RenderTaskToken.ts","C:\knexit-workspace\knexit-workspace\knexwriter\src\modules\Knexread\native-pdf-reader\knex-pdf-engine\rendering\RenderTaskToken.ts","19","renderVersion","renderVersion","      16:   token.cancelled = true;
      17: }
      18: 
>>    19: export function isRenderTaskTokenCurrent(token: RenderTaskToken, renderVersion: number) {
      20:   return !token.cancelled && token.renderVersion === renderVersion;
      21: }
      22: "
"knexwriter\src\modules\Knexread\native-pdf-reader\knex-pdf-engine\rendering\RenderTaskToken.ts","C:\knexit-workspace\knexit-workspace\knexwriter\src\modules\Knexread\native-pdf-reader\knex-pdf-engine\rendering\RenderTaskToken.ts","19","renderTask","RenderTask","      16:   token.cancelled = true;
      17: }
      18: 
>>    19: export function isRenderTaskTokenCurrent(token: RenderTaskToken, renderVersion: number) {
      20:   return !token.cancelled && token.renderVersion === renderVersion;
      21: }
      22: "
"knexwriter\src\modules\Knexread\native-pdf-reader\knex-pdf-engine\rendering\RenderTaskToken.ts","C:\knexit-workspace\knexit-workspace\knexwriter\src\modules\Knexread\native-pdf-reader\knex-pdf-engine\rendering\RenderTaskToken.ts","19","renderTask","RenderTask","      16:   token.cancelled = true;
      17: }
      18: 
>>    19: export function isRenderTaskTokenCurrent(token: RenderTaskToken, renderVersion: number) {
      20:   return !token.cancelled && token.renderVersion === renderVersion;
      21: }
      22: "
"knexwriter\src\modules\Knexread\native-pdf-reader\knex-pdf-engine\rendering\RenderTaskToken.ts","C:\knexit-workspace\knexit-workspace\knexwriter\src\modules\Knexread\native-pdf-reader\knex-pdf-engine\rendering\RenderTaskToken.ts","20","renderVersion","renderVersion","      17: }
      18: 
      19: export function isRenderTaskTokenCurrent(token: RenderTaskToken, renderVersion: number) {
>>    20:   return !token.cancelled && token.renderVersion === renderVersion;
      21: }
      22: "
"knexwriter\src\modules\Knexread\native-pdf-reader\knex-pdf-engine\rendering\RenderTaskToken.ts","C:\knexit-workspace\knexit-workspace\knexwriter\src\modules\Knexread\native-pdf-reader\knex-pdf-engine\rendering\RenderTaskToken.ts","20","renderVersion","renderVersion","      17: }
      18: 
      19: export function isRenderTaskTokenCurrent(token: RenderTaskToken, renderVersion: number) {
>>    20:   return !token.cancelled && token.renderVersion === renderVersion;
      21: }
      22: "
"knexwriter\src\modules\Knexread\native-pdf-reader\knex-pdf-engine\rendering\TileGridCalculator.ts","C:\knexit-workspace\knexit-workspace\knexwriter\src\modules\Knexread\native-pdf-reader\knex-pdf-engine\rendering\TileGridCalculator.ts","29","outputScale","outputScale","      26:   bitmapY: number;
      27:   bitmapWidth: number;
      28:   bitmapHeight: number;
>>    29:   outputScaleX: number;
      30:   outputScaleY: number;
      31:   overlapPx: number;
      32:   priority: KnexPdfTilePriority;"
"knexwriter\src\modules\Knexread\native-pdf-reader\knex-pdf-engine\rendering\TileGridCalculator.ts","C:\knexit-workspace\knexit-workspace\knexwriter\src\modules\Knexread\native-pdf-reader\knex-pdf-engine\rendering\TileGridCalculator.ts","30","outputScale","outputScale","      27:   bitmapWidth: number;
      28:   bitmapHeight: number;
      29:   outputScaleX: number;
>>    30:   outputScaleY: number;
      31:   overlapPx: number;
      32:   priority: KnexPdfTilePriority;
      33: };"
"knexwriter\src\modules\Knexread\native-pdf-reader\knex-pdf-engine\rendering\TileGridCalculator.ts","C:\knexit-workspace\knexit-workspace\knexwriter\src\modules\Knexread\native-pdf-reader\knex-pdf-engine\rendering\TileGridCalculator.ts","41","outputScale","outputScale","      38:   cssHeight: number;
      39:   bitmapWidth: number;
      40:   bitmapHeight: number;
>>    41:   outputScale: number;
      42:   outputScaleX: number;
      43:   outputScaleY: number;
      44:   tileSizeCss: number;"
"knexwriter\src\modules\Knexread\native-pdf-reader\knex-pdf-engine\rendering\TileGridCalculator.ts","C:\knexit-workspace\knexit-workspace\knexwriter\src\modules\Knexread\native-pdf-reader\knex-pdf-engine\rendering\TileGridCalculator.ts","42","outputScale","outputScale","      39:   bitmapWidth: number;
      40:   bitmapHeight: number;
      41:   outputScale: number;
>>    42:   outputScaleX: number;
      43:   outputScaleY: number;
      44:   tileSizeCss: number;
      45:   tileRows: number;"
"knexwriter\src\modules\Knexread\native-pdf-reader\knex-pdf-engine\rendering\TileGridCalculator.ts","C:\knexit-workspace\knexit-workspace\knexwriter\src\modules\Knexread\native-pdf-reader\knex-pdf-engine\rendering\TileGridCalculator.ts","43","outputScale","outputScale","      40:   bitmapHeight: number;
      41:   outputScale: number;
      42:   outputScaleX: number;
>>    43:   outputScaleY: number;
      44:   tileSizeCss: number;
      45:   tileRows: number;
      46:   tileColumns: number;"
"knexwriter\src\modules\Knexread\native-pdf-reader\knex-pdf-engine\rendering\TileGridCalculator.ts","C:\knexit-workspace\knexit-workspace\knexwriter\src\modules\Knexread\native-pdf-reader\knex-pdf-engine\rendering\TileGridCalculator.ts","45","tileRows","tileRows","      42:   outputScaleX: number;
      43:   outputScaleY: number;
      44:   tileSizeCss: number;
>>    45:   tileRows: number;
      46:   tileColumns: number;
      47:   overlapPx: number;
      48:   totalTiles: number;"
"knexwriter\src\modules\Knexread\native-pdf-reader\knex-pdf-engine\rendering\TileGridCalculator.ts","C:\knexit-workspace\knexit-workspace\knexwriter\src\modules\Knexread\native-pdf-reader\knex-pdf-engine\rendering\TileGridCalculator.ts","46","tileColumns","tileColumns","      43:   outputScaleY: number;
      44:   tileSizeCss: number;
      45:   tileRows: number;
>>    46:   tileColumns: number;
      47:   overlapPx: number;
      48:   totalTiles: number;
      49:   visibleTiles: number;"
"knexwriter\src\modules\Knexread\native-pdf-reader\knex-pdf-engine\rendering\TileGridCalculator.ts","C:\knexit-workspace\knexit-workspace\knexwriter\src\modules\Knexread\native-pdf-reader\knex-pdf-engine\rendering\TileGridCalculator.ts","67","fallback","fallback","      64: 
      65: function safeNumber(
      66:   value: number | null | undefined,
>>    67:   fallback = 0,
      68: ): number {
      69:   return typeof value === ""number"" && Number.isFinite(value)
      70:     ? value"
"knexwriter\src\modules\Knexread\native-pdf-reader\knex-pdf-engine\rendering\TileGridCalculator.ts","C:\knexit-workspace\knexit-workspace\knexwriter\src\modules\Knexread\native-pdf-reader\knex-pdf-engine\rendering\TileGridCalculator.ts","71","fallback","fallback","      68: ): number {
      69:   return typeof value === ""number"" && Number.isFinite(value)
      70:     ? value
>>    71:     : fallback;
      72: }
      73: 
      74: function normalizePositiveInteger(value: number, fallback = 1): number {"
"knexwriter\src\modules\Knexread\native-pdf-reader\knex-pdf-engine\rendering\TileGridCalculator.ts","C:\knexit-workspace\knexit-workspace\knexwriter\src\modules\Knexread\native-pdf-reader\knex-pdf-engine\rendering\TileGridCalculator.ts","74","fallback","fallback","      71:     : fallback;
      72: }
      73: 
>>    74: function normalizePositiveInteger(value: number, fallback = 1): number {
      75:   return Math.max(1, Math.ceil(safeNumber(value, fallback)));
      76: }
      77: "
"knexwriter\src\modules\Knexread\native-pdf-reader\knex-pdf-engine\rendering\TileGridCalculator.ts","C:\knexit-workspace\knexit-workspace\knexwriter\src\modules\Knexread\native-pdf-reader\knex-pdf-engine\rendering\TileGridCalculator.ts","75","fallback","fallback","      72: }
      73: 
      74: function normalizePositiveInteger(value: number, fallback = 1): number {
>>    75:   return Math.max(1, Math.ceil(safeNumber(value, fallback)));
      76: }
      77: 
      78: function normalizeGridInteger(value: number | undefined): number | null {"
"knexwriter\src\modules\Knexread\native-pdf-reader\knex-pdf-engine\rendering\TileGridCalculator.ts","C:\knexit-workspace\knexit-workspace\knexwriter\src\modules\Knexread\native-pdf-reader\knex-pdf-engine\rendering\TileGridCalculator.ts","113","tileRows","tileRows","     110:   pageWidth: number;
     111:   pageHeight: number;
     112:   tileSize?: number;
>>   113:   tileRows?: number;
     114:   tileColumns?: number;
     115: }): TileGridCell[] {
     116:   const fixedRows = normalizeGridInteger(input.tileRows);"
"knexwriter\src\modules\Knexread\native-pdf-reader\knex-pdf-engine\rendering\TileGridCalculator.ts","C:\knexit-workspace\knexit-workspace\knexwriter\src\modules\Knexread\native-pdf-reader\knex-pdf-engine\rendering\TileGridCalculator.ts","114","tileColumns","tileColumns","     111:   pageHeight: number;
     112:   tileSize?: number;
     113:   tileRows?: number;
>>   114:   tileColumns?: number;
     115: }): TileGridCell[] {
     116:   const fixedRows = normalizeGridInteger(input.tileRows);
     117:   const fixedColumns = normalizeGridInteger(input.tileColumns);"
"knexwriter\src\modules\Knexread\native-pdf-reader\knex-pdf-engine\rendering\TileGridCalculator.ts","C:\knexit-workspace\knexit-workspace\knexwriter\src\modules\Knexread\native-pdf-reader\knex-pdf-engine\rendering\TileGridCalculator.ts","116","tileRows","tileRows","     113:   tileRows?: number;
     114:   tileColumns?: number;
     115: }): TileGridCell[] {
>>   116:   const fixedRows = normalizeGridInteger(input.tileRows);
     117:   const fixedColumns = normalizeGridInteger(input.tileColumns);
     118:   const pageWidth = normalizePositiveInteger(input.pageWidth, 1);
     119:   const pageHeight = normalizePositiveInteger(input.pageHeight, 1);"
"knexwriter\src\modules\Knexread\native-pdf-reader\knex-pdf-engine\rendering\TileGridCalculator.ts","C:\knexit-workspace\knexit-workspace\knexwriter\src\modules\Knexread\native-pdf-reader\knex-pdf-engine\rendering\TileGridCalculator.ts","117","tileColumns","tileColumns","     114:   tileColumns?: number;
     115: }): TileGridCell[] {
     116:   const fixedRows = normalizeGridInteger(input.tileRows);
>>   117:   const fixedColumns = normalizeGridInteger(input.tileColumns);
     118:   const pageWidth = normalizePositiveInteger(input.pageWidth, 1);
     119:   const pageHeight = normalizePositiveInteger(input.pageHeight, 1);
     120:   const tileSize = input.tileSize ?? 1024;"
"knexwriter\src\modules\Knexread\native-pdf-reader\knex-pdf-engine\rendering\TileGridCalculator.ts","C:\knexit-workspace\knexit-workspace\knexwriter\src\modules\Knexread\native-pdf-reader\knex-pdf-engine\rendering\TileGridCalculator.ts","175","outputScale","OutputScale","     172: 
     173:   return (
     174:     input.geometry.bitmapPixels > maxBitmapPixels ||
>>   175:     input.geometry.wasOutputScaleClamped
     176:   );
     177: }
     178: "
"knexwriter\src\modules\Knexread\native-pdf-reader\knex-pdf-engine\rendering\TileGridCalculator.ts","C:\knexit-workspace\knexit-workspace\knexwriter\src\modules\Knexread\native-pdf-reader\knex-pdf-engine\rendering\TileGridCalculator.ts","182","tileRows","tileRows","     179: export function buildKnexPdfTileRenderPlan(input: {
     180:   geometry: KnexPdfPageGeometry;
     181:   tileSizeCss?: number;
>>   182:   tileRows?: number;
     183:   tileColumns?: number;
     184:   overlapPx?: number;
     185:   visibleRect?: KnexPdfVisibleTileRect;"
"knexwriter\src\modules\Knexread\native-pdf-reader\knex-pdf-engine\rendering\TileGridCalculator.ts","C:\knexit-workspace\knexit-workspace\knexwriter\src\modules\Knexread\native-pdf-reader\knex-pdf-engine\rendering\TileGridCalculator.ts","183","tileColumns","tileColumns","     180:   geometry: KnexPdfPageGeometry;
     181:   tileSizeCss?: number;
     182:   tileRows?: number;
>>   183:   tileColumns?: number;
     184:   overlapPx?: number;
     185:   visibleRect?: KnexPdfVisibleTileRect;
     186:   preloadMarginCss?: number;"
"knexwriter\src\modules\Knexread\native-pdf-reader\knex-pdf-engine\rendering\TileGridCalculator.ts","C:\knexit-workspace\knexit-workspace\knexwriter\src\modules\Knexread\native-pdf-reader\knex-pdf-engine\rendering\TileGridCalculator.ts","194","tileRows","tileRows","     191:     input.tileSizeCss ?? DEFAULT_TILE_SIZE_CSS,
     192:     DEFAULT_TILE_SIZE_CSS,
     193:   );
>>   194:   const requestedTileRows = normalizeGridInteger(input.tileRows);
     195:   const requestedTileColumns = normalizeGridInteger(input.tileColumns);
     196:   const overlapPx = Math.max(0, Math.ceil(safeNumber(input.overlapPx, 0)));
     197:   const visibleRect = input.visibleRect;"
"knexwriter\src\modules\Knexread\native-pdf-reader\knex-pdf-engine\rendering\TileGridCalculator.ts","C:\knexit-workspace\knexit-workspace\knexwriter\src\modules\Knexread\native-pdf-reader\knex-pdf-engine\rendering\TileGridCalculator.ts","194","tileRows","TileRows","     191:     input.tileSizeCss ?? DEFAULT_TILE_SIZE_CSS,
     192:     DEFAULT_TILE_SIZE_CSS,
     193:   );
>>   194:   const requestedTileRows = normalizeGridInteger(input.tileRows);
     195:   const requestedTileColumns = normalizeGridInteger(input.tileColumns);
     196:   const overlapPx = Math.max(0, Math.ceil(safeNumber(input.overlapPx, 0)));
     197:   const visibleRect = input.visibleRect;"
"knexwriter\src\modules\Knexread\native-pdf-reader\knex-pdf-engine\rendering\TileGridCalculator.ts","C:\knexit-workspace\knexit-workspace\knexwriter\src\modules\Knexread\native-pdf-reader\knex-pdf-engine\rendering\TileGridCalculator.ts","195","tileColumns","tileColumns","     192:     DEFAULT_TILE_SIZE_CSS,
     193:   );
     194:   const requestedTileRows = normalizeGridInteger(input.tileRows);
>>   195:   const requestedTileColumns = normalizeGridInteger(input.tileColumns);
     196:   const overlapPx = Math.max(0, Math.ceil(safeNumber(input.overlapPx, 0)));
     197:   const visibleRect = input.visibleRect;
     198:   const nearbyRect = expandRect("
"knexwriter\src\modules\Knexread\native-pdf-reader\knex-pdf-engine\rendering\TileGridCalculator.ts","C:\knexit-workspace\knexit-workspace\knexwriter\src\modules\Knexread\native-pdf-reader\knex-pdf-engine\rendering\TileGridCalculator.ts","195","tileColumns","TileColumns","     192:     DEFAULT_TILE_SIZE_CSS,
     193:   );
     194:   const requestedTileRows = normalizeGridInteger(input.tileRows);
>>   195:   const requestedTileColumns = normalizeGridInteger(input.tileColumns);
     196:   const overlapPx = Math.max(0, Math.ceil(safeNumber(input.overlapPx, 0)));
     197:   const visibleRect = input.visibleRect;
     198:   const nearbyRect = expandRect("
"knexwriter\src\modules\Knexread\native-pdf-reader\knex-pdf-engine\rendering\TileGridCalculator.ts","C:\knexit-workspace\knexit-workspace\knexwriter\src\modules\Knexread\native-pdf-reader\knex-pdf-engine\rendering\TileGridCalculator.ts","207","tileRows","TileRows","     204:     pageWidth: geometry.cssWidth,
     205:     pageHeight: geometry.cssHeight,
     206:     tileSize: tileSizeCss,
>>   207:     tileRows: requestedTileRows ?? undefined,
     208:     tileColumns: requestedTileColumns ?? undefined,
     209:   });
     210:   const tileRows ="
"knexwriter\src\modules\Knexread\native-pdf-reader\knex-pdf-engine\rendering\TileGridCalculator.ts","C:\knexit-workspace\knexit-workspace\knexwriter\src\modules\Knexread\native-pdf-reader\knex-pdf-engine\rendering\TileGridCalculator.ts","207","tileRows","tileRows","     204:     pageWidth: geometry.cssWidth,
     205:     pageHeight: geometry.cssHeight,
     206:     tileSize: tileSizeCss,
>>   207:     tileRows: requestedTileRows ?? undefined,
     208:     tileColumns: requestedTileColumns ?? undefined,
     209:   });
     210:   const tileRows ="
"knexwriter\src\modules\Knexread\native-pdf-reader\knex-pdf-engine\rendering\TileGridCalculator.ts","C:\knexit-workspace\knexit-workspace\knexwriter\src\modules\Knexread\native-pdf-reader\knex-pdf-engine\rendering\TileGridCalculator.ts","208","tileColumns","TileColumns","     205:     pageHeight: geometry.cssHeight,
     206:     tileSize: tileSizeCss,
     207:     tileRows: requestedTileRows ?? undefined,
>>   208:     tileColumns: requestedTileColumns ?? undefined,
     209:   });
     210:   const tileRows =
     211:     cells.reduce((maxRow, cell) => Math.max(maxRow, cell.tileY), 0) + 1;"
"knexwriter\src\modules\Knexread\native-pdf-reader\knex-pdf-engine\rendering\TileGridCalculator.ts","C:\knexit-workspace\knexit-workspace\knexwriter\src\modules\Knexread\native-pdf-reader\knex-pdf-engine\rendering\TileGridCalculator.ts","208","tileColumns","tileColumns","     205:     pageHeight: geometry.cssHeight,
     206:     tileSize: tileSizeCss,
     207:     tileRows: requestedTileRows ?? undefined,
>>   208:     tileColumns: requestedTileColumns ?? undefined,
     209:   });
     210:   const tileRows =
     211:     cells.reduce((maxRow, cell) => Math.max(maxRow, cell.tileY), 0) + 1;"
"knexwriter\src\modules\Knexread\native-pdf-reader\knex-pdf-engine\rendering\TileGridCalculator.ts","C:\knexit-workspace\knexit-workspace\knexwriter\src\modules\Knexread\native-pdf-reader\knex-pdf-engine\rendering\TileGridCalculator.ts","210","tileRows","tileRows","     207:     tileRows: requestedTileRows ?? undefined,
     208:     tileColumns: requestedTileColumns ?? undefined,
     209:   });
>>   210:   const tileRows =
     211:     cells.reduce((maxRow, cell) => Math.max(maxRow, cell.tileY), 0) + 1;
     212:   const tileColumns =
     213:     cells.reduce((maxColumn, cell) => Math.max(maxColumn, cell.tileX), 0) + 1;"
"knexwriter\src\modules\Knexread\native-pdf-reader\knex-pdf-engine\rendering\TileGridCalculator.ts","C:\knexit-workspace\knexit-workspace\knexwriter\src\modules\Knexread\native-pdf-reader\knex-pdf-engine\rendering\TileGridCalculator.ts","212","tileColumns","tileColumns","     209:   });
     210:   const tileRows =
     211:     cells.reduce((maxRow, cell) => Math.max(maxRow, cell.tileY), 0) + 1;
>>   212:   const tileColumns =
     213:     cells.reduce((maxColumn, cell) => Math.max(maxColumn, cell.tileX), 0) + 1;
     214: 
     215:   const zoomBucket = Math.round(geometry.zoom * 100) / 100;"
"knexwriter\src\modules\Knexread\native-pdf-reader\knex-pdf-engine\rendering\TileGridCalculator.ts","C:\knexit-workspace\knexit-workspace\knexwriter\src\modules\Knexread\native-pdf-reader\knex-pdf-engine\rendering\TileGridCalculator.ts","216","outputScale","outputScale","     213:     cells.reduce((maxColumn, cell) => Math.max(maxColumn, cell.tileX), 0) + 1;
     214: 
     215:   const zoomBucket = Math.round(geometry.zoom * 100) / 100;
>>   216:   const scaleBucket = Math.round(geometry.outputScale * 100) / 100;
     217: 
     218:   const tiles: KnexPdfPageTile[] = cells.map((cell) => {
     219:     const cssWidth = Math.min("
"knexwriter\src\modules\Knexread\native-pdf-reader\knex-pdf-engine\rendering\TileGridCalculator.ts","C:\knexit-workspace\knexit-workspace\knexwriter\src\modules\Knexread\native-pdf-reader\knex-pdf-engine\rendering\TileGridCalculator.ts","251","outputScale","outputScale","     248:       cssY: cell.y,
     249:       cssWidth,
     250:       cssHeight,
>>   251:       bitmapX: Math.floor(cell.x * geometry.outputScaleX),
     252:       bitmapY: Math.floor(cell.y * geometry.outputScaleY),
     253:       bitmapWidth: normalizePositiveInteger(
     254:         cssWidth * geometry.outputScaleX,"
"knexwriter\src\modules\Knexread\native-pdf-reader\knex-pdf-engine\rendering\TileGridCalculator.ts","C:\knexit-workspace\knexit-workspace\knexwriter\src\modules\Knexread\native-pdf-reader\knex-pdf-engine\rendering\TileGridCalculator.ts","252","outputScale","outputScale","     249:       cssWidth,
     250:       cssHeight,
     251:       bitmapX: Math.floor(cell.x * geometry.outputScaleX),
>>   252:       bitmapY: Math.floor(cell.y * geometry.outputScaleY),
     253:       bitmapWidth: normalizePositiveInteger(
     254:         cssWidth * geometry.outputScaleX,
     255:       ),"
"knexwriter\src\modules\Knexread\native-pdf-reader\knex-pdf-engine\rendering\TileGridCalculator.ts","C:\knexit-workspace\knexit-workspace\knexwriter\src\modules\Knexread\native-pdf-reader\knex-pdf-engine\rendering\TileGridCalculator.ts","254","outputScale","outputScale","     251:       bitmapX: Math.floor(cell.x * geometry.outputScaleX),
     252:       bitmapY: Math.floor(cell.y * geometry.outputScaleY),
     253:       bitmapWidth: normalizePositiveInteger(
>>   254:         cssWidth * geometry.outputScaleX,
     255:       ),
     256:       bitmapHeight: normalizePositiveInteger(
     257:         cssHeight * geometry.outputScaleY,"
"knexwriter\src\modules\Knexread\native-pdf-reader\knex-pdf-engine\rendering\TileGridCalculator.ts","C:\knexit-workspace\knexit-workspace\knexwriter\src\modules\Knexread\native-pdf-reader\knex-pdf-engine\rendering\TileGridCalculator.ts","257","outputScale","outputScale","     254:         cssWidth * geometry.outputScaleX,
     255:       ),
     256:       bitmapHeight: normalizePositiveInteger(
>>   257:         cssHeight * geometry.outputScaleY,
     258:       ),
     259:       outputScaleX: geometry.outputScaleX,
     260:       outputScaleY: geometry.outputScaleY,"
"knexwriter\src\modules\Knexread\native-pdf-reader\knex-pdf-engine\rendering\TileGridCalculator.ts","C:\knexit-workspace\knexit-workspace\knexwriter\src\modules\Knexread\native-pdf-reader\knex-pdf-engine\rendering\TileGridCalculator.ts","259","outputScale","outputScale","     256:       bitmapHeight: normalizePositiveInteger(
     257:         cssHeight * geometry.outputScaleY,
     258:       ),
>>   259:       outputScaleX: geometry.outputScaleX,
     260:       outputScaleY: geometry.outputScaleY,
     261:       overlapPx,
     262:       priority,"
"knexwriter\src\modules\Knexread\native-pdf-reader\knex-pdf-engine\rendering\TileGridCalculator.ts","C:\knexit-workspace\knexit-workspace\knexwriter\src\modules\Knexread\native-pdf-reader\knex-pdf-engine\rendering\TileGridCalculator.ts","259","outputScale","outputScale","     256:       bitmapHeight: normalizePositiveInteger(
     257:         cssHeight * geometry.outputScaleY,
     258:       ),
>>   259:       outputScaleX: geometry.outputScaleX,
     260:       outputScaleY: geometry.outputScaleY,
     261:       overlapPx,
     262:       priority,"
"knexwriter\src\modules\Knexread\native-pdf-reader\knex-pdf-engine\rendering\TileGridCalculator.ts","C:\knexit-workspace\knexit-workspace\knexwriter\src\modules\Knexread\native-pdf-reader\knex-pdf-engine\rendering\TileGridCalculator.ts","260","outputScale","outputScale","     257:         cssHeight * geometry.outputScaleY,
     258:       ),
     259:       outputScaleX: geometry.outputScaleX,
>>   260:       outputScaleY: geometry.outputScaleY,
     261:       overlapPx,
     262:       priority,
     263:     };"
"knexwriter\src\modules\Knexread\native-pdf-reader\knex-pdf-engine\rendering\TileGridCalculator.ts","C:\knexit-workspace\knexit-workspace\knexwriter\src\modules\Knexread\native-pdf-reader\knex-pdf-engine\rendering\TileGridCalculator.ts","260","outputScale","outputScale","     257:         cssHeight * geometry.outputScaleY,
     258:       ),
     259:       outputScaleX: geometry.outputScaleX,
>>   260:       outputScaleY: geometry.outputScaleY,
     261:       overlapPx,
     262:       priority,
     263:     };"
"knexwriter\src\modules\Knexread\native-pdf-reader\knex-pdf-engine\rendering\TileGridCalculator.ts","C:\knexit-workspace\knexit-workspace\knexwriter\src\modules\Knexread\native-pdf-reader\knex-pdf-engine\rendering\TileGridCalculator.ts","279","outputScale","OutputScale","     276:     return a.tileX - b.tileX;
     277:   });
     278: 
>>   279:   const reason = geometry.wasOutputScaleClamped
     280:     ? ""output-scale-clamped""
     281:     : shouldUseKnexPdfTileRendering({
     282:         geometry,"
"knexwriter\src\modules\Knexread\native-pdf-reader\knex-pdf-engine\rendering\TileGridCalculator.ts","C:\knexit-workspace\knexit-workspace\knexwriter\src\modules\Knexread\native-pdf-reader\knex-pdf-engine\rendering\TileGridCalculator.ts","294","outputScale","outputScale","     291:     cssHeight: geometry.cssHeight,
     292:     bitmapWidth: geometry.bitmapWidth,
     293:     bitmapHeight: geometry.bitmapHeight,
>>   294:     outputScale: geometry.outputScale,
     295:     outputScaleX: geometry.outputScaleX,
     296:     outputScaleY: geometry.outputScaleY,
     297:     tileSizeCss,"
"knexwriter\src\modules\Knexread\native-pdf-reader\knex-pdf-engine\rendering\TileGridCalculator.ts","C:\knexit-workspace\knexit-workspace\knexwriter\src\modules\Knexread\native-pdf-reader\knex-pdf-engine\rendering\TileGridCalculator.ts","294","outputScale","outputScale","     291:     cssHeight: geometry.cssHeight,
     292:     bitmapWidth: geometry.bitmapWidth,
     293:     bitmapHeight: geometry.bitmapHeight,
>>   294:     outputScale: geometry.outputScale,
     295:     outputScaleX: geometry.outputScaleX,
     296:     outputScaleY: geometry.outputScaleY,
     297:     tileSizeCss,"
"knexwriter\src\modules\Knexread\native-pdf-reader\knex-pdf-engine\rendering\TileGridCalculator.ts","C:\knexit-workspace\knexit-workspace\knexwriter\src\modules\Knexread\native-pdf-reader\knex-pdf-engine\rendering\TileGridCalculator.ts","295","outputScale","outputScale","     292:     bitmapWidth: geometry.bitmapWidth,
     293:     bitmapHeight: geometry.bitmapHeight,
     294:     outputScale: geometry.outputScale,
>>   295:     outputScaleX: geometry.outputScaleX,
     296:     outputScaleY: geometry.outputScaleY,
     297:     tileSizeCss,
     298:     tileRows,"
"knexwriter\src\modules\Knexread\native-pdf-reader\knex-pdf-engine\rendering\TileGridCalculator.ts","C:\knexit-workspace\knexit-workspace\knexwriter\src\modules\Knexread\native-pdf-reader\knex-pdf-engine\rendering\TileGridCalculator.ts","295","outputScale","outputScale","     292:     bitmapWidth: geometry.bitmapWidth,
     293:     bitmapHeight: geometry.bitmapHeight,
     294:     outputScale: geometry.outputScale,
>>   295:     outputScaleX: geometry.outputScaleX,
     296:     outputScaleY: geometry.outputScaleY,
     297:     tileSizeCss,
     298:     tileRows,"
"knexwriter\src\modules\Knexread\native-pdf-reader\knex-pdf-engine\rendering\TileGridCalculator.ts","C:\knexit-workspace\knexit-workspace\knexwriter\src\modules\Knexread\native-pdf-reader\knex-pdf-engine\rendering\TileGridCalculator.ts","298","tileRows","tileRows","     295:     outputScaleX: geometry.outputScaleX,
     296:     outputScaleY: geometry.outputScaleY,
     297:     tileSizeCss,
>>   298:     tileRows,
     299:     tileColumns,
     300:     overlapPx,
     301:     totalTiles: tiles.length,"
"knexwriter\src\modules\Knexread\native-pdf-reader\knex-pdf-engine\rendering\TileGridCalculator.ts","C:\knexit-workspace\knexit-workspace\knexwriter\src\modules\Knexread\native-pdf-reader\knex-pdf-engine\rendering\TileGridCalculator.ts","299","tileColumns","tileColumns","     296:     outputScaleY: geometry.outputScaleY,
     297:     tileSizeCss,
     298:     tileRows,
>>   299:     tileColumns,
     300:     overlapPx,
     301:     totalTiles: tiles.length,
     302:     visibleTiles: tiles.filter((tile) => tile.priority === ""visible"").length,"
"knexwriter\src\modules\Knexread\native-pdf-reader\knex-pdf-engine\server-tiles\index.ts","C:\knexit-workspace\knexit-workspace\knexwriter\src\modules\Knexread\native-pdf-reader\knex-pdf-engine\server-tiles\index.ts","4","fallback","Fallback","       1: export * from ""./ServerTileTypes"";
       2: export * from ""./requestServerRenderedTile"";
       3: export * from ""./ServerTileCacheClient"";
>>     4: export * from ""./serverTileFallbackPolicy"";
       5: "
"knexwriter\src\modules\Knexread\native-pdf-reader\knex-pdf-engine\server-tiles\NativeServerTileRenderer.ts","C:\knexit-workspace\knexit-workspace\knexwriter\src\modules\Knexread\native-pdf-reader\knex-pdf-engine\server-tiles\NativeServerTileRenderer.ts","15","fallback","Fallback","      12:   status: number;
      13: };
      14: 
>>    15: function createFallbackResponse(input: {
      16:   reason: string;
      17:   retryable?: boolean;
      18:   status?: number;"
"knexwriter\src\modules\Knexread\native-pdf-reader\knex-pdf-engine\server-tiles\NativeServerTileRenderer.ts","C:\knexit-workspace\knexit-workspace\knexwriter\src\modules\Knexread\native-pdf-reader\knex-pdf-engine\server-tiles\NativeServerTileRenderer.ts","24","fallback","fallback","      21:     status: input.status ?? 501,
      22:     response: {
      23:       ok: false,
>>    24:       status: ""fallback-required"",
      25:       fallback: ""tiled-canvas"",
      26:       reason: input.reason,
      27:       retryable: input.retryable ?? false,"
"knexwriter\src\modules\Knexread\native-pdf-reader\knex-pdf-engine\server-tiles\NativeServerTileRenderer.ts","C:\knexit-workspace\knexit-workspace\knexwriter\src\modules\Knexread\native-pdf-reader\knex-pdf-engine\server-tiles\NativeServerTileRenderer.ts","25","fallback","fallback","      22:     response: {
      23:       ok: false,
      24:       status: ""fallback-required"",
>>    25:       fallback: ""tiled-canvas"",
      26:       reason: input.reason,
      27:       retryable: input.retryable ?? false,
      28:     },"
"knexwriter\src\modules\Knexread\native-pdf-reader\knex-pdf-engine\server-tiles\NativeServerTileRenderer.ts","C:\knexit-workspace\knexit-workspace\knexwriter\src\modules\Knexread\native-pdf-reader\knex-pdf-engine\server-tiles\NativeServerTileRenderer.ts","58","renderTask","RenderTask","      55:   height: number;
      56: };
      57: 
>>    58: type PdfJsRenderTask = {
      59:   promise: Promise<void>;
      60:   cancel?: () => void;
      61: };"
"knexwriter\src\modules\Knexread\native-pdf-reader\knex-pdf-engine\server-tiles\NativeServerTileRenderer.ts","C:\knexit-workspace\knexit-workspace\knexwriter\src\modules\Knexread\native-pdf-reader\knex-pdf-engine\server-tiles\NativeServerTileRenderer.ts","64","getViewport","getViewport","      61: };
      62: 
      63: type PdfJsPage = {
>>    64:   getViewport: (params: { scale: number; rotation?: number }) => PdfJsViewport;
      65:   render: (params: {
      66:     canvasContext: unknown;
      67:     viewport: PdfJsViewport;"
"knexwriter\src\modules\Knexread\native-pdf-reader\knex-pdf-engine\server-tiles\NativeServerTileRenderer.ts","C:\knexit-workspace\knexit-workspace\knexwriter\src\modules\Knexread\native-pdf-reader\knex-pdf-engine\server-tiles\NativeServerTileRenderer.ts","70","renderTask","RenderTask","      67:     viewport: PdfJsViewport;
      68:     transform: number[];
      69:     intent: ""display"";
>>    70:   }) => PdfJsRenderTask;
      71: };
      72: 
      73: type PdfJsDocument = {"
"knexwriter\src\modules\Knexread\native-pdf-reader\knex-pdf-engine\server-tiles\NativeServerTileRenderer.ts","C:\knexit-workspace\knexit-workspace\knexwriter\src\modules\Knexread\native-pdf-reader\knex-pdf-engine\server-tiles\NativeServerTileRenderer.ts","146","outputScale","outputScale","     143:         pdfFileId: input.pdfFileId,
     144:         pageNumber: input.pageNumber,
     145:         zoom: input.zoom,
>>   146:         outputScale: input.outputScale,
     147:         dpi: input.dpi,
     148:         tile: input.tile,
     149:         page: input.page,"
"knexwriter\src\modules\Knexread\native-pdf-reader\knex-pdf-engine\server-tiles\NativeServerTileRenderer.ts","C:\knexit-workspace\knexit-workspace\knexwriter\src\modules\Knexread\native-pdf-reader\knex-pdf-engine\server-tiles\NativeServerTileRenderer.ts","146","outputScale","outputScale","     143:         pdfFileId: input.pdfFileId,
     144:         pageNumber: input.pageNumber,
     145:         zoom: input.zoom,
>>   146:         outputScale: input.outputScale,
     147:         dpi: input.dpi,
     148:         tile: input.tile,
     149:         page: input.page,"
"knexwriter\src\modules\Knexread\native-pdf-reader\knex-pdf-engine\server-tiles\NativeServerTileRenderer.ts","C:\knexit-workspace\knexit-workspace\knexwriter\src\modules\Knexread\native-pdf-reader\knex-pdf-engine\server-tiles\NativeServerTileRenderer.ts","160","outputScale","outputScale","     157: 
     158: function createTileId(input: KnexReadServerTileRequest) {
     159:   const zoomBucket = Math.round(input.zoom * 100);
>>   160:   const scaleBucket = Math.round(input.outputScale * 100);
     161: 
     162:   return `p${input.pageNumber}_z${zoomBucket}_r${input.tile.row}_c${input.tile.column}_s${scaleBucket}`;
     163: }"
"knexwriter\src\modules\Knexread\native-pdf-reader\knex-pdf-engine\server-tiles\NativeServerTileRenderer.ts","C:\knexit-workspace\knexit-workspace\knexwriter\src\modules\Knexread\native-pdf-reader\knex-pdf-engine\server-tiles\NativeServerTileRenderer.ts","256","outputScale","outputScale","     253:   const canvasModule = loadNapiCanvas();
     254:   const pdfjs = await importPdfJsModule();
     255:   const pdfBytes = await loadPdfBytes(request);
>>   256:   const outputScale = Math.max(1, request.outputScale);
     257:   const width = Math.max(1, Math.ceil(request.tile.cssWidth * outputScale));
     258:   const height = Math.max(1, Math.ceil(request.tile.cssHeight * outputScale));
     259:   const canvas = canvasModule.createCanvas(width, height);"
"knexwriter\src\modules\Knexread\native-pdf-reader\knex-pdf-engine\server-tiles\NativeServerTileRenderer.ts","C:\knexit-workspace\knexit-workspace\knexwriter\src\modules\Knexread\native-pdf-reader\knex-pdf-engine\server-tiles\NativeServerTileRenderer.ts","256","outputScale","outputScale","     253:   const canvasModule = loadNapiCanvas();
     254:   const pdfjs = await importPdfJsModule();
     255:   const pdfBytes = await loadPdfBytes(request);
>>   256:   const outputScale = Math.max(1, request.outputScale);
     257:   const width = Math.max(1, Math.ceil(request.tile.cssWidth * outputScale));
     258:   const height = Math.max(1, Math.ceil(request.tile.cssHeight * outputScale));
     259:   const canvas = canvasModule.createCanvas(width, height);"
"knexwriter\src\modules\Knexread\native-pdf-reader\knex-pdf-engine\server-tiles\NativeServerTileRenderer.ts","C:\knexit-workspace\knexit-workspace\knexwriter\src\modules\Knexread\native-pdf-reader\knex-pdf-engine\server-tiles\NativeServerTileRenderer.ts","257","outputScale","outputScale","     254:   const pdfjs = await importPdfJsModule();
     255:   const pdfBytes = await loadPdfBytes(request);
     256:   const outputScale = Math.max(1, request.outputScale);
>>   257:   const width = Math.max(1, Math.ceil(request.tile.cssWidth * outputScale));
     258:   const height = Math.max(1, Math.ceil(request.tile.cssHeight * outputScale));
     259:   const canvas = canvasModule.createCanvas(width, height);
     260:   const context = canvas.getContext(""2d"");"
"knexwriter\src\modules\Knexread\native-pdf-reader\knex-pdf-engine\server-tiles\NativeServerTileRenderer.ts","C:\knexit-workspace\knexit-workspace\knexwriter\src\modules\Knexread\native-pdf-reader\knex-pdf-engine\server-tiles\NativeServerTileRenderer.ts","258","outputScale","outputScale","     255:   const pdfBytes = await loadPdfBytes(request);
     256:   const outputScale = Math.max(1, request.outputScale);
     257:   const width = Math.max(1, Math.ceil(request.tile.cssWidth * outputScale));
>>   258:   const height = Math.max(1, Math.ceil(request.tile.cssHeight * outputScale));
     259:   const canvas = canvasModule.createCanvas(width, height);
     260:   const context = canvas.getContext(""2d"");
     261:   const format = normalizeImageFormat(request.format);"
"knexwriter\src\modules\Knexread\native-pdf-reader\knex-pdf-engine\server-tiles\NativeServerTileRenderer.ts","C:\knexit-workspace\knexit-workspace\knexwriter\src\modules\Knexread\native-pdf-reader\knex-pdf-engine\server-tiles\NativeServerTileRenderer.ts","269","renderTask","RenderTask","     266:     useSystemFonts: true,
     267:   });
     268:   const timeoutMs = getRenderTimeoutMs();
>>   269:   let renderTask: PdfJsRenderTask | null = null;
     270:   let document: PdfJsDocument | null = null;
     271: 
     272:   try {"
"knexwriter\src\modules\Knexread\native-pdf-reader\knex-pdf-engine\server-tiles\NativeServerTileRenderer.ts","C:\knexit-workspace\knexit-workspace\knexwriter\src\modules\Knexread\native-pdf-reader\knex-pdf-engine\server-tiles\NativeServerTileRenderer.ts","269","renderTask","renderTask","     266:     useSystemFonts: true,
     267:   });
     268:   const timeoutMs = getRenderTimeoutMs();
>>   269:   let renderTask: PdfJsRenderTask | null = null;
     270:   let document: PdfJsDocument | null = null;
     271: 
     272:   try {"
"knexwriter\src\modules\Knexread\native-pdf-reader\knex-pdf-engine\server-tiles\NativeServerTileRenderer.ts","C:\knexit-workspace\knexit-workspace\knexwriter\src\modules\Knexread\native-pdf-reader\knex-pdf-engine\server-tiles\NativeServerTileRenderer.ts","278","getViewport","getViewport","     275:       timeoutMs,
     276:     });
     277:     const page = await document.getPage(request.pageNumber);
>>   278:     const viewport = page.getViewport({
     279:       scale: request.zoom,
     280:       rotation: request.page.rotation,
     281:     });"
"knexwriter\src\modules\Knexread\native-pdf-reader\knex-pdf-engine\server-tiles\NativeServerTileRenderer.ts","C:\knexit-workspace\knexit-workspace\knexwriter\src\modules\Knexread\native-pdf-reader\knex-pdf-engine\server-tiles\NativeServerTileRenderer.ts","295","page\.render","page.render","     292:     contextRecord.fillRect(0, 0, width, height);
     293:     contextRecord.restore();
     294: 
>>   295:     renderTask = page.render({
     296:       canvasContext: context,
     297:       viewport,
     298:       transform: ["
"knexwriter\src\modules\Knexread\native-pdf-reader\knex-pdf-engine\server-tiles\NativeServerTileRenderer.ts","C:\knexit-workspace\knexit-workspace\knexwriter\src\modules\Knexread\native-pdf-reader\knex-pdf-engine\server-tiles\NativeServerTileRenderer.ts","295","renderTask","renderTask","     292:     contextRecord.fillRect(0, 0, width, height);
     293:     contextRecord.restore();
     294: 
>>   295:     renderTask = page.render({
     296:       canvasContext: context,
     297:       viewport,
     298:       transform: ["
"knexwriter\src\modules\Knexread\native-pdf-reader\knex-pdf-engine\server-tiles\NativeServerTileRenderer.ts","C:\knexit-workspace\knexit-workspace\knexwriter\src\modules\Knexread\native-pdf-reader\knex-pdf-engine\server-tiles\NativeServerTileRenderer.ts","299","outputScale","outputScale","     296:       canvasContext: context,
     297:       viewport,
     298:       transform: [
>>   299:         outputScale,
     300:         0,
     301:         0,
     302:         outputScale,"
"knexwriter\src\modules\Knexread\native-pdf-reader\knex-pdf-engine\server-tiles\NativeServerTileRenderer.ts","C:\knexit-workspace\knexit-workspace\knexwriter\src\modules\Knexread\native-pdf-reader\knex-pdf-engine\server-tiles\NativeServerTileRenderer.ts","302","outputScale","outputScale","     299:         outputScale,
     300:         0,
     301:         0,
>>   302:         outputScale,
     303:         -request.tile.cssLeft * outputScale,
     304:         -request.tile.cssTop * outputScale,
     305:       ],"
"knexwriter\src\modules\Knexread\native-pdf-reader\knex-pdf-engine\server-tiles\NativeServerTileRenderer.ts","C:\knexit-workspace\knexit-workspace\knexwriter\src\modules\Knexread\native-pdf-reader\knex-pdf-engine\server-tiles\NativeServerTileRenderer.ts","303","outputScale","outputScale","     300:         0,
     301:         0,
     302:         outputScale,
>>   303:         -request.tile.cssLeft * outputScale,
     304:         -request.tile.cssTop * outputScale,
     305:       ],
     306:       intent: ""display"","
"knexwriter\src\modules\Knexread\native-pdf-reader\knex-pdf-engine\server-tiles\NativeServerTileRenderer.ts","C:\knexit-workspace\knexit-workspace\knexwriter\src\modules\Knexread\native-pdf-reader\knex-pdf-engine\server-tiles\NativeServerTileRenderer.ts","304","outputScale","outputScale","     301:         0,
     302:         outputScale,
     303:         -request.tile.cssLeft * outputScale,
>>   304:         -request.tile.cssTop * outputScale,
     305:       ],
     306:       intent: ""display"",
     307:     });"
"knexwriter\src\modules\Knexread\native-pdf-reader\knex-pdf-engine\server-tiles\NativeServerTileRenderer.ts","C:\knexit-workspace\knexit-workspace\knexwriter\src\modules\Knexread\native-pdf-reader\knex-pdf-engine\server-tiles\NativeServerTileRenderer.ts","310","renderTask","renderTask","     307:     });
     308: 
     309:     await withTimeout({
>>   310:       promise: renderTask.promise,
     311:       timeoutMs,
     312:       onTimeout: () => {
     313:         try {"
"knexwriter\src\modules\Knexread\native-pdf-reader\knex-pdf-engine\server-tiles\NativeServerTileRenderer.ts","C:\knexit-workspace\knexit-workspace\knexwriter\src\modules\Knexread\native-pdf-reader\knex-pdf-engine\server-tiles\NativeServerTileRenderer.ts","314","renderTask","renderTask","     311:       timeoutMs,
     312:       onTimeout: () => {
     313:         try {
>>   314:           renderTask?.cancel?.();
     315:         } catch {
     316:           // Best effort cancellation for pdf.js render tasks.
     317:         }"
"knexwriter\src\modules\Knexread\native-pdf-reader\knex-pdf-engine\server-tiles\NativeServerTileRenderer.ts","C:\knexit-workspace\knexit-workspace\knexwriter\src\modules\Knexread\native-pdf-reader\knex-pdf-engine\server-tiles\NativeServerTileRenderer.ts","337","outputScale","outputScale","     334:       cssTop: request.tile.cssTop,
     335:       cssWidth: request.tile.cssWidth,
     336:       cssHeight: request.tile.cssHeight,
>>   337:       outputScale,
     338:       dpi: request.dpi,
     339:       renderDurationMs: Date.now() - startedAt,
     340:       fromCache: false,"
"knexwriter\src\modules\Knexread\native-pdf-reader\knex-pdf-engine\server-tiles\NativeServerTileRenderer.ts","C:\knexit-workspace\knexit-workspace\knexwriter\src\modules\Knexread\native-pdf-reader\knex-pdf-engine\server-tiles\NativeServerTileRenderer.ts","352","engine.*=","engine =","     349: export async function renderNativeServerTile(
     350:   request: KnexReadServerTileRequest,
     351: ): Promise<NativeServerTileRenderResult> {
>>   352:   const engine = getConfiguredRendererEngine();
     353: 
     354:   if (!request.pdfFileId && !request.pdfUrl && !request.pdfBytesBase64) {
     355:     return createFallbackResponse({"
"knexwriter\src\modules\Knexread\native-pdf-reader\knex-pdf-engine\server-tiles\NativeServerTileRenderer.ts","C:\knexit-workspace\knexit-workspace\knexwriter\src\modules\Knexread\native-pdf-reader\knex-pdf-engine\server-tiles\NativeServerTileRenderer.ts","355","fallback","Fallback","     352:   const engine = getConfiguredRendererEngine();
     353: 
     354:   if (!request.pdfFileId && !request.pdfUrl && !request.pdfBytesBase64) {
>>   355:     return createFallbackResponse({
     356:       reason: ""pdf-source-required-for-native-renderer"",
     357:       status: 422,
     358:     });"
"knexwriter\src\modules\Knexread\native-pdf-reader\knex-pdf-engine\server-tiles\NativeServerTileRenderer.ts","C:\knexit-workspace\knexit-workspace\knexwriter\src\modules\Knexread\native-pdf-reader\knex-pdf-engine\server-tiles\NativeServerTileRenderer.ts","362","fallback","Fallback","     359:   }
     360: 
     361:   if (!isNativeTileEncoderEnabled()) {
>>   362:     return createFallbackResponse({
     363:       reason: ""native-tile-encoder-not-enabled"",
     364:       status: 501,
     365:     });"
"knexwriter\src\modules\Knexread\native-pdf-reader\knex-pdf-engine\server-tiles\NativeServerTileRenderer.ts","C:\knexit-workspace\knexit-workspace\knexwriter\src\modules\Knexread\native-pdf-reader\knex-pdf-engine\server-tiles\NativeServerTileRenderer.ts","374","fallback","Fallback","     371:       response: await renderPdfJsNativeTile(request),
     372:     };
     373:   } catch (error) {
>>   374:     return createFallbackResponse({
     375:       reason:
     376:         error instanceof Error
     377:           ? `${engine}-server-tile-render-failed:${error.message}`"
"knexwriter\src\modules\Knexread\native-pdf-reader\knex-pdf-engine\server-tiles\requestServerRenderedTile.ts","C:\knexit-workspace\knexit-workspace\knexwriter\src\modules\Knexread\native-pdf-reader\knex-pdf-engine\server-tiles\requestServerRenderedTile.ts","11","fallback","Fallback","       8: const DEFAULT_TILE_ENDPOINT = ""/api/knexread/render/tile"";
       9: const DEFAULT_TILE_BATCH_ENDPOINT = ""/api/knexread/render/tiles/batch"";
      10: 
>>    11: function createFallbackResponse(reason: string): KnexReadServerTileResponse {
      12:   return {
      13:     ok: false,
      14:     status: ""fallback-required"","
"knexwriter\src\modules\Knexread\native-pdf-reader\knex-pdf-engine\server-tiles\requestServerRenderedTile.ts","C:\knexit-workspace\knexit-workspace\knexwriter\src\modules\Knexread\native-pdf-reader\knex-pdf-engine\server-tiles\requestServerRenderedTile.ts","14","fallback","fallback","      11: function createFallbackResponse(reason: string): KnexReadServerTileResponse {
      12:   return {
      13:     ok: false,
>>    14:     status: ""fallback-required"",
      15:     fallback: ""tiled-canvas"",
      16:     reason,
      17:     retryable: true,"
"knexwriter\src\modules\Knexread\native-pdf-reader\knex-pdf-engine\server-tiles\requestServerRenderedTile.ts","C:\knexit-workspace\knexit-workspace\knexwriter\src\modules\Knexread\native-pdf-reader\knex-pdf-engine\server-tiles\requestServerRenderedTile.ts","15","fallback","fallback","      12:   return {
      13:     ok: false,
      14:     status: ""fallback-required"",
>>    15:     fallback: ""tiled-canvas"",
      16:     reason,
      17:     retryable: true,
      18:   };"
"knexwriter\src\modules\Knexread\native-pdf-reader\knex-pdf-engine\server-tiles\requestServerRenderedTile.ts","C:\knexit-workspace\knexit-workspace\knexwriter\src\modules\Knexread\native-pdf-reader\knex-pdf-engine\server-tiles\requestServerRenderedTile.ts","50","fallback","Fallback","      47:     return body;
      48:   } catch (error) {
      49:     if (input.signal?.aborted) {
>>    50:       return createFallbackResponse(""server-tile-request-aborted"");
      51:     }
      52: 
      53:     return createFallbackResponse("
"knexwriter\src\modules\Knexread\native-pdf-reader\knex-pdf-engine\server-tiles\requestServerRenderedTile.ts","C:\knexit-workspace\knexit-workspace\knexwriter\src\modules\Knexread\native-pdf-reader\knex-pdf-engine\server-tiles\requestServerRenderedTile.ts","53","fallback","Fallback","      50:       return createFallbackResponse(""server-tile-request-aborted"");
      51:     }
      52: 
>>    53:     return createFallbackResponse(
      54:       error instanceof Error ? error.message : ""server-tile-request-failed"",
      55:     );
      56:   }"
"knexwriter\src\modules\Knexread\native-pdf-reader\knex-pdf-engine\server-tiles\requestServerRenderedTile.ts","C:\knexit-workspace\knexit-workspace\knexwriter\src\modules\Knexread\native-pdf-reader\knex-pdf-engine\server-tiles\requestServerRenderedTile.ts","81","fallback","fallback","      78:   } catch (error) {
      79:     return {
      80:       ok: false,
>>    81:       fallback: ""tiled-canvas"",
      82:       reason:
      83:         error instanceof Error ? error.message : ""server-tile-batch-failed"",
      84:       tiles: [],"
"knexwriter\src\modules\Knexread\native-pdf-reader\knex-pdf-engine\server-tiles\serverTileFallbackPolicy.ts","C:\knexit-workspace\knexit-workspace\knexwriter\src\modules\Knexread\native-pdf-reader\knex-pdf-engine\server-tiles\serverTileFallbackPolicy.ts","2","fallback","Fallback","       1: import type {
>>     2:   KnexPdfServerTileFallbackReason,
       3:   KnexPdfVisualRenderMode,
       4: } from ""../tiles/TileRenderTypes"";
       5: "
"knexwriter\src\modules\Knexread\native-pdf-reader\knex-pdf-engine\server-tiles\serverTileFallbackPolicy.ts","C:\knexit-workspace\knexit-workspace\knexwriter\src\modules\Knexread\native-pdf-reader\knex-pdf-engine\server-tiles\serverTileFallbackPolicy.ts","6","fallback","Fallback","       3:   KnexPdfVisualRenderMode,
       4: } from ""../tiles/TileRenderTypes"";
       5: 
>>     6: export type ServerTileFallbackDecision = {
       7:   renderMode: ""server-tiled"" | ""tiled-canvas"";
       8:   fallbackUsed: boolean;
       9:   reason?: KnexPdfServerTileFallbackReason | string;"
"knexwriter\src\modules\Knexread\native-pdf-reader\knex-pdf-engine\server-tiles\serverTileFallbackPolicy.ts","C:\knexit-workspace\knexit-workspace\knexwriter\src\modules\Knexread\native-pdf-reader\knex-pdf-engine\server-tiles\serverTileFallbackPolicy.ts","8","fallback","fallback","       5: 
       6: export type ServerTileFallbackDecision = {
       7:   renderMode: ""server-tiled"" | ""tiled-canvas"";
>>     8:   fallbackUsed: boolean;
       9:   reason?: KnexPdfServerTileFallbackReason | string;
      10: };
      11: "
"knexwriter\src\modules\Knexread\native-pdf-reader\knex-pdf-engine\server-tiles\serverTileFallbackPolicy.ts","C:\knexit-workspace\knexit-workspace\knexwriter\src\modules\Knexread\native-pdf-reader\knex-pdf-engine\server-tiles\serverTileFallbackPolicy.ts","9","fallback","Fallback","       6: export type ServerTileFallbackDecision = {
       7:   renderMode: ""server-tiled"" | ""tiled-canvas"";
       8:   fallbackUsed: boolean;
>>     9:   reason?: KnexPdfServerTileFallbackReason | string;
      10: };
      11: 
      12: export function resolveServerTileFallbackPolicy(input: {"
"knexwriter\src\modules\Knexread\native-pdf-reader\knex-pdf-engine\server-tiles\serverTileFallbackPolicy.ts","C:\knexit-workspace\knexit-workspace\knexwriter\src\modules\Knexread\native-pdf-reader\knex-pdf-engine\server-tiles\serverTileFallbackPolicy.ts","12","fallback","Fallback","       9:   reason?: KnexPdfServerTileFallbackReason | string;
      10: };
      11: 
>>    12: export function resolveServerTileFallbackPolicy(input: {
      13:   visualRenderMode: KnexPdfVisualRenderMode;
      14:   serverAvailable: boolean;
      15:   localTilesAvailable?: boolean;"
"knexwriter\src\modules\Knexread\native-pdf-reader\knex-pdf-engine\server-tiles\serverTileFallbackPolicy.ts","C:\knexit-workspace\knexit-workspace\knexwriter\src\modules\Knexread\native-pdf-reader\knex-pdf-engine\server-tiles\serverTileFallbackPolicy.ts","16","fallback","Fallback","      13:   visualRenderMode: KnexPdfVisualRenderMode;
      14:   serverAvailable: boolean;
      15:   localTilesAvailable?: boolean;
>>    16:   reason?: KnexPdfServerTileFallbackReason | string;
      17: }): ServerTileFallbackDecision {
      18:   const localTilesAvailable = input.localTilesAvailable !== false;
      19: "
"knexwriter\src\modules\Knexread\native-pdf-reader\knex-pdf-engine\server-tiles\serverTileFallbackPolicy.ts","C:\knexit-workspace\knexit-workspace\knexwriter\src\modules\Knexread\native-pdf-reader\knex-pdf-engine\server-tiles\serverTileFallbackPolicy.ts","17","fallback","Fallback","      14:   serverAvailable: boolean;
      15:   localTilesAvailable?: boolean;
      16:   reason?: KnexPdfServerTileFallbackReason | string;
>>    17: }): ServerTileFallbackDecision {
      18:   const localTilesAvailable = input.localTilesAvailable !== false;
      19: 
      20:   if (input.visualRenderMode === ""tiled-canvas"") {"
"knexwriter\src\modules\Knexread\native-pdf-reader\knex-pdf-engine\server-tiles\serverTileFallbackPolicy.ts","C:\knexit-workspace\knexit-workspace\knexwriter\src\modules\Knexread\native-pdf-reader\knex-pdf-engine\server-tiles\serverTileFallbackPolicy.ts","23","fallback","fallback","      20:   if (input.visualRenderMode === ""tiled-canvas"") {
      21:     return {
      22:       renderMode: ""tiled-canvas"",
>>    23:       fallbackUsed: false,
      24:     };
      25:   }
      26: "
"knexwriter\src\modules\Knexread\native-pdf-reader\knex-pdf-engine\server-tiles\serverTileFallbackPolicy.ts","C:\knexit-workspace\knexit-workspace\knexwriter\src\modules\Knexread\native-pdf-reader\knex-pdf-engine\server-tiles\serverTileFallbackPolicy.ts","30","fallback","fallback","      27:   if (input.serverAvailable) {
      28:     return {
      29:       renderMode: ""server-tiled"",
>>    30:       fallbackUsed: false,
      31:     };
      32:   }
      33: "
"knexwriter\src\modules\Knexread\native-pdf-reader\knex-pdf-engine\server-tiles\serverTileFallbackPolicy.ts","C:\knexit-workspace\knexit-workspace\knexwriter\src\modules\Knexread\native-pdf-reader\knex-pdf-engine\server-tiles\serverTileFallbackPolicy.ts","37","fallback","fallback","      34:   if (localTilesAvailable) {
      35:     return {
      36:       renderMode: ""tiled-canvas"",
>>    37:       fallbackUsed: true,
      38:       reason: input.reason ?? ""server-disabled"",
      39:     };
      40:   }"
"knexwriter\src\modules\Knexread\native-pdf-reader\knex-pdf-engine\server-tiles\serverTileFallbackPolicy.ts","C:\knexit-workspace\knexit-workspace\knexwriter\src\modules\Knexread\native-pdf-reader\knex-pdf-engine\server-tiles\serverTileFallbackPolicy.ts","44","fallback","fallback","      41: 
      42:   return {
      43:     renderMode: ""tiled-canvas"",
>>    44:     fallbackUsed: true,
      45:     reason: input.reason ?? ""server-disabled"",
      46:   };
      47: }"
"knexwriter\src\modules\Knexread\native-pdf-reader\knex-pdf-engine\server-tiles\ServerTileTypes.ts","C:\knexit-workspace\knexit-workspace\knexwriter\src\modules\Knexread\native-pdf-reader\knex-pdf-engine\server-tiles\ServerTileTypes.ts","37","outputScale","outputScale","      34:   pageNumber: number;
      35:   zoom: number;
      36:   dpi?: number;
>>    37:   outputScale: number;
      38:   tile: KnexReadServerTileRectRequest;
      39:   page: KnexReadServerTilePageRequest;
      40:   renderPhase: KnexPdfRenderPhase;"
"knexwriter\src\modules\Knexread\native-pdf-reader\knex-pdf-engine\server-tiles\ServerTileTypes.ts","C:\knexit-workspace\knexit-workspace\knexwriter\src\modules\Knexread\native-pdf-reader\knex-pdf-engine\server-tiles\ServerTileTypes.ts","59","outputScale","outputScale","      56:   cssTop: number;
      57:   cssWidth: number;
      58:   cssHeight: number;
>>    59:   outputScale: number;
      60:   dpi?: number;
      61:   renderDurationMs: number;
      62:   fromCache: boolean;"
"knexwriter\src\modules\Knexread\native-pdf-reader\knex-pdf-engine\server-tiles\ServerTileTypes.ts","C:\knexit-workspace\knexit-workspace\knexwriter\src\modules\Knexread\native-pdf-reader\knex-pdf-engine\server-tiles\ServerTileTypes.ts","67","fallback","Fallback","      64:   storageHit?: boolean;
      65: };
      66: 
>>    67: export type KnexReadServerTileFallbackResponse = {
      68:   ok: false;
      69:   status: ""fallback-required"" | ""error"";
      70:   fallback: ""tiled-canvas"";"
"knexwriter\src\modules\Knexread\native-pdf-reader\knex-pdf-engine\server-tiles\ServerTileTypes.ts","C:\knexit-workspace\knexit-workspace\knexwriter\src\modules\Knexread\native-pdf-reader\knex-pdf-engine\server-tiles\ServerTileTypes.ts","69","fallback","fallback","      66: 
      67: export type KnexReadServerTileFallbackResponse = {
      68:   ok: false;
>>    69:   status: ""fallback-required"" | ""error"";
      70:   fallback: ""tiled-canvas"";
      71:   reason: string;
      72:   retryable: boolean;"
"knexwriter\src\modules\Knexread\native-pdf-reader\knex-pdf-engine\server-tiles\ServerTileTypes.ts","C:\knexit-workspace\knexit-workspace\knexwriter\src\modules\Knexread\native-pdf-reader\knex-pdf-engine\server-tiles\ServerTileTypes.ts","70","fallback","fallback","      67: export type KnexReadServerTileFallbackResponse = {
      68:   ok: false;
      69:   status: ""fallback-required"" | ""error"";
>>    70:   fallback: ""tiled-canvas"";
      71:   reason: string;
      72:   retryable: boolean;
      73: };"
"knexwriter\src\modules\Knexread\native-pdf-reader\knex-pdf-engine\server-tiles\ServerTileTypes.ts","C:\knexit-workspace\knexit-workspace\knexwriter\src\modules\Knexread\native-pdf-reader\knex-pdf-engine\server-tiles\ServerTileTypes.ts","77","fallback","Fallback","      74: 
      75: export type KnexReadServerTileResponse =
      76:   | KnexReadServerTileReadyResponse
>>    77:   | KnexReadServerTileFallbackResponse;
      78: 
      79: export type KnexReadServerTileBatchRequest = {
      80:   tiles: KnexReadServerTileRequest[];"
"knexwriter\src\modules\Knexread\native-pdf-reader\knex-pdf-engine\server-tiles\ServerTileTypes.ts","C:\knexit-workspace\knexit-workspace\knexwriter\src\modules\Knexread\native-pdf-reader\knex-pdf-engine\server-tiles\ServerTileTypes.ts","86","fallback","fallback","      83: export type KnexReadServerTileBatchResponse = {
      84:   ok: boolean;
      85:   tiles: KnexReadServerTileResponse[];
>>    86:   fallback?: ""tiled-canvas"";
      87:   reason?: string;
      88: };
      89: "
"knexwriter\src\modules\Knexread\native-pdf-reader\knex-pdf-engine\text\TextCoordinateMapper.ts","C:\knexit-workspace\knexit-workspace\knexwriter\src\modules\Knexread\native-pdf-reader\knex-pdf-engine\text\TextCoordinateMapper.ts","26","outputScale","outputScale","      23:   pageWidthPt?: number;
      24:   pageHeightPt?: number;
      25:   renderScale?: number;
>>    26:   outputScale?: number;
      27: };
      28: 
      29: function safeNumber(value: number | null | undefined, fallback = 0): number {"
"knexwriter\src\modules\Knexread\native-pdf-reader\knex-pdf-engine\text\TextCoordinateMapper.ts","C:\knexit-workspace\knexit-workspace\knexwriter\src\modules\Knexread\native-pdf-reader\knex-pdf-engine\text\TextCoordinateMapper.ts","29","fallback","fallback","      26:   outputScale?: number;
      27: };
      28: 
>>    29: function safeNumber(value: number | null | undefined, fallback = 0): number {
      30:   return typeof value === ""number"" && Number.isFinite(value)
      31:     ? value
      32:     : fallback;"
"knexwriter\src\modules\Knexread\native-pdf-reader\knex-pdf-engine\text\TextCoordinateMapper.ts","C:\knexit-workspace\knexit-workspace\knexwriter\src\modules\Knexread\native-pdf-reader\knex-pdf-engine\text\TextCoordinateMapper.ts","32","fallback","fallback","      29: function safeNumber(value: number | null | undefined, fallback = 0): number {
      30:   return typeof value === ""number"" && Number.isFinite(value)
      31:     ? value
>>    32:     : fallback;
      33: }
      34: 
      35: function positiveLength("
"knexwriter\src\modules\Knexread\native-pdf-reader\knex-pdf-engine\text\TextCoordinateMapper.ts","C:\knexit-workspace\knexit-workspace\knexwriter\src\modules\Knexread\native-pdf-reader\knex-pdf-engine\text\TextCoordinateMapper.ts","37","fallback","fallback","      34: 
      35: function positiveLength(
      36:   value: number | null | undefined,
>>    37:   fallback = 1,
      38: ): number {
      39:   return Math.max(1, safeNumber(value, fallback));
      40: }"
"knexwriter\src\modules\Knexread\native-pdf-reader\knex-pdf-engine\text\TextCoordinateMapper.ts","C:\knexit-workspace\knexit-workspace\knexwriter\src\modules\Knexread\native-pdf-reader\knex-pdf-engine\text\TextCoordinateMapper.ts","39","fallback","fallback","      36:   value: number | null | undefined,
      37:   fallback = 1,
      38: ): number {
>>    39:   return Math.max(1, safeNumber(value, fallback));
      40: }
      41: 
      42: function positiveScale("
"knexwriter\src\modules\Knexread\native-pdf-reader\knex-pdf-engine\text\TextCoordinateMapper.ts","C:\knexit-workspace\knexit-workspace\knexwriter\src\modules\Knexread\native-pdf-reader\knex-pdf-engine\text\TextCoordinateMapper.ts","44","fallback","fallback","      41: 
      42: function positiveScale(
      43:   value: number | null | undefined,
>>    44:   fallback = 1,
      45: ): number {
      46:   return Math.max(0.01, safeNumber(value, fallback));
      47: }"
"knexwriter\src\modules\Knexread\native-pdf-reader\knex-pdf-engine\text\TextCoordinateMapper.ts","C:\knexit-workspace\knexit-workspace\knexwriter\src\modules\Knexread\native-pdf-reader\knex-pdf-engine\text\TextCoordinateMapper.ts","46","fallback","fallback","      43:   value: number | null | undefined,
      44:   fallback = 1,
      45: ): number {
>>    46:   return Math.max(0.01, safeNumber(value, fallback));
      47: }
      48: 
      49: function positiveSize("
"knexwriter\src\modules\Knexread\native-pdf-reader\knex-pdf-engine\text\TextCoordinateMapper.ts","C:\knexit-workspace\knexit-workspace\knexwriter\src\modules\Knexread\native-pdf-reader\knex-pdf-engine\text\TextCoordinateMapper.ts","51","fallback","fallback","      48: 
      49: function positiveSize(
      50:   value: number | null | undefined,
>>    51:   fallback = 1,
      52: ): number {
      53:   return Math.max(0.01, safeNumber(value, fallback));
      54: }"
"knexwriter\src\modules\Knexread\native-pdf-reader\knex-pdf-engine\text\TextCoordinateMapper.ts","C:\knexit-workspace\knexit-workspace\knexwriter\src\modules\Knexread\native-pdf-reader\knex-pdf-engine\text\TextCoordinateMapper.ts","53","fallback","fallback","      50:   value: number | null | undefined,
      51:   fallback = 1,
      52: ): number {
>>    53:   return Math.max(0.01, safeNumber(value, fallback));
      54: }
      55: 
      56: function clamp(value: number, min: number, max: number): number {"
"knexwriter\src\modules\Knexread\native-pdf-reader\knex-pdf-engine\text\TextCoordinateMapper.ts","C:\knexit-workspace\knexit-workspace\knexwriter\src\modules\Knexread\native-pdf-reader\knex-pdf-engine\text\TextCoordinateMapper.ts","112","outputScale","outputScale","     109: 
     110: export function mapPointFromBitmapToPageCss(input: {
     111:   point: KnexPdfPoint;
>>   112:   outputScale?: number;
     113: }): KnexPdfPoint {
     114:   const outputScale = positiveScale(input.outputScale, 1);
     115: "
"knexwriter\src\modules\Knexread\native-pdf-reader\knex-pdf-engine\text\TextCoordinateMapper.ts","C:\knexit-workspace\knexit-workspace\knexwriter\src\modules\Knexread\native-pdf-reader\knex-pdf-engine\text\TextCoordinateMapper.ts","114","outputScale","outputScale","     111:   point: KnexPdfPoint;
     112:   outputScale?: number;
     113: }): KnexPdfPoint {
>>   114:   const outputScale = positiveScale(input.outputScale, 1);
     115: 
     116:   return {
     117:     x: safeNumber(input.point.x, 0) / outputScale,"
"knexwriter\src\modules\Knexread\native-pdf-reader\knex-pdf-engine\text\TextCoordinateMapper.ts","C:\knexit-workspace\knexit-workspace\knexwriter\src\modules\Knexread\native-pdf-reader\knex-pdf-engine\text\TextCoordinateMapper.ts","114","outputScale","outputScale","     111:   point: KnexPdfPoint;
     112:   outputScale?: number;
     113: }): KnexPdfPoint {
>>   114:   const outputScale = positiveScale(input.outputScale, 1);
     115: 
     116:   return {
     117:     x: safeNumber(input.point.x, 0) / outputScale,"
"knexwriter\src\modules\Knexread\native-pdf-reader\knex-pdf-engine\text\TextCoordinateMapper.ts","C:\knexit-workspace\knexit-workspace\knexwriter\src\modules\Knexread\native-pdf-reader\knex-pdf-engine\text\TextCoordinateMapper.ts","117","outputScale","outputScale","     114:   const outputScale = positiveScale(input.outputScale, 1);
     115: 
     116:   return {
>>   117:     x: safeNumber(input.point.x, 0) / outputScale,
     118:     y: safeNumber(input.point.y, 0) / outputScale,
     119:   };
     120: }"
"knexwriter\src\modules\Knexread\native-pdf-reader\knex-pdf-engine\text\TextCoordinateMapper.ts","C:\knexit-workspace\knexit-workspace\knexwriter\src\modules\Knexread\native-pdf-reader\knex-pdf-engine\text\TextCoordinateMapper.ts","118","outputScale","outputScale","     115: 
     116:   return {
     117:     x: safeNumber(input.point.x, 0) / outputScale,
>>   118:     y: safeNumber(input.point.y, 0) / outputScale,
     119:   };
     120: }
     121: "
"knexwriter\src\modules\Knexread\native-pdf-reader\knex-pdf-engine\text\TextCoordinateMapper.ts","C:\knexit-workspace\knexit-workspace\knexwriter\src\modules\Knexread\native-pdf-reader\knex-pdf-engine\text\TextCoordinateMapper.ts","124","outputScale","outputScale","     121: 
     122: export function mapRectFromBitmapToPageCss(input: {
     123:   rect: KnexPdfRect;
>>   124:   outputScale?: number;
     125: }): KnexPdfRect {
     126:   const outputScale = positiveScale(input.outputScale, 1);
     127:   const rect = normalizeRect(input.rect);"
"knexwriter\src\modules\Knexread\native-pdf-reader\knex-pdf-engine\text\TextCoordinateMapper.ts","C:\knexit-workspace\knexit-workspace\knexwriter\src\modules\Knexread\native-pdf-reader\knex-pdf-engine\text\TextCoordinateMapper.ts","126","outputScale","outputScale","     123:   rect: KnexPdfRect;
     124:   outputScale?: number;
     125: }): KnexPdfRect {
>>   126:   const outputScale = positiveScale(input.outputScale, 1);
     127:   const rect = normalizeRect(input.rect);
     128: 
     129:   return {"
"knexwriter\src\modules\Knexread\native-pdf-reader\knex-pdf-engine\text\TextCoordinateMapper.ts","C:\knexit-workspace\knexit-workspace\knexwriter\src\modules\Knexread\native-pdf-reader\knex-pdf-engine\text\TextCoordinateMapper.ts","126","outputScale","outputScale","     123:   rect: KnexPdfRect;
     124:   outputScale?: number;
     125: }): KnexPdfRect {
>>   126:   const outputScale = positiveScale(input.outputScale, 1);
     127:   const rect = normalizeRect(input.rect);
     128: 
     129:   return {"
"knexwriter\src\modules\Knexread\native-pdf-reader\knex-pdf-engine\text\TextCoordinateMapper.ts","C:\knexit-workspace\knexit-workspace\knexwriter\src\modules\Knexread\native-pdf-reader\knex-pdf-engine\text\TextCoordinateMapper.ts","130","outputScale","outputScale","     127:   const rect = normalizeRect(input.rect);
     128: 
     129:   return {
>>   130:     x: rect.x / outputScale,
     131:     y: rect.y / outputScale,
     132:     width: rect.width / outputScale,
     133:     height: rect.height / outputScale,"
"knexwriter\src\modules\Knexread\native-pdf-reader\knex-pdf-engine\text\TextCoordinateMapper.ts","C:\knexit-workspace\knexit-workspace\knexwriter\src\modules\Knexread\native-pdf-reader\knex-pdf-engine\text\TextCoordinateMapper.ts","131","outputScale","outputScale","     128: 
     129:   return {
     130:     x: rect.x / outputScale,
>>   131:     y: rect.y / outputScale,
     132:     width: rect.width / outputScale,
     133:     height: rect.height / outputScale,
     134:   };"
"knexwriter\src\modules\Knexread\native-pdf-reader\knex-pdf-engine\text\TextCoordinateMapper.ts","C:\knexit-workspace\knexit-workspace\knexwriter\src\modules\Knexread\native-pdf-reader\knex-pdf-engine\text\TextCoordinateMapper.ts","132","outputScale","outputScale","     129:   return {
     130:     x: rect.x / outputScale,
     131:     y: rect.y / outputScale,
>>   132:     width: rect.width / outputScale,
     133:     height: rect.height / outputScale,
     134:   };
     135: }"
"knexwriter\src\modules\Knexread\native-pdf-reader\knex-pdf-engine\text\TextCoordinateMapper.ts","C:\knexit-workspace\knexit-workspace\knexwriter\src\modules\Knexread\native-pdf-reader\knex-pdf-engine\text\TextCoordinateMapper.ts","133","outputScale","outputScale","     130:     x: rect.x / outputScale,
     131:     y: rect.y / outputScale,
     132:     width: rect.width / outputScale,
>>   133:     height: rect.height / outputScale,
     134:   };
     135: }
     136: "
"knexwriter\src\modules\Knexread\native-pdf-reader\knex-pdf-engine\text\TextCoordinateMapper.ts","C:\knexit-workspace\knexit-workspace\knexwriter\src\modules\Knexread\native-pdf-reader\knex-pdf-engine\text\TextCoordinateMapper.ts","298","outputScale","outputScale","     295:   const pageWidth = positiveLength(input.pageWidth, 1);
     296:   const pageHeight = positiveLength(input.pageHeight, 1);
     297:   const renderScale = positiveScale(input.renderScale, 1);
>>   298:   const outputScale = positiveScale(input.outputScale, 1);
     299: 
     300:   return {
     301:     pageWidth,"
"knexwriter\src\modules\Knexread\native-pdf-reader\knex-pdf-engine\text\TextCoordinateMapper.ts","C:\knexit-workspace\knexit-workspace\knexwriter\src\modules\Knexread\native-pdf-reader\knex-pdf-engine\text\TextCoordinateMapper.ts","298","outputScale","outputScale","     295:   const pageWidth = positiveLength(input.pageWidth, 1);
     296:   const pageHeight = positiveLength(input.pageHeight, 1);
     297:   const renderScale = positiveScale(input.renderScale, 1);
>>   298:   const outputScale = positiveScale(input.outputScale, 1);
     299: 
     300:   return {
     301:     pageWidth,"
"knexwriter\src\modules\Knexread\native-pdf-reader\knex-pdf-engine\text\TextCoordinateMapper.ts","C:\knexit-workspace\knexit-workspace\knexwriter\src\modules\Knexread\native-pdf-reader\knex-pdf-engine\text\TextCoordinateMapper.ts","304","outputScale","outputScale","     301:     pageWidth,
     302:     pageHeight,
     303:     renderScale,
>>   304:     outputScale,
     305: 
     306:     fromBitmapPoint(point: KnexPdfPoint): KnexPdfPoint {
     307:       return mapPointFromBitmapToPageCss({"
"knexwriter\src\modules\Knexread\native-pdf-reader\knex-pdf-engine\text\TextCoordinateMapper.ts","C:\knexit-workspace\knexit-workspace\knexwriter\src\modules\Knexread\native-pdf-reader\knex-pdf-engine\text\TextCoordinateMapper.ts","309","outputScale","outputScale","     306:     fromBitmapPoint(point: KnexPdfPoint): KnexPdfPoint {
     307:       return mapPointFromBitmapToPageCss({
     308:         point,
>>   309:         outputScale,
     310:       });
     311:     },
     312: "
"knexwriter\src\modules\Knexread\native-pdf-reader\knex-pdf-engine\text\TextCoordinateMapper.ts","C:\knexit-workspace\knexit-workspace\knexwriter\src\modules\Knexread\native-pdf-reader\knex-pdf-engine\text\TextCoordinateMapper.ts","316","outputScale","outputScale","     313:     fromBitmapRect(rect: KnexPdfRect): KnexPdfRect {
     314:       return mapRectFromBitmapToPageCss({
     315:         rect,
>>   316:         outputScale,
     317:       });
     318:     },
     319: "
"knexwriter\src\modules\Knexread\native-pdf-reader\knex-pdf-engine\tiles\index.ts","C:\knexit-workspace\knexit-workspace\knexwriter\src\modules\Knexread\native-pdf-reader\knex-pdf-engine\tiles\index.ts","3","fallback","Fallback","       1: export type {
       2:   KnexPdfResolvedTileRenderMode,
>>     3:   KnexPdfServerTileFallbackReason,
       4:   KnexPdfTileGeometry,
       5:   KnexPdfTileIdentity,
       6:   KnexPdfTileRect,"
"knexwriter\src\modules\Knexread\native-pdf-reader\knex-pdf-engine\tiles\PdfTileGeometry.ts","C:\knexit-workspace\knexit-workspace\knexwriter\src\modules\Knexread\native-pdf-reader\knex-pdf-engine\tiles\PdfTileGeometry.ts","25","tileRows","tileRows","      22:   geometry: KnexPdfPageGeometry;
      23:   tiles: KnexPdfPageTile[];
      24:   tileCssSize: number;
>>    25:   tileRows?: number;
      26:   tileColumns?: number;
      27:   overlapPx: number;
      28:   renderPhase: KnexPdfRenderPhase;"
"knexwriter\src\modules\Knexread\native-pdf-reader\knex-pdf-engine\tiles\PdfTileGeometry.ts","C:\knexit-workspace\knexit-workspace\knexwriter\src\modules\Knexread\native-pdf-reader\knex-pdf-engine\tiles\PdfTileGeometry.ts","26","tileColumns","tileColumns","      23:   tiles: KnexPdfPageTile[];
      24:   tileCssSize: number;
      25:   tileRows?: number;
>>    26:   tileColumns?: number;
      27:   overlapPx: number;
      28:   renderPhase: KnexPdfRenderPhase;
      29:   renderVersion: number;"
"knexwriter\src\modules\Knexread\native-pdf-reader\knex-pdf-engine\tiles\PdfTileGeometry.ts","C:\knexit-workspace\knexit-workspace\knexwriter\src\modules\Knexread\native-pdf-reader\knex-pdf-engine\tiles\PdfTileGeometry.ts","29","renderVersion","renderVersion","      26:   tileColumns?: number;
      27:   overlapPx: number;
      28:   renderPhase: KnexPdfRenderPhase;
>>    29:   renderVersion: number;
      30:   finalRenderVersion: number;
      31:   dpi?: number;
      32: }): KnexPdfTileGeometry {"
"knexwriter\src\modules\Knexread\native-pdf-reader\knex-pdf-engine\tiles\PdfTileGeometry.ts","C:\knexit-workspace\knexit-workspace\knexwriter\src\modules\Knexread\native-pdf-reader\knex-pdf-engine\tiles\PdfTileGeometry.ts","30","renderVersion","RenderVersion","      27:   overlapPx: number;
      28:   renderPhase: KnexPdfRenderPhase;
      29:   renderVersion: number;
>>    30:   finalRenderVersion: number;
      31:   dpi?: number;
      32: }): KnexPdfTileGeometry {
      33:   return {"
"knexwriter\src\modules\Knexread\native-pdf-reader\knex-pdf-engine\tiles\PdfTileGeometry.ts","C:\knexit-workspace\knexit-workspace\knexwriter\src\modules\Knexread\native-pdf-reader\knex-pdf-engine\tiles\PdfTileGeometry.ts","42","outputScale","outputScale","      39:     pageCssHeight: input.geometry.cssHeight,
      40:     zoom: input.geometry.zoom,
      41:     rotation: input.geometry.rotation,
>>    42:     outputScale: input.geometry.outputScale,
      43:     dpi: input.dpi,
      44:     tileCssSize: input.tileCssSize,
      45:     tileRows:"
"knexwriter\src\modules\Knexread\native-pdf-reader\knex-pdf-engine\tiles\PdfTileGeometry.ts","C:\knexit-workspace\knexit-workspace\knexwriter\src\modules\Knexread\native-pdf-reader\knex-pdf-engine\tiles\PdfTileGeometry.ts","42","outputScale","outputScale","      39:     pageCssHeight: input.geometry.cssHeight,
      40:     zoom: input.geometry.zoom,
      41:     rotation: input.geometry.rotation,
>>    42:     outputScale: input.geometry.outputScale,
      43:     dpi: input.dpi,
      44:     tileCssSize: input.tileCssSize,
      45:     tileRows:"
"knexwriter\src\modules\Knexread\native-pdf-reader\knex-pdf-engine\tiles\PdfTileGeometry.ts","C:\knexit-workspace\knexit-workspace\knexwriter\src\modules\Knexread\native-pdf-reader\knex-pdf-engine\tiles\PdfTileGeometry.ts","45","tileRows","tileRows","      42:     outputScale: input.geometry.outputScale,
      43:     dpi: input.dpi,
      44:     tileCssSize: input.tileCssSize,
>>    45:     tileRows:
      46:       input.tileRows ??
      47:       input.tiles.reduce((maxRow, tile) => Math.max(maxRow, tile.row), 0) + 1,
      48:     tileColumns:"
"knexwriter\src\modules\Knexread\native-pdf-reader\knex-pdf-engine\tiles\PdfTileGeometry.ts","C:\knexit-workspace\knexit-workspace\knexwriter\src\modules\Knexread\native-pdf-reader\knex-pdf-engine\tiles\PdfTileGeometry.ts","46","tileRows","tileRows","      43:     dpi: input.dpi,
      44:     tileCssSize: input.tileCssSize,
      45:     tileRows:
>>    46:       input.tileRows ??
      47:       input.tiles.reduce((maxRow, tile) => Math.max(maxRow, tile.row), 0) + 1,
      48:     tileColumns:
      49:       input.tileColumns ??"
"knexwriter\src\modules\Knexread\native-pdf-reader\knex-pdf-engine\tiles\PdfTileGeometry.ts","C:\knexit-workspace\knexit-workspace\knexwriter\src\modules\Knexread\native-pdf-reader\knex-pdf-engine\tiles\PdfTileGeometry.ts","48","tileColumns","tileColumns","      45:     tileRows:
      46:       input.tileRows ??
      47:       input.tiles.reduce((maxRow, tile) => Math.max(maxRow, tile.row), 0) + 1,
>>    48:     tileColumns:
      49:       input.tileColumns ??
      50:       input.tiles.reduce(
      51:         (maxColumn, tile) => Math.max(maxColumn, tile.column),"
"knexwriter\src\modules\Knexread\native-pdf-reader\knex-pdf-engine\tiles\PdfTileGeometry.ts","C:\knexit-workspace\knexit-workspace\knexwriter\src\modules\Knexread\native-pdf-reader\knex-pdf-engine\tiles\PdfTileGeometry.ts","49","tileColumns","tileColumns","      46:       input.tileRows ??
      47:       input.tiles.reduce((maxRow, tile) => Math.max(maxRow, tile.row), 0) + 1,
      48:     tileColumns:
>>    49:       input.tileColumns ??
      50:       input.tiles.reduce(
      51:         (maxColumn, tile) => Math.max(maxColumn, tile.column),
      52:         0,"
"knexwriter\src\modules\Knexread\native-pdf-reader\knex-pdf-engine\tiles\PdfTileGeometry.ts","C:\knexit-workspace\knexit-workspace\knexwriter\src\modules\Knexread\native-pdf-reader\knex-pdf-engine\tiles\PdfTileGeometry.ts","57","renderVersion","renderVersion","      54:         1,
      55:     overlapPx: input.overlapPx,
      56:     renderPhase: input.renderPhase,
>>    57:     renderVersion: input.renderVersion,
      58:     finalRenderVersion: input.finalRenderVersion,
      59:     tiles: input.tiles.map(toKnexPdfTileRect),
      60:   };"
"knexwriter\src\modules\Knexread\native-pdf-reader\knex-pdf-engine\tiles\PdfTileGeometry.ts","C:\knexit-workspace\knexit-workspace\knexwriter\src\modules\Knexread\native-pdf-reader\knex-pdf-engine\tiles\PdfTileGeometry.ts","57","renderVersion","renderVersion","      54:         1,
      55:     overlapPx: input.overlapPx,
      56:     renderPhase: input.renderPhase,
>>    57:     renderVersion: input.renderVersion,
      58:     finalRenderVersion: input.finalRenderVersion,
      59:     tiles: input.tiles.map(toKnexPdfTileRect),
      60:   };"
"knexwriter\src\modules\Knexread\native-pdf-reader\knex-pdf-engine\tiles\PdfTileGeometry.ts","C:\knexit-workspace\knexit-workspace\knexwriter\src\modules\Knexread\native-pdf-reader\knex-pdf-engine\tiles\PdfTileGeometry.ts","58","renderVersion","RenderVersion","      55:     overlapPx: input.overlapPx,
      56:     renderPhase: input.renderPhase,
      57:     renderVersion: input.renderVersion,
>>    58:     finalRenderVersion: input.finalRenderVersion,
      59:     tiles: input.tiles.map(toKnexPdfTileRect),
      60:   };
      61: }"
"knexwriter\src\modules\Knexread\native-pdf-reader\knex-pdf-engine\tiles\PdfTileGeometry.ts","C:\knexit-workspace\knexit-workspace\knexwriter\src\modules\Knexread\native-pdf-reader\knex-pdf-engine\tiles\PdfTileGeometry.ts","58","renderVersion","RenderVersion","      55:     overlapPx: input.overlapPx,
      56:     renderPhase: input.renderPhase,
      57:     renderVersion: input.renderVersion,
>>    58:     finalRenderVersion: input.finalRenderVersion,
      59:     tiles: input.tiles.map(toKnexPdfTileRect),
      60:   };
      61: }"
"knexwriter\src\modules\Knexread\native-pdf-reader\knex-pdf-engine\tiles\renderKnexPdfTileToCanvas.ts","C:\knexit-workspace\knexit-workspace\knexwriter\src\modules\Knexread\native-pdf-reader\knex-pdf-engine\tiles\renderKnexPdfTileToCanvas.ts","6","PdfJsTileRenderer","PdfJsTileRenderer","       3:   type KnexPdfRenderedTile,
       4:   type KnexPdfTileSessionLike,
       5:   type RenderKnexPdfTileToCanvasInput,
>>     6: } from ""../rendering/PdfJsTileRenderer"";
       7: "
"knexwriter\src\modules\Knexread\native-pdf-reader\knex-pdf-engine\tiles\tileCoordinateUtils.ts","C:\knexit-workspace\knexit-workspace\knexwriter\src\modules\Knexread\native-pdf-reader\knex-pdf-engine\tiles\tileCoordinateUtils.ts","6","fallback","fallback","       3:   KnexPdfTileRect,
       4: } from ""./TileRenderTypes"";
       5: 
>>     6: function safeNumber(value: number | null | undefined, fallback = 0): number {
       7:   return typeof value === ""number"" && Number.isFinite(value)
       8:     ? value
       9:     : fallback;"
"knexwriter\src\modules\Knexread\native-pdf-reader\knex-pdf-engine\tiles\tileCoordinateUtils.ts","C:\knexit-workspace\knexit-workspace\knexwriter\src\modules\Knexread\native-pdf-reader\knex-pdf-engine\tiles\tileCoordinateUtils.ts","9","fallback","fallback","       6: function safeNumber(value: number | null | undefined, fallback = 0): number {
       7:   return typeof value === ""number"" && Number.isFinite(value)
       8:     ? value
>>     9:     : fallback;
      10: }
      11: 
      12: function normalizeNumber(value: number, precision = 4): string {"
"knexwriter\src\modules\Knexread\native-pdf-reader\knex-pdf-engine\tiles\tileCoordinateUtils.ts","C:\knexit-workspace\knexit-workspace\knexwriter\src\modules\Knexread\native-pdf-reader\knex-pdf-engine\tiles\tileCoordinateUtils.ts","26","outputScale","outputScale","      23:   zoom: number;
      24:   row: number;
      25:   column: number;
>>    26:   outputScale: number;
      27: }): string {
      28:   return [
      29:     `p${Math.max(1, Math.trunc(safeNumber(input.pageNumber, 1)))}`,"
"knexwriter\src\modules\Knexread\native-pdf-reader\knex-pdf-engine\tiles\tileCoordinateUtils.ts","C:\knexit-workspace\knexit-workspace\knexwriter\src\modules\Knexread\native-pdf-reader\knex-pdf-engine\tiles\tileCoordinateUtils.ts","33","outputScale","outputScale","      30:     createKnexPdfZoomBucket(input.zoom),
      31:     `r${Math.max(0, Math.trunc(safeNumber(input.row, 0)))}`,
      32:     `c${Math.max(0, Math.trunc(safeNumber(input.column, 0)))}`,
>>    33:     `s${normalizeNumber(input.outputScale, 2)}`,
      34:   ].join(""_"");
      35: }
      36: "
"knexwriter\src\modules\Knexread\native-pdf-reader\knex-pdf-engine\tiles\tileCoordinateUtils.ts","C:\knexit-workspace\knexit-workspace\knexwriter\src\modules\Knexread\native-pdf-reader\knex-pdf-engine\tiles\tileCoordinateUtils.ts","50","outputScale","outputScale","      47:       identity.cssHeight,
      48:     )}`,
      49:     `z=${identity.zoomBucket}`,
>>    50:     `os=${normalizeNumber(identity.outputScale)}`,
      51:     `dpi=${identity.dpi ?? """"}`,
      52:     `phase=${identity.renderPhase}`,
      53:     `rv=${identity.renderVersion}`,"
"knexwriter\src\modules\Knexread\native-pdf-reader\knex-pdf-engine\tiles\tileCoordinateUtils.ts","C:\knexit-workspace\knexit-workspace\knexwriter\src\modules\Knexread\native-pdf-reader\knex-pdf-engine\tiles\tileCoordinateUtils.ts","53","renderVersion","renderVersion","      50:     `os=${normalizeNumber(identity.outputScale)}`,
      51:     `dpi=${identity.dpi ?? """"}`,
      52:     `phase=${identity.renderPhase}`,
>>    53:     `rv=${identity.renderVersion}`,
      54:     `fv=${identity.finalRenderVersion}`,
      55:     `be=${identity.backend}`,
      56:     `rot=${identity.rotation}`,"
"knexwriter\src\modules\Knexread\native-pdf-reader\knex-pdf-engine\tiles\tileCoordinateUtils.ts","C:\knexit-workspace\knexit-workspace\knexwriter\src\modules\Knexread\native-pdf-reader\knex-pdf-engine\tiles\tileCoordinateUtils.ts","54","renderVersion","RenderVersion","      51:     `dpi=${identity.dpi ?? """"}`,
      52:     `phase=${identity.renderPhase}`,
      53:     `rv=${identity.renderVersion}`,
>>    54:     `fv=${identity.finalRenderVersion}`,
      55:     `be=${identity.backend}`,
      56:     `rot=${identity.rotation}`,
      57:   ].join(""|"");"
"knexwriter\src\modules\Knexread\native-pdf-reader\knex-pdf-engine\tiles\tileRenderQualityPolicy.ts","C:\knexit-workspace\knexit-workspace\knexwriter\src\modules\Knexread\native-pdf-reader\knex-pdf-engine\tiles\tileRenderQualityPolicy.ts","4","outputScale","OutputScale","       1: import type { KnexPdfRenderPhase } from ""../rendering/RenderQualityController"";
       2: 
       3: export type KnexPdfTileQualityPolicy = {
>>     4:   localMaxOutputScale: number;
       5:   serverDpi: number;
       6: };
       7: "
"knexwriter\src\modules\Knexread\native-pdf-reader\knex-pdf-engine\tiles\tileRenderQualityPolicy.ts","C:\knexit-workspace\knexit-workspace\knexwriter\src\modules\Knexread\native-pdf-reader\knex-pdf-engine\tiles\tileRenderQualityPolicy.ts","14","outputScale","OutputScale","      11: }): KnexPdfTileQualityPolicy {
      12:   if (input.renderPhase === ""settled-final"") {
      13:     return {
>>    14:       localMaxOutputScale: input.ultra ? 4.5 : 4,
      15:       serverDpi: input.ultra ? 300 : 240,
      16:     };
      17:   }"
"knexwriter\src\modules\Knexread\native-pdf-reader\knex-pdf-engine\tiles\tileRenderQualityPolicy.ts","C:\knexit-workspace\knexit-workspace\knexwriter\src\modules\Knexread\native-pdf-reader\knex-pdf-engine\tiles\tileRenderQualityPolicy.ts","21","outputScale","OutputScale","      18: 
      19:   if (input.renderPhase === ""warmup-preview"") {
      20:     return {
>>    21:       localMaxOutputScale: 2.5,
      22:       serverDpi: 180,
      23:     };
      24:   }"
"knexwriter\src\modules\Knexread\native-pdf-reader\knex-pdf-engine\tiles\tileRenderQualityPolicy.ts","C:\knexit-workspace\knexit-workspace\knexwriter\src\modules\Knexread\native-pdf-reader\knex-pdf-engine\tiles\tileRenderQualityPolicy.ts","27","outputScale","OutputScale","      24:   }
      25: 
      26:   return {
>>    27:     localMaxOutputScale: 2,
      28:     serverDpi: 150,
      29:   };
      30: }"
"knexwriter\src\modules\Knexread\native-pdf-reader\knex-pdf-engine\tiles\TileRenderTypes.ts","C:\knexit-workspace\knexit-workspace\knexwriter\src\modules\Knexread\native-pdf-reader\knex-pdf-engine\tiles\TileRenderTypes.ts","38","outputScale","outputScale","      35:   pageCssHeight: number;
      36:   zoom: number;
      37:   rotation: number;
>>    38:   outputScale: number;
      39:   dpi?: number;
      40:   tileCssSize: number;
      41:   tileRows: number;"
"knexwriter\src\modules\Knexread\native-pdf-reader\knex-pdf-engine\tiles\TileRenderTypes.ts","C:\knexit-workspace\knexit-workspace\knexwriter\src\modules\Knexread\native-pdf-reader\knex-pdf-engine\tiles\TileRenderTypes.ts","41","tileRows","tileRows","      38:   outputScale: number;
      39:   dpi?: number;
      40:   tileCssSize: number;
>>    41:   tileRows: number;
      42:   tileColumns: number;
      43:   overlapPx: number;
      44:   renderPhase: KnexPdfRenderPhase;"
"knexwriter\src\modules\Knexread\native-pdf-reader\knex-pdf-engine\tiles\TileRenderTypes.ts","C:\knexit-workspace\knexit-workspace\knexwriter\src\modules\Knexread\native-pdf-reader\knex-pdf-engine\tiles\TileRenderTypes.ts","42","tileColumns","tileColumns","      39:   dpi?: number;
      40:   tileCssSize: number;
      41:   tileRows: number;
>>    42:   tileColumns: number;
      43:   overlapPx: number;
      44:   renderPhase: KnexPdfRenderPhase;
      45:   renderVersion: number;"
"knexwriter\src\modules\Knexread\native-pdf-reader\knex-pdf-engine\tiles\TileRenderTypes.ts","C:\knexit-workspace\knexit-workspace\knexwriter\src\modules\Knexread\native-pdf-reader\knex-pdf-engine\tiles\TileRenderTypes.ts","45","renderVersion","renderVersion","      42:   tileColumns: number;
      43:   overlapPx: number;
      44:   renderPhase: KnexPdfRenderPhase;
>>    45:   renderVersion: number;
      46:   finalRenderVersion: number;
      47:   tiles: KnexPdfTileRect[];
      48: };"
"knexwriter\src\modules\Knexread\native-pdf-reader\knex-pdf-engine\tiles\TileRenderTypes.ts","C:\knexit-workspace\knexit-workspace\knexwriter\src\modules\Knexread\native-pdf-reader\knex-pdf-engine\tiles\TileRenderTypes.ts","46","renderVersion","RenderVersion","      43:   overlapPx: number;
      44:   renderPhase: KnexPdfRenderPhase;
      45:   renderVersion: number;
>>    46:   finalRenderVersion: number;
      47:   tiles: KnexPdfTileRect[];
      48: };
      49: "
"knexwriter\src\modules\Knexread\native-pdf-reader\knex-pdf-engine\tiles\TileRenderTypes.ts","C:\knexit-workspace\knexit-workspace\knexwriter\src\modules\Knexread\native-pdf-reader\knex-pdf-engine\tiles\TileRenderTypes.ts","61","outputScale","outputScale","      58:   cssWidth: number;
      59:   cssHeight: number;
      60:   zoomBucket: string;
>>    61:   outputScale: number;
      62:   dpi?: number;
      63:   renderPhase: KnexPdfRenderPhase;
      64:   renderVersion: number;"
"knexwriter\src\modules\Knexread\native-pdf-reader\knex-pdf-engine\tiles\TileRenderTypes.ts","C:\knexit-workspace\knexit-workspace\knexwriter\src\modules\Knexread\native-pdf-reader\knex-pdf-engine\tiles\TileRenderTypes.ts","64","renderVersion","renderVersion","      61:   outputScale: number;
      62:   dpi?: number;
      63:   renderPhase: KnexPdfRenderPhase;
>>    64:   renderVersion: number;
      65:   finalRenderVersion: number;
      66:   backend: string;
      67:   rotation: number;"
"knexwriter\src\modules\Knexread\native-pdf-reader\knex-pdf-engine\tiles\TileRenderTypes.ts","C:\knexit-workspace\knexit-workspace\knexwriter\src\modules\Knexread\native-pdf-reader\knex-pdf-engine\tiles\TileRenderTypes.ts","65","renderVersion","RenderVersion","      62:   dpi?: number;
      63:   renderPhase: KnexPdfRenderPhase;
      64:   renderVersion: number;
>>    65:   finalRenderVersion: number;
      66:   backend: string;
      67:   rotation: number;
      68: };"
"knexwriter\src\modules\Knexread\native-pdf-reader\knex-pdf-engine\tiles\TileRenderTypes.ts","C:\knexit-workspace\knexit-workspace\knexwriter\src\modules\Knexread\native-pdf-reader\knex-pdf-engine\tiles\TileRenderTypes.ts","74","fallback","Fallback","      71:   | ""tiled-canvas""
      72:   | ""server-tiled"";
      73: 
>>    74: export type KnexPdfServerTileFallbackReason =
      75:   | ""server-disabled""
      76:   | ""server-timeout""
      77:   | ""server-error"""
"knexwriter\src\modules\Knexread\native-pdf-reader\knex-pdf-engine\viewport\HorizontalOverflowController.ts","C:\knexit-workspace\knexit-workspace\knexwriter\src\modules\Knexread\native-pdf-reader\knex-pdf-engine\viewport\HorizontalOverflowController.ts","155","fallback","fallback","     152: 
     153: export function safeNumber(
     154:   value: number | null | undefined,
>>   155:   fallback = 0,
     156: ): number {
     157:   return typeof value === ""number"" && Number.isFinite(value)
     158:     ? value"
"knexwriter\src\modules\Knexread\native-pdf-reader\knex-pdf-engine\viewport\HorizontalOverflowController.ts","C:\knexit-workspace\knexit-workspace\knexwriter\src\modules\Knexread\native-pdf-reader\knex-pdf-engine\viewport\HorizontalOverflowController.ts","159","fallback","fallback","     156: ): number {
     157:   return typeof value === ""number"" && Number.isFinite(value)
     158:     ? value
>>   159:     : fallback;
     160: }
     161: 
     162: export function roundToSubpixel(value: number): number {"
"knexwriter\src\modules\Knexread\native-pdf-reader\knex-pdf-engine\viewport\ScrollCoordinator.ts","C:\knexit-workspace\knexit-workspace\knexwriter\src\modules\Knexread\native-pdf-reader\knex-pdf-engine\viewport\ScrollCoordinator.ts","219","fallback","fallback","     216:  *
     217:  * IMPORTANTE:
     218:  * A função aceita number | null | undefined porque várias entradas de âncora
>>   219:  * são opcionais. Quando a âncora não vem informada, usamos fallback seguro,
     220:  * geralmente o centro do viewport.
     221:  */
     222: export function safeNumber("
"knexwriter\src\modules\Knexread\native-pdf-reader\knex-pdf-engine\viewport\ScrollCoordinator.ts","C:\knexit-workspace\knexit-workspace\knexwriter\src\modules\Knexread\native-pdf-reader\knex-pdf-engine\viewport\ScrollCoordinator.ts","224","fallback","fallback","     221:  */
     222: export function safeNumber(
     223:   value: number | null | undefined,
>>   224:   fallback = 0,
     225: ): number {
     226:   return typeof value === ""number"" && Number.isFinite(value)
     227:     ? value"
"knexwriter\src\modules\Knexread\native-pdf-reader\knex-pdf-engine\viewport\ScrollCoordinator.ts","C:\knexit-workspace\knexit-workspace\knexwriter\src\modules\Knexread\native-pdf-reader\knex-pdf-engine\viewport\ScrollCoordinator.ts","228","fallback","fallback","     225: ): number {
     226:   return typeof value === ""number"" && Number.isFinite(value)
     227:     ? value
>>   228:     : fallback;
     229: }
     230: 
     231: export function roundToSubpixel(value: number): number {"
"knexwriter\src\modules\Knexread\native-pdf-reader\knex-pdf-engine\viewport\ScrollCoordinator.ts","C:\knexit-workspace\knexit-workspace\knexwriter\src\modules\Knexread\native-pdf-reader\knex-pdf-engine\viewport\ScrollCoordinator.ts","518","fallback","Fallback","     515:    * Projeção principal:
     516:    * preserva o mesmo ponto geográfico do conteúdo após mudança de escala.
     517:    *
>>   518:    * Fallback:
     519:    * se algum valor vier inválido, usa normalizedX/Y.
     520:    */
     521:   const projectedX = safeNumber("
"knexwriter\src\modules\Knexread\native-pdf-reader\knex-pdf-engine\viewport\ZoomCenterAnchorController.ts","C:\knexit-workspace\knexit-workspace\knexwriter\src\modules\Knexread\native-pdf-reader\knex-pdf-engine\viewport\ZoomCenterAnchorController.ts","128","runtime.*=","RuntimeZoomCenterAnchor =","     125:   bottom: number;
     126: };
     127: 
>>   128: type RuntimeZoomCenterAnchor = KnexPdfZoomCenterAnchor & {
     129:   anchorKind?: KnexPdfZoomAnchorKind;
     130: 
     131:   /**"
"knexwriter\src\modules\Knexread\native-pdf-reader\knex-pdf-engine\viewport\ZoomCenterAnchorController.ts","C:\knexit-workspace\knexit-workspace\knexwriter\src\modules\Knexread\native-pdf-reader\knex-pdf-engine\viewport\ZoomCenterAnchorController.ts","169","fallback","fallback","     166:  */
     167: export function safeNumber(
     168:   value: number | null | undefined,
>>   169:   fallback = 0,
     170: ): number {
     171:   return typeof value === ""number"" && Number.isFinite(value)
     172:     ? value"
"knexwriter\src\modules\Knexread\native-pdf-reader\knex-pdf-engine\viewport\ZoomCenterAnchorController.ts","C:\knexit-workspace\knexit-workspace\knexwriter\src\modules\Knexread\native-pdf-reader\knex-pdf-engine\viewport\ZoomCenterAnchorController.ts","173","fallback","fallback","     170: ): number {
     171:   return typeof value === ""number"" && Number.isFinite(value)
     172:     ? value
>>   173:     : fallback;
     174: }
     175: 
     176: function isFiniteNumber(value: unknown): value is number {"
"knexwriter\src\modules\Knexread\native-pdf-reader\knex-pdf-engine\viewport\ZoomCenterAnchorController.ts","C:\knexit-workspace\knexit-workspace\knexwriter\src\modules\Knexread\native-pdf-reader\knex-pdf-engine\viewport\ZoomCenterAnchorController.ts","335","fallback","fallback","     332:   bounds: ContentBounds;
     333:   ratioX?: number;
     334:   ratioY?: number;
>>   335:   fallbackX: number;
     336:   fallbackY: number;
     337: }) {
     338:   if (!isFiniteNumber(input.ratioX) || !isFiniteNumber(input.ratioY)) {"
"knexwriter\src\modules\Knexread\native-pdf-reader\knex-pdf-engine\viewport\ZoomCenterAnchorController.ts","C:\knexit-workspace\knexit-workspace\knexwriter\src\modules\Knexread\native-pdf-reader\knex-pdf-engine\viewport\ZoomCenterAnchorController.ts","336","fallback","fallback","     333:   ratioX?: number;
     334:   ratioY?: number;
     335:   fallbackX: number;
>>   336:   fallbackY: number;
     337: }) {
     338:   if (!isFiniteNumber(input.ratioX) || !isFiniteNumber(input.ratioY)) {
     339:     return {"
"knexwriter\src\modules\Knexread\native-pdf-reader\knex-pdf-engine\viewport\ZoomCenterAnchorController.ts","C:\knexit-workspace\knexit-workspace\knexwriter\src\modules\Knexread\native-pdf-reader\knex-pdf-engine\viewport\ZoomCenterAnchorController.ts","340","fallback","fallback","     337: }) {
     338:   if (!isFiniteNumber(input.ratioX) || !isFiniteNumber(input.ratioY)) {
     339:     return {
>>   340:       x: safeNumber(input.fallbackX, input.bounds.left + input.bounds.width / 2),
     341:       y: safeNumber(input.fallbackY, input.bounds.top + input.bounds.height / 2),
     342:     };
     343:   }"
"knexwriter\src\modules\Knexread\native-pdf-reader\knex-pdf-engine\viewport\ZoomCenterAnchorController.ts","C:\knexit-workspace\knexit-workspace\knexwriter\src\modules\Knexread\native-pdf-reader\knex-pdf-engine\viewport\ZoomCenterAnchorController.ts","341","fallback","fallback","     338:   if (!isFiniteNumber(input.ratioX) || !isFiniteNumber(input.ratioY)) {
     339:     return {
     340:       x: safeNumber(input.fallbackX, input.bounds.left + input.bounds.width / 2),
>>   341:       y: safeNumber(input.fallbackY, input.bounds.top + input.bounds.height / 2),
     342:     };
     343:   }
     344: "
"knexwriter\src\modules\Knexread\native-pdf-reader\knex-pdf-engine\viewport\ZoomCenterAnchorController.ts","C:\knexit-workspace\knexit-workspace\knexwriter\src\modules\Knexread\native-pdf-reader\knex-pdf-engine\viewport\ZoomCenterAnchorController.ts","359","fallback","fallback","     356:   currentScrollTop?: number;
     357:   anchorClientX?: number;
     358:   anchorClientY?: number;
>>   359:   fallbackContentCenterX: number;
     360:   fallbackContentCenterY: number;
     361:   bounds: ContentBounds;
     362: }) {"
"knexwriter\src\modules\Knexread\native-pdf-reader\knex-pdf-engine\viewport\ZoomCenterAnchorController.ts","C:\knexit-workspace\knexit-workspace\knexwriter\src\modules\Knexread\native-pdf-reader\knex-pdf-engine\viewport\ZoomCenterAnchorController.ts","360","fallback","fallback","     357:   anchorClientX?: number;
     358:   anchorClientY?: number;
     359:   fallbackContentCenterX: number;
>>   360:   fallbackContentCenterY: number;
     361:   bounds: ContentBounds;
     362: }) {
     363:   if (input.anchorKind === ""content-center"") {"
"knexwriter\src\modules\Knexread\native-pdf-reader\knex-pdf-engine\viewport\ZoomCenterAnchorController.ts","C:\knexit-workspace\knexit-workspace\knexwriter\src\modules\Knexread\native-pdf-reader\knex-pdf-engine\viewport\ZoomCenterAnchorController.ts","367","fallback","fallback","     364:     return {
     365:       anchorViewportX: input.viewportWidth / 2,
     366:       anchorViewportY: input.viewportHeight / 2,
>>   367:       contentAnchorX: input.fallbackContentCenterX,
     368:       contentAnchorY: input.fallbackContentCenterY,
     369:     };
     370:   }"
"knexwriter\src\modules\Knexread\native-pdf-reader\knex-pdf-engine\viewport\ZoomCenterAnchorController.ts","C:\knexit-workspace\knexit-workspace\knexwriter\src\modules\Knexread\native-pdf-reader\knex-pdf-engine\viewport\ZoomCenterAnchorController.ts","368","fallback","fallback","     365:       anchorViewportX: input.viewportWidth / 2,
     366:       anchorViewportY: input.viewportHeight / 2,
     367:       contentAnchorX: input.fallbackContentCenterX,
>>   368:       contentAnchorY: input.fallbackContentCenterY,
     369:     };
     370:   }
     371: "
"knexwriter\src\modules\Knexread\native-pdf-reader\knex-pdf-engine\viewport\ZoomCenterAnchorController.ts","C:\knexit-workspace\knexit-workspace\knexwriter\src\modules\Knexread\native-pdf-reader\knex-pdf-engine\viewport\ZoomCenterAnchorController.ts","466","fallback","fallback","     463:       })
     464:     : undefined;
     465: 
>>   466:   const fallbackContentCenterX =
     467:     input.mode === ""sideBySide"" && typeof pagePairCenterX === ""number""
     468:       ? pagePairCenterX
     469:       : sourcePageCenterX;"
"knexwriter\src\modules\Knexread\native-pdf-reader\knex-pdf-engine\viewport\ZoomCenterAnchorController.ts","C:\knexit-workspace\knexit-workspace\knexwriter\src\modules\Knexread\native-pdf-reader\knex-pdf-engine\viewport\ZoomCenterAnchorController.ts","471","fallback","fallback","     468:       ? pagePairCenterX
     469:       : sourcePageCenterX;
     470: 
>>   471:   const fallbackContentCenterY = sourcePageCenterY;
     472: 
     473:   const anchorKind = resolveAnchorKind(input);
     474: "
"knexwriter\src\modules\Knexread\native-pdf-reader\knex-pdf-engine\viewport\ZoomCenterAnchorController.ts","C:\knexit-workspace\knexit-workspace\knexwriter\src\modules\Knexread\native-pdf-reader\knex-pdf-engine\viewport\ZoomCenterAnchorController.ts","493","fallback","fallback","     490:     currentScrollTop: input.currentScrollTop,
     491:     anchorClientX: input.anchorClientX,
     492:     anchorClientY: input.anchorClientY,
>>   493:     fallbackContentCenterX,
     494:     fallbackContentCenterY,
     495:     bounds,
     496:   });"
"knexwriter\src\modules\Knexread\native-pdf-reader\knex-pdf-engine\viewport\ZoomCenterAnchorController.ts","C:\knexit-workspace\knexit-workspace\knexwriter\src\modules\Knexread\native-pdf-reader\knex-pdf-engine\viewport\ZoomCenterAnchorController.ts","494","fallback","fallback","     491:     anchorClientX: input.anchorClientX,
     492:     anchorClientY: input.anchorClientY,
     493:     fallbackContentCenterX,
>>   494:     fallbackContentCenterY,
     495:     bounds,
     496:   });
     497: "
"knexwriter\src\modules\Knexread\native-pdf-reader\knex-pdf-engine\viewport\ZoomCenterAnchorController.ts","C:\knexit-workspace\knexit-workspace\knexwriter\src\modules\Knexread\native-pdf-reader\knex-pdf-engine\viewport\ZoomCenterAnchorController.ts","510","runtime.*=","RuntimeZoomCenterAnchor =","     507:     size: bounds.height,
     508:   });
     509: 
>>   510:   const anchor: RuntimeZoomCenterAnchor = {
     511:     viewportCenterX: viewportWidth / 2,
     512:     viewportCenterY: viewportHeight / 2,
     513: "
"knexwriter\src\modules\Knexread\native-pdf-reader\knex-pdf-engine\viewport\ZoomCenterAnchorController.ts","C:\knexit-workspace\knexit-workspace\knexwriter\src\modules\Knexread\native-pdf-reader\knex-pdf-engine\viewport\ZoomCenterAnchorController.ts","556","runtime.*=","runtimeAnchor =","     553:   anchorViewportX: number;
     554:   anchorViewportY: number;
     555: } {
>>   556:   const runtimeAnchor = input.anchor as RuntimeZoomCenterAnchor;
     557: 
     558:   const viewportWidth = Math.max(1, safeNumber(input.viewportWidth, 1));
     559:   const viewportHeight = Math.max(1, safeNumber(input.viewportHeight, 1));"
"knexwriter\src\modules\Knexread\native-pdf-reader\knex-pdf-engine\viewport\ZoomCenterAnchorController.ts","C:\knexit-workspace\knexit-workspace\knexwriter\src\modules\Knexread\native-pdf-reader\knex-pdf-engine\viewport\ZoomCenterAnchorController.ts","584","fallback","fallback","     581:       bounds: nextBounds,
     582:       ratioX: runtimeAnchor.contentAnchorRatioX,
     583:       ratioY: runtimeAnchor.contentAnchorRatioY,
>>   584:       fallbackX: runtimeAnchor.contentAnchorX ?? input.anchor.contentCenterX,
     585:       fallbackY: runtimeAnchor.contentAnchorY ?? input.anchor.contentCenterY,
     586:     });
     587: "
"knexwriter\src\modules\Knexread\native-pdf-reader\knex-pdf-engine\viewport\ZoomCenterAnchorController.ts","C:\knexit-workspace\knexit-workspace\knexwriter\src\modules\Knexread\native-pdf-reader\knex-pdf-engine\viewport\ZoomCenterAnchorController.ts","585","fallback","fallback","     582:       ratioX: runtimeAnchor.contentAnchorRatioX,
     583:       ratioY: runtimeAnchor.contentAnchorRatioY,
     584:       fallbackX: runtimeAnchor.contentAnchorX ?? input.anchor.contentCenterX,
>>   585:       fallbackY: runtimeAnchor.contentAnchorY ?? input.anchor.contentCenterY,
     586:     });
     587: 
     588:     return {"
"knexwriter\src\modules\Knexread\native-pdf-reader\knex-pdf-engine\viewport\ZoomCenterAnchorController.ts","C:\knexit-workspace\knexit-workspace\knexwriter\src\modules\Knexread\native-pdf-reader\knex-pdf-engine\viewport\ZoomCenterAnchorController.ts","679","runtime.*=","runtimeAnchor =","     676:   problems: string[];
     677: } {
     678:   const problems: string[] = [];
>>   679:   const runtimeAnchor = anchor as RuntimeZoomCenterAnchor;
     680: 
     681:   const fields: Array<keyof KnexPdfZoomCenterAnchor> = [
     682:     ""viewportCenterX"","
"knexwriter\src\modules\Knexread\native-pdf-reader\knex-pdf-engine\viewport\ZoomCenterAnchorController.ts","C:\knexit-workspace\knexit-workspace\knexwriter\src\modules\Knexread\native-pdf-reader\knex-pdf-engine\viewport\ZoomCenterAnchorController.ts","707","runtime.*=","runtimeAnchor.anchorKind !==","     704: 
     705:   if (
     706:     runtimeAnchor.anchorKind &&
>>   707:     runtimeAnchor.anchorKind !== ""content-center"" &&
     708:     runtimeAnchor.anchorKind !== ""viewport-center"" &&
     709:     runtimeAnchor.anchorKind !== ""pointer""
     710:   ) {"
"knexwriter\src\modules\Knexread\native-pdf-reader\knex-pdf-engine\viewport\ZoomCenterAnchorController.ts","C:\knexit-workspace\knexit-workspace\knexwriter\src\modules\Knexread\native-pdf-reader\knex-pdf-engine\viewport\ZoomCenterAnchorController.ts","708","runtime.*=","runtimeAnchor.anchorKind !==","     705:   if (
     706:     runtimeAnchor.anchorKind &&
     707:     runtimeAnchor.anchorKind !== ""content-center"" &&
>>   708:     runtimeAnchor.anchorKind !== ""viewport-center"" &&
     709:     runtimeAnchor.anchorKind !== ""pointer""
     710:   ) {
     711:     problems.push(""anchorKind is invalid"");"
"knexwriter\src\modules\Knexread\native-pdf-reader\knex-pdf-engine\viewport\ZoomCenterAnchorController.ts","C:\knexit-workspace\knexit-workspace\knexwriter\src\modules\Knexread\native-pdf-reader\knex-pdf-engine\viewport\ZoomCenterAnchorController.ts","709","runtime.*=","runtimeAnchor.anchorKind !==","     706:     runtimeAnchor.anchorKind &&
     707:     runtimeAnchor.anchorKind !== ""content-center"" &&
     708:     runtimeAnchor.anchorKind !== ""viewport-center"" &&
>>   709:     runtimeAnchor.anchorKind !== ""pointer""
     710:   ) {
     711:     problems.push(""anchorKind is invalid"");
     712:   }"
"knexwriter\src\modules\Knexread\native-pdf-reader\knex-pdf-engine\viewport\ZoomCenterAnchorController.ts","C:\knexit-workspace\knexit-workspace\knexwriter\src\modules\Knexread\native-pdf-reader\knex-pdf-engine\viewport\ZoomCenterAnchorController.ts","715","runtime.*=","runtimeAnchor.contentAnchorRatioX !==","     712:   }
     713: 
     714:   if (
>>   715:     runtimeAnchor.contentAnchorRatioX !== undefined &&
     716:     !Number.isFinite(runtimeAnchor.contentAnchorRatioX)
     717:   ) {
     718:     problems.push(""contentAnchorRatioX is not finite"");"
"knexwriter\src\modules\Knexread\native-pdf-reader\knex-pdf-engine\viewport\ZoomCenterAnchorController.ts","C:\knexit-workspace\knexit-workspace\knexwriter\src\modules\Knexread\native-pdf-reader\knex-pdf-engine\viewport\ZoomCenterAnchorController.ts","722","runtime.*=","runtimeAnchor.contentAnchorRatioY !==","     719:   }
     720: 
     721:   if (
>>   722:     runtimeAnchor.contentAnchorRatioY !== undefined &&
     723:     !Number.isFinite(runtimeAnchor.contentAnchorRatioY)
     724:   ) {
     725:     problems.push(""contentAnchorRatioY is not finite"");"
"knexwriter\src\modules\Knexread\native-pdf-reader\knex-pdf-engine\viewport\ZoomCenterAnchorController.ts","C:\knexit-workspace\knexit-workspace\knexwriter\src\modules\Knexread\native-pdf-reader\knex-pdf-engine\viewport\ZoomCenterAnchorController.ts","738","runtime.*=","runtimeAnchor =","     735:  * Função auxiliar para debug.
     736:  */
     737: export function describeZoomCenterAnchor(anchor: KnexPdfZoomCenterAnchor) {
>>   738:   const runtimeAnchor = anchor as RuntimeZoomCenterAnchor;
     739: 
     740:   return {
     741:     mode: anchor.mode,"
"knexwriter\src\modules\Knexread\native-pdf-reader\knex-pdf-engine\viewport\ZoomController.ts","C:\knexit-workspace\knexit-workspace\knexwriter\src\modules\Knexread\native-pdf-reader\knex-pdf-engine\viewport\ZoomController.ts","134","fallback","fallback","     131: 
     132: export type ParseZoomPercentInput = {
     133:   value: string | number | null | undefined;
>>   134:   fallbackZoom?: number;
     135: };
     136: 
     137: type WheelZoomFluidityProfile = {"
"knexwriter\src\modules\Knexread\native-pdf-reader\knex-pdf-engine\viewport\ZoomController.ts","C:\knexit-workspace\knexit-workspace\knexwriter\src\modules\Knexread\native-pdf-reader\knex-pdf-engine\viewport\ZoomController.ts","192","fallback","fallback","     189: 
     190: export function safeNumber(
     191:   value: number | null | undefined,
>>   192:   fallback = 0,
     193: ): number {
     194:   return typeof value === ""number"" && Number.isFinite(value)
     195:     ? value"
"knexwriter\src\modules\Knexread\native-pdf-reader\knex-pdf-engine\viewport\ZoomController.ts","C:\knexit-workspace\knexit-workspace\knexwriter\src\modules\Knexread\native-pdf-reader\knex-pdf-engine\viewport\ZoomController.ts","196","fallback","fallback","     193: ): number {
     194:   return typeof value === ""number"" && Number.isFinite(value)
     195:     ? value
>>   196:     : fallback;
     197: }
     198: 
     199: export function clampValue(value: number, min: number, max: number): number {"
"knexwriter\src\modules\Knexread\native-pdf-reader\knex-pdf-engine\viewport\ZoomController.ts","C:\knexit-workspace\knexit-workspace\knexwriter\src\modules\Knexread\native-pdf-reader\knex-pdf-engine\viewport\ZoomController.ts","637","fallback","fallback","     634: }
     635: 
     636: export function parseZoomPercentInput(input: ParseZoomPercentInput): number {
>>   637:   const fallbackZoom = clampKnexPdfZoom(input.fallbackZoom ?? 1);
     638: 
     639:   if (typeof input.value === ""number"") {
     640:     return percentToZoom(input.value);"
"knexwriter\src\modules\Knexread\native-pdf-reader\knex-pdf-engine\viewport\ZoomController.ts","C:\knexit-workspace\knexit-workspace\knexwriter\src\modules\Knexread\native-pdf-reader\knex-pdf-engine\viewport\ZoomController.ts","637","fallback","fallback","     634: }
     635: 
     636: export function parseZoomPercentInput(input: ParseZoomPercentInput): number {
>>   637:   const fallbackZoom = clampKnexPdfZoom(input.fallbackZoom ?? 1);
     638: 
     639:   if (typeof input.value === ""number"") {
     640:     return percentToZoom(input.value);"
"knexwriter\src\modules\Knexread\native-pdf-reader\knex-pdf-engine\viewport\ZoomController.ts","C:\knexit-workspace\knexit-workspace\knexwriter\src\modules\Knexread\native-pdf-reader\knex-pdf-engine\viewport\ZoomController.ts","644","fallback","fallback","     641:   }
     642: 
     643:   if (typeof input.value !== ""string"") {
>>   644:     return fallbackZoom;
     645:   }
     646: 
     647:   const normalized = input.value"
"knexwriter\src\modules\Knexread\native-pdf-reader\knex-pdf-engine\viewport\ZoomController.ts","C:\knexit-workspace\knexit-workspace\knexwriter\src\modules\Knexread\native-pdf-reader\knex-pdf-engine\viewport\ZoomController.ts","655","fallback","fallback","     652:   const parsed = Number.parseFloat(normalized);
     653: 
     654:   if (!Number.isFinite(parsed)) {
>>   655:     return fallbackZoom;
     656:   }
     657: 
     658:   return percentToZoom(parsed);"
"knexwriter\src\modules\Knexread\native-pdf-reader\knex-pdf-engine\viewport\ZoomController.ts","C:\knexit-workspace\knexit-workspace\knexwriter\src\modules\Knexread\native-pdf-reader\knex-pdf-engine\viewport\ZoomController.ts","750","fallback","fallback","     747:     return this.setZoom(
     748:       parseZoomPercentInput({
     749:         value,
>>   750:         fallbackZoom: this.state.zoom,
     751:       }),
     752:       ""manual-percent"",
     753:     );"
"knexwriter\src\modules\Knexread\native-pdf-reader\knex-pdf-engine\visualRenderMode.ts","C:\knexit-workspace\knexit-workspace\knexwriter\src\modules\Knexread\native-pdf-reader\knex-pdf-engine\visualRenderMode.ts","47","NEXT_PUBLIC","NEXT_PUBLIC","      44:   if (typeof process === ""undefined"") return null;
      45: 
      46:   return normalizeKnexPdfVisualRenderMode(
>>    47:     process.env.NEXT_PUBLIC_KNEX_PDF_VISUAL_RENDER_MODE,
      48:   );
      49: }
      50: "
"knexwriter\src\modules\Knexread\native-pdf-reader\knex-pdf-engine\workers\WorkerMessageTypes.ts","C:\knexit-workspace\knexit-workspace\knexwriter\src\modules\Knexread\native-pdf-reader\knex-pdf-engine\workers\WorkerMessageTypes.ts","2","renderVersion","renderVersion","       1: export type PdfRenderWorkerRequest =
>>     2:   | { type: ""render-page""; pageNumber: number; renderVersion: number }
       3:   | { type: ""cancel-render""; renderVersion: number };
       4: 
       5: export type PdfRenderWorkerResponse ="
"knexwriter\src\modules\Knexread\native-pdf-reader\knex-pdf-engine\workers\WorkerMessageTypes.ts","C:\knexit-workspace\knexit-workspace\knexwriter\src\modules\Knexread\native-pdf-reader\knex-pdf-engine\workers\WorkerMessageTypes.ts","3","renderVersion","renderVersion","       1: export type PdfRenderWorkerRequest =
       2:   | { type: ""render-page""; pageNumber: number; renderVersion: number }
>>     3:   | { type: ""cancel-render""; renderVersion: number };
       4: 
       5: export type PdfRenderWorkerResponse =
       6:   | { type: ""render-complete""; pageNumber: number; renderVersion: number }"
"knexwriter\src\modules\Knexread\native-pdf-reader\knex-pdf-engine\workers\WorkerMessageTypes.ts","C:\knexit-workspace\knexit-workspace\knexwriter\src\modules\Knexread\native-pdf-reader\knex-pdf-engine\workers\WorkerMessageTypes.ts","6","renderVersion","renderVersion","       3:   | { type: ""cancel-render""; renderVersion: number };
       4: 
       5: export type PdfRenderWorkerResponse =
>>     6:   | { type: ""render-complete""; pageNumber: number; renderVersion: number }
       7:   | { type: ""render-error""; pageNumber: number; renderVersion: number; message: string };
       8: "
"knexwriter\src\modules\Knexread\native-pdf-reader\knex-pdf-engine\workers\WorkerMessageTypes.ts","C:\knexit-workspace\knexit-workspace\knexwriter\src\modules\Knexread\native-pdf-reader\knex-pdf-engine\workers\WorkerMessageTypes.ts","7","renderVersion","renderVersion","       4: 
       5: export type PdfRenderWorkerResponse =
       6:   | { type: ""render-complete""; pageNumber: number; renderVersion: number }
>>     7:   | { type: ""render-error""; pageNumber: number; renderVersion: number; message: string };
       8: "
"knexwriter\src\modules\Knexread\native-pdf-reader\services\pdfLoader.service.ts","C:\knexit-workspace\knexit-workspace\knexwriter\src\modules\Knexread\native-pdf-reader\services\pdfLoader.service.ts","6","getViewport","getViewport","       3: type PdfLoadingTask = { promise: Promise<any> };
       4: 
       5: type PdfPageProxy = {
>>     6:   getViewport: (params: { scale: number }) => {
       7:     width: number;
       8:     height: number;
       9:     transform: number[];"
"knexwriter\src\modules\Knexread\native-pdf-reader\services\pdfLoader.service.ts","C:\knexit-workspace\knexit-workspace\knexwriter\src\modules\Knexread\native-pdf-reader\services\pdfLoader.service.ts","121","runtime.*=","runtime =","     118: 
     119:   if (!candidate || typeof candidate !== ""object"") return null;
     120: 
>>   121:   const runtime = candidate as Partial<PdfJsModule>;
     122: 
     123:   return typeof runtime.getDocument === ""function""
     124:     ? (runtime as PdfJsModule)"
"knexwriter\src\modules\Knexread\native-pdf-reader\services\pdfLoader.service.ts","C:\knexit-workspace\knexit-workspace\knexwriter\src\modules\Knexread\native-pdf-reader\services\pdfLoader.service.ts","123","runtime.*=","runtime.getDocument ===","     120: 
     121:   const runtime = candidate as Partial<PdfJsModule>;
     122: 
>>   123:   return typeof runtime.getDocument === ""function""
     124:     ? (runtime as PdfJsModule)
     125:     : null;
     126: }"
"knexwriter\src\modules\Knexread\native-pdf-reader\services\pdfLoader.service.ts","C:\knexit-workspace\knexit-workspace\knexwriter\src\modules\Knexread\native-pdf-reader\services\pdfLoader.service.ts","143","runtime.*=","Runtime =","     140:   if (module.GlobalWorkerOptions.workerSrc) return;
     141: 
     142:   const version = getPdfJsVersion(module);
>>   143:   const isLegacyRuntime = isLegacyPdfJsRuntime(module);
     144: 
     145:   module.GlobalWorkerOptions.workerSrc = isLegacyRuntime
     146:     ? `https://cdnjs.cloudflare.com/ajax/libs/pdf.js/${version}/pdf.worker.min.js`"
"knexwriter\src\modules\Knexread\native-pdf-reader\services\pdfLoader.service.ts","C:\knexit-workspace\knexit-workspace\knexwriter\src\modules\Knexread\native-pdf-reader\services\pdfLoader.service.ts","230","fallback","fallback","     227: function clonePdfBytes(buffer: ArrayBuffer): Uint8Array {
     228:   /**
     229:    * Importante:
>>   230:    * PDF.js pode transferir o ArrayBuffer para o worker. Em caso de fallback,
     231:    * reutilizar o mesmo buffer pode falhar se ele tiver sido detached.
     232:    * Por isso, cada tentativa recebe uma cópia própria.
     233:    */"
"knexwriter\src\modules\Knexread\native-pdf-reader\services\pdfLoader.service.ts","C:\knexit-workspace\knexit-workspace\knexwriter\src\modules\Knexread\native-pdf-reader\services\pdfLoader.service.ts","310","runtime.*=","runtime =","     307:       for (const load of candidates) {
     308:         try {
     309:           const loaded = await load();
>>   310:           const runtime = pickPdfModule(loaded);
     311: 
     312:           if (runtime) {
     313:             configurePdfWorker(runtime);"
"knexwriter\src\modules\Knexread\native-pdf-reader\services\pdfLoader.service.ts","C:\knexit-workspace\knexit-workspace\knexwriter\src\modules\Knexread\native-pdf-reader\services\pdfLoader.service.ts","341","runtime.*=","runtime =","     338:       );
     339: 
     340:       if (loadedByCdn) {
>>   341:         const runtime = getPdfJsFromWindow();
     342: 
     343:         if (runtime) {
     344:           configurePdfWorker(runtime);"
"knexwriter\src\modules\Knexread\native-pdf-reader\services\pdfLoader.service.ts","C:\knexit-workspace\knexit-workspace\knexwriter\src\modules\Knexread\native-pdf-reader\services\pdfLoader.service.ts","391","fallback","fallback","     388:           disableWorker: true,
     389:         }),
     390:       ).promise;
>>   391:     } catch (fallbackError) {
     392:       const first =
     393:         firstError instanceof Error ? firstError.message : ""erro desconhecido"";
     394:       const fallback ="
"knexwriter\src\modules\Knexread\native-pdf-reader\services\pdfLoader.service.ts","C:\knexit-workspace\knexit-workspace\knexwriter\src\modules\Knexread\native-pdf-reader\services\pdfLoader.service.ts","394","fallback","fallback","     391:     } catch (fallbackError) {
     392:       const first =
     393:         firstError instanceof Error ? firstError.message : ""erro desconhecido"";
>>   394:       const fallback =
     395:         fallbackError instanceof Error
     396:           ? fallbackError.message
     397:           : ""erro desconhecido"";"
"knexwriter\src\modules\Knexread\native-pdf-reader\services\pdfLoader.service.ts","C:\knexit-workspace\knexit-workspace\knexwriter\src\modules\Knexread\native-pdf-reader\services\pdfLoader.service.ts","395","fallback","fallback","     392:       const first =
     393:         firstError instanceof Error ? firstError.message : ""erro desconhecido"";
     394:       const fallback =
>>   395:         fallbackError instanceof Error
     396:           ? fallbackError.message
     397:           : ""erro desconhecido"";
     398: "
"knexwriter\src\modules\Knexread\native-pdf-reader\services\pdfLoader.service.ts","C:\knexit-workspace\knexit-workspace\knexwriter\src\modules\Knexread\native-pdf-reader\services\pdfLoader.service.ts","396","fallback","fallback","     393:         firstError instanceof Error ? firstError.message : ""erro desconhecido"";
     394:       const fallback =
     395:         fallbackError instanceof Error
>>   396:           ? fallbackError.message
     397:           : ""erro desconhecido"";
     398: 
     399:       throw new Error(`Falha ao abrir PDF: ${first}. Fallback: ${fallback}`);"
"knexwriter\src\modules\Knexread\native-pdf-reader\services\pdfLoader.service.ts","C:\knexit-workspace\knexit-workspace\knexwriter\src\modules\Knexread\native-pdf-reader\services\pdfLoader.service.ts","399","fallback","Fallback","     396:           ? fallbackError.message
     397:           : ""erro desconhecido"";
     398: 
>>   399:       throw new Error(`Falha ao abrir PDF: ${first}. Fallback: ${fallback}`);
     400:     }
     401:   }
     402: "
"knexwriter\src\modules\Knexread\native-pdf-reader\services\pdfLoader.service.ts","C:\knexit-workspace\knexit-workspace\knexwriter\src\modules\Knexread\native-pdf-reader\services\pdfLoader.service.ts","399","fallback","fallback","     396:           ? fallbackError.message
     397:           : ""erro desconhecido"";
     398: 
>>   399:       throw new Error(`Falha ao abrir PDF: ${first}. Fallback: ${fallback}`);
     400:     }
     401:   }
     402: "
"knexwriter\src\modules\Knexread\native-pdf-reader\services\translation\translationProviderRouter.service.ts","C:\knexit-workspace\knexit-workspace\knexwriter\src\modules\Knexread\native-pdf-reader\services\translation\translationProviderRouter.service.ts","38","runtime.*=","runtimeProviders = input.providers.filter((provider) =","      35:   online: boolean;
      36:   preferredProviderId?: string;
      37: }) {
>>    38:   const runtimeProviders = input.providers.filter((provider) =>
      39:     provider.runtime.includes(input.runtime),
      40:   );
      41:   const localProviders = runtimeProviders.filter((provider) => provider.supportsOffline);"
"knexwriter\src\modules\Knexread\native-pdf-reader\services\translation\translationProviderRouter.service.ts","C:\knexit-workspace\knexit-workspace\knexwriter\src\modules\Knexread\native-pdf-reader\services\translation\translationProviderRouter.service.ts","41","runtime.*=","runtimeProviders.filter((provider) =","      38:   const runtimeProviders = input.providers.filter((provider) =>
      39:     provider.runtime.includes(input.runtime),
      40:   );
>>    41:   const localProviders = runtimeProviders.filter((provider) => provider.supportsOffline);
      42:   const onlineProviders = runtimeProviders.filter((provider) => !provider.supportsOffline);
      43: 
      44:   const byPreference = (providers: TranslationProvider[]) => {"
"knexwriter\src\modules\Knexread\native-pdf-reader\services\translation\translationProviderRouter.service.ts","C:\knexit-workspace\knexit-workspace\knexwriter\src\modules\Knexread\native-pdf-reader\services\translation\translationProviderRouter.service.ts","42","runtime.*=","runtimeProviders.filter((provider) =","      39:     provider.runtime.includes(input.runtime),
      40:   );
      41:   const localProviders = runtimeProviders.filter((provider) => provider.supportsOffline);
>>    42:   const onlineProviders = runtimeProviders.filter((provider) => !provider.supportsOffline);
      43: 
      44:   const byPreference = (providers: TranslationProvider[]) => {
      45:     if (!input.preferredProviderId) return providers;"
"knexwriter\src\modules\Knexread\native-pdf-reader\services\translation\translationProviderRouter.service.ts","C:\knexit-workspace\knexit-workspace\knexwriter\src\modules\Knexread\native-pdf-reader\services\translation\translationProviderRouter.service.ts","96","runtime.*=","runtime =","      93:     config?: RouterConfig,
      94:   ): Promise<TranslationOutput> {
      95:     const strategy = config?.strategy ?? ""local-first"";
>>    96:     const runtime = config?.runtime ?? resolveRuntime();
      97:     const providers = this.listProviders();
      98:     const ordered = buildPreferenceOrder({
      99:       strategy,"
"knexwriter\src\modules\Knexread\native-pdf-reader\types\PdfReaderState.ts","C:\knexit-workspace\knexit-workspace\knexwriter\src\modules\Knexread\native-pdf-reader\types\PdfReaderState.ts","21","runtime.*=","Runtime =","      18:   | ""toggle""
      19:   | ""focus-review"";
      20: 
>>    21: export type PdfTranslationRuntime = ""desktop"" | ""pwa"" | ""web"";
      22: 
      23: export type PdfTranslationStrategy =
      24:   | ""local-first"""
